case_id,repository,range_position,range_commit_count,sha,short_sha,is_malicious,answer_sha_aliases,subject,author_name,author_email,author_date,parent_shas,patch_id
rocketchat_yarn_implant,rocketchat_yarn_implant,1,1,4a15b9cefa6ceff60db73b6b6e72c8b1284aa2a9,4a15b9cefa6c,True,4a15b9cefa6ceff60db73b6b6e72c8b1284aa2a9,chore(deps): Upgrade Yarn and turbo (#38212),Tasso Evangelista,tasso.evangelista@rocket.chat,2026-01-16T12:01:13-03:00,68b04f35dbdc6e6984ade4ebc25651e91e4a7e5d,a17d5180cb271f9125e7a1f6232aa67763ca7976
rocketchat_yarn_implant2,rocketchat_yarn_implant2,1,1,fda6737e90e004abf104d793d2f3cb6cf54eb15c,fda6737e90e0,True,4a15b9cefa6ceff60db73b6b6e72c8b1284aa2a9,chore(deps): Upgrade Yarn and turbo (#38212),Tasso Evangelista,tasso.evangelista@rocket.chat,2026-01-16T12:01:13-03:00,68b04f35dbdc6e6984ade4ebc25651e91e4a7e5d,8b2c510b0a706afc0d6877f0adc7172dcf578b9b
daylight_savings_dos,daylight-savings-dos,1,44,c145feaa677d19e6b7cbc57d85f831872efd295e,c145feaa677d,False,,fix: show disabled status when `Presence_broadcast_disabled` is enabled (#40051),Ricardo Garim,None,2026-04-13T08:17:47-03:00,9760d84629e966c53836ab4d0d2fa147f2829d64,062ba81c2b158e0d313f9d1977ab08d372e8696a
daylight_savings_dos,daylight-savings-dos,2,44,ead7ea88ca4cb3997f49502d57bc8192f064d2d1,ead7ea88ca4c,False,,fix: solve typo in apps engine endpoints (#40125),Julio Araujo,julio.araujo@rocket.chat,2026-04-13T17:14:45+02:00,c145feaa677d19e6b7cbc57d85f831872efd295e,f8ae66fab7e0bfc94cd73c46507a90f7689b569c
daylight_savings_dos,daylight-savings-dos,3,44,d0d5c8d6589779ad727856168761cf928e500a3a,d0d5c8d65897,False,,fix(webdav): correct misleading error message for duplicate account (#40181),Diego Sampaio,None,2026-04-13T13:15:00-03:00,ead7ea88ca4cb3997f49502d57bc8192f064d2d1,51493aa03c103573b3afc8d6c3c4ccefde5b1f4c
daylight_savings_dos,daylight-savings-dos,4,44,ea8f305ba74401f41face354a122c7b239dff961,ea8f305ba744,False,,fix(sidebar): tighten time prop type in Extended sidebar item (#40182),Diego Sampaio,None,2026-04-13T13:42:00-03:00,d0d5c8d6589779ad727856168761cf928e500a3a,af732c4c2387c084b6aab27e609d0ac3173596b7
daylight_savings_dos,daylight-savings-dos,5,44,128ad121cb05311c27d6d3c1435012a91fc25098,128ad121cb05,False,,"fix: ""Reply in direct message"" action not visible for users with create DM permission  (#40078)",Ricardo Garim,None,2026-04-13T12:21:14-03:00,ea8f305ba74401f41face354a122c7b239dff961,aad88c79d9e0a3911a133f9efb270aa86f06ee9a
daylight_savings_dos,daylight-savings-dos,6,44,144c327bdf9e0d24ca110fe6a41bd051dff49d1f,144c327bdf9e,False,,chore: Show ldap attribute sync settings on abac page (#40088),Kevin Aleman,None,2026-04-13T10:40:31-06:00,128ad121cb05311c27d6d3c1435012a91fc25098,bdfa8adfb1a9778d24802d67675aa74184195793
daylight_savings_dos,daylight-savings-dos,7,44,ab1ab782ba6a9f56d337a223ebc68ed614308630,ab1ab782ba6a,False,,fix(avatar): correct dataURI type in setAvatarFromService method declaration (#40183),Douglas Fabris,None,2026-04-13T15:30:00-03:00,144c327bdf9e0d24ca110fe6a41bd051dff49d1f,137f270c1c63543e121714c5748b37ce66a40db2
daylight_savings_dos,daylight-savings-dos,8,44,7f6654937162e247895b0781f233d12d962499d2,7f6654937162,False,,feat: new endpoint to get the current media state from the server (#40093),Pierre Lehnen,55164754+pierre-lehnen-rc@users.noreply.github.com,2026-04-13T16:58:40-03:00,ab1ab782ba6a9f56d337a223ebc68ed614308630,11e75e8f7fe1367c3dfe8b19d88f6f4a7d1caf14
daylight_savings_dos,daylight-savings-dos,9,44,c3268072adbbd7c037eb837355b4f700a3f40774,c3268072adbb,False,,chore: Add `autocomplete` attribute to 2FA input fields (#37014),Sarthak Kad,None,2026-04-14T05:12:18+05:30,7f6654937162e247895b0781f233d12d962499d2,93bf62027b2bc60e87ac44a33b7f5cddcc62be85
daylight_savings_dos,daylight-savings-dos,10,44,1d0575978627c720b0e0a7e88bd72edaef2e5a20,1d0575978627,False,,feat: LDAP Sync now endpoint to sync ABAC attributes (#40095),Kevin Aleman,None,2026-04-13T17:58:56-06:00,c3268072adbbd7c037eb837355b4f700a3f40774,01930a11738a93fcdd33e66b28ec4e13b9f96728
daylight_savings_dos,daylight-savings-dos,11,44,dfd4b30a763e739cc06d202f9453189fcb5c63f6,dfd4b30a763e,False,,chore(deps): bump axios from 1.13.5 to 1.15.0 in /.github/actions/update-version-durability (#40103),dependabot[bot],49699333+dependabot[bot]@users.noreply.github.com,2026-04-14T00:02:24-03:00,1d0575978627c720b0e0a7e88bd72edaef2e5a20,6e70db722e785e91911f604d2cb223c2207a5a8b
daylight_savings_dos,daylight-savings-dos,12,44,2799f7ac51bbdadc690dad37d8e677a5ef746cf7,2799f7ac51bb,False,,chore: Remove conflicting `env` option from `swc-loader` in storybook config (#40144),Douglas Fabris,None,2026-04-14T11:13:04-03:00,dfd4b30a763e739cc06d202f9453189fcb5c63f6,4abd46df5d848356d7ac80000c3a64107d2097a4
daylight_savings_dos,daylight-savings-dos,13,44,04f99ac219185ba3df939147d12dce9f251d32b4,04f99ac21918,True,04f99ac219185ba3df939147d12dce9f251d32b4,feat(statistics): add process clock drift and memory metrics to server stats (#40184),Diego Sampaio,None,2026-04-14T09:20:00-03:00,2799f7ac51bbdadc690dad37d8e677a5ef746cf7,f332226ce1d9ffa6ee92e4ffc5cd65d610bcce39
daylight_savings_dos,daylight-savings-dos,14,44,ca397161a1d5f0832ff63d7dc0e3a2c2dd1c798b,ca397161a1d5,False,,chore: Upgrade fuselage package (#40140),Júlia Jaeger Foresti,60678893+juliajforesti@users.noreply.github.com,2026-04-14T11:26:38-03:00,04f99ac219185ba3df939147d12dce9f251d32b4,23759294ddbba617fcb60f84ea51eb669c0766c8
daylight_savings_dos,daylight-savings-dos,15,44,9ea60eb0c8768850b83bb0582f3aac466dc32d76,9ea60eb0c876,False,,feat: Add alt description support for image uploads (#40075),Douglas Fabris,None,2026-04-14T12:34:34-03:00,ca397161a1d5f0832ff63d7dc0e3a2c2dd1c798b,069e3834885e38ce921092521c3c0afb0af49dbc
daylight_savings_dos,daylight-savings-dos,16,44,3b275d95b09237e2a3a2e0203913ae93f49c9121,3b275d95b092,False,,refactor(server): consolidate process metrics into unified health report (#40185),Douglas Fabris,None,2026-04-14T13:10:00-03:00,9ea60eb0c8768850b83bb0582f3aac466dc32d76,42fbca106bbe8a4faa8e9a8f913b1c124d449c1b
daylight_savings_dos,daylight-savings-dos,17,44,b2dd631755c516cb3290591076cb76bea3c8edd5,b2dd631755c5,False,,ci: improve JIRA Playwright reporter observability (#40145),Guilherme Gazzo,guilherme@gazzo.xyz,2026-04-14T13:55:59-03:00,3b275d95b09237e2a3a2e0203913ae93f49c9121,523bed344f02ee1fdda98da3f81faeaa479a0762
daylight_savings_dos,daylight-savings-dos,18,44,09ba5d9183c1635c0122ac966157419af35a676c,09ba5d9183c1,False,,chore(deps): bump setup-deno to v2 and caching-for-turbo to v2.3 (#40156),Guilherme Gazzo,guilherme@gazzo.xyz,2026-04-14T15:08:50-03:00,b2dd631755c516cb3290591076cb76bea3c8edd5,c71444e731074980c89d1eb3d0f25d6dec322ea8
daylight_savings_dos,daylight-savings-dos,19,44,4a2c063b81259f057d5611e317e6ed3c0389ab37,4a2c063b8125,False,,feat(diagnostics): add server stability score and diagnostics endpoint (#40186),Diego Sampaio,None,2026-04-14T16:05:00-03:00,09ba5d9183c1635c0122ac966157419af35a676c,99914bf833f755eacac9f9044bf66769da7f0e8b
daylight_savings_dos,daylight-savings-dos,20,44,ab5b2d0e448203e167961d80eb3651fd225da0f4,ab5b2d0e4482,False,,chore: add docs with known issues related to meteor modern stack (#40158),Pierre Lehnen,55164754+pierre-lehnen-rc@users.noreply.github.com,2026-04-14T17:54:38-03:00,4a2c063b81259f057d5611e317e6ed3c0389ab37,a743dde8f3d9c88715663f72f5f4553b31d82830
daylight_savings_dos,daylight-savings-dos,21,44,a7fc3c3e7c26fafb5a5fc58a216912e8a8c62fff,a7fc3c3e7c26,False,,chore(deps): bump follow-redirects from 1.15.11 to 1.16.0 in /.github/actions/update-version-durability (#40147),dependabot[bot],49699333+dependabot[bot]@users.noreply.github.com,2026-04-14T18:21:13-03:00,ab5b2d0e448203e167961d80eb3651fd225da0f4,2d924ba994e0e4fce7903c3b24137ed3cc0886d6
daylight_savings_dos,daylight-savings-dos,22,44,3d82590b733725de0287e88f576428e538c56a75,3d82590b7337,False,,refactor(retention): extract retention policy utilities (#40187),Douglas Fabris,None,2026-04-14T19:30:00-03:00,a7fc3c3e7c26fafb5a5fc58a216912e8a8c62fff,f9336158436302e7b5f86a863a70bf231dcab62c
daylight_savings_dos,daylight-savings-dos,23,44,ad36452ade7aca3f619f22eb618d809c0ac4fce4,ad36452ade7a,False,,"chore(deps): bump `vite`, `webpack`, `underscore`, `google-storage`, `storybook`, `tsx` (#39400)",Julio Araujo,julio.araujo@rocket.chat,2026-04-15T04:38:19+02:00,3d82590b733725de0287e88f576428e538c56a75,50da5f172822bc8b7a2c105643ed804fab24bbdc
daylight_savings_dos,daylight-savings-dos,24,44,ee5b6f8be58f5a6f4fd717cc705603a9e1bbf422,ee5b6f8be58f,False,,fix: visitorEmails and phone visitor fields being reordered alphabetically (#39905),Nazareno Bucciarelli,84046180+nazabucciarelli@users.noreply.github.com,2026-04-15T09:53:09-03:00,ad36452ade7aca3f619f22eb618d809c0ac4fce4,a093179d6b446cee323a56fcaf39767332b5b7ce
daylight_savings_dos,daylight-savings-dos,25,44,fa218c657720ecc325e3efc52c77a10c54964dc9,fa218c657720,False,,fix(rooms): use string error code in addAllUserToRoom permission checks (#40188),Diego Sampaio,None,2026-04-15T10:15:00-03:00,ee5b6f8be58f5a6f4fd717cc705603a9e1bbf422,792c1a9d29400730e056d4f803fdb357e26b7aeb
daylight_savings_dos,daylight-savings-dos,26,44,97d2919e24dd190e46f645671818864162c02a51,97d2919e24dd,False,,fix(i18n): use proper error code in loadLocale error handler (#40189),Diego Sampaio,None,2026-04-15T10:35:00-03:00,fa218c657720ecc325e3efc52c77a10c54964dc9,f31103e3f50f8b2adf268f8777d0fe767758e924
daylight_savings_dos,daylight-savings-dos,27,44,76f0c020d29c55405da5f3f48526260e28b00705,76f0c020d29c,False,,feat: email filtering in `users.info` and `users.list` endpoints (#39989),Nazareno Bucciarelli,84046180+nazabucciarelli@users.noreply.github.com,2026-04-15T11:55:11-03:00,97d2919e24dd190e46f645671818864162c02a51,088be2ce64b19f4c3032d7e165450825ae29fb95
daylight_savings_dos,daylight-savings-dos,28,44,ea754a8e200b61e8d6b002fc3ee8df24d6748e4f,ea754a8e200b,False,,fix(livechat): correct typo in visitor deletion error message (#40190),Douglas Fabris,None,2026-04-15T12:05:00-03:00,76f0c020d29c55405da5f3f48526260e28b00705,8224f105677814eba64345c88ddd8575c60e2310
daylight_savings_dos,daylight-savings-dos,29,44,bbc1914ad582bb743ac0096dc21ce0f1197cc4af,bbc1914ad582,False,,fix(autotranslate): correct typo in login required error message (#40191),Douglas Fabris,None,2026-04-15T12:18:00-03:00,ea754a8e200b61e8d6b002fc3ee8df24d6748e4f,b2dfd21dfe22bafaad5bae1f499de4808b267045
daylight_savings_dos,daylight-savings-dos,30,44,ae7e3a8b908a79ab2641467be234b9cb85f20ea8,ae7e3a8b908a,False,,feat: allow clients to accept calls before the session is established (#40141),Pierre Lehnen,55164754+pierre-lehnen-rc@users.noreply.github.com,2026-04-15T12:49:26-03:00,bbc1914ad582bb743ac0096dc21ce0f1197cc4af,af3c1effbef45096ec042b5fa15424eb87eb7724
daylight_savings_dos,daylight-savings-dos,31,44,5cc16b9ca9a2cbb0d1f16974ac590ab70b745669,5cc16b9ca9a2,False,,ci: add actionlint workflow (#40010),Matheus Cardoso,matheus@cardo.so,2026-04-15T13:21:39-03:00,ae7e3a8b908a79ab2641467be234b9cb85f20ea8,75c7d67ee89ceba66b7433fd670c62fd1b288447
daylight_savings_dos,daylight-savings-dos,32,44,347db86f2c9e563ac1c2289d3f3761323594d985,347db86f2c9e,False,,fix(threads): use human-readable message in follow/unfollow errors (#40192),Diego Sampaio,None,2026-04-15T13:45:00-03:00,5cc16b9ca9a2cbb0d1f16974ac590ab70b745669,3bac1d519dbe8415efe901d3e2a62ce35a47a5ce
daylight_savings_dos,daylight-savings-dos,33,44,048982d2ff5bf45f59e7e2fbc4a5a4a00bc0fd79,048982d2ff5b,False,,fix(saml): clean up error page copy and fix typo (#40193),Douglas Fabris,None,2026-04-15T14:02:00-03:00,347db86f2c9e563ac1c2289d3f3761323594d985,9c993979254d76753fe3bbe5e7345ebd9c782473
daylight_savings_dos,daylight-savings-dos,34,44,958530c91789a2618a83d1f03ea0ff827b94d50c,958530c91789,True,958530c91789a2618a83d1f03ea0ff827b94d50c,feat(retention): add retention consistency audit on clock drift (#40194),Diego Sampaio,None,2026-04-15T14:30:00-03:00,048982d2ff5bf45f59e7e2fbc4a5a4a00bc0fd79,963de2efb876ffa4b544328bc8b75a94c378ca27
daylight_savings_dos,daylight-savings-dos,35,44,d39c64cdf5a7efe17390d71375fda4120318210f,d39c64cdf5a7,False,,feat(a11y): Add anchor-based navigation with router-level scroll support (#36292),ergot-rp,erik.gothe@redpill-linpro.com,2026-04-15T19:43:50+02:00,958530c91789a2618a83d1f03ea0ff827b94d50c,874669e00857e3f38e9c3cc7f06bb5661fcaab71
daylight_savings_dos,daylight-savings-dos,36,44,877d493ace97fc1a7f54124d2ab42ccd210be5f0,877d493ace97,False,,fix(a11y): Navigation items missing aria props (#40157),Júlia Jaeger Foresti,60678893+juliajforesti@users.noreply.github.com,2026-04-15T15:04:51-03:00,d39c64cdf5a7efe17390d71375fda4120318210f,adc2077285f0d16b87e0f80513c87e58974eaf37
daylight_savings_dos,daylight-savings-dos,37,44,5873b318a6a65b84ec6ff4947cd5dbd227cf09b0,5873b318a6a6,False,,fix(rooms): correct error code in removeUserFromRoom access check (#40195),Douglas Fabris,None,2026-04-15T15:15:00-03:00,877d493ace97fc1a7f54124d2ab42ccd210be5f0,c7a93c4653912cbcf55df238783526c78122c078
daylight_savings_dos,daylight-savings-dos,38,44,2c661668ac7c470563bd45f680f001da8040cef0,2c661668ac7c,False,,fix(accounts): add error code to registerUser catch handler (#40196),Diego Sampaio,None,2026-04-15T15:25:00-03:00,5873b318a6a65b84ec6ff4947cd5dbd227cf09b0,53731ee2cfaf6354318688f0234f71f9f3589219
daylight_savings_dos,daylight-savings-dos,39,44,44549afcd4eb0476c5461ee0c177eff42c21b5ea,44549afcd4eb,False,,feat: add externalIds support for visitor identification (#39535),Ricardo Garim,None,2026-04-15T15:30:54-03:00,2c661668ac7c470563bd45f680f001da8040cef0,3bd23fe49a96fb8db30c0be8499dbf13a83a012b
daylight_savings_dos,daylight-savings-dos,40,44,bd3ed693e26da9885a946da6ad0fd769f776d002,bd3ed693e26d,False,,fix(dm): replace unsafe any cast in createDirectMessage error handler (#40197),Douglas Fabris,None,2026-04-15T16:40:00-03:00,44549afcd4eb0476c5461ee0c177eff42c21b5ea,78151eae34a0a19a84bc59534d17031d5a51b318
daylight_savings_dos,daylight-savings-dos,41,44,722e8160616c7dc7a4618f6e60c8ad64b261f36f,722e8160616c,False,,fix(accounts): correct method name in sendConfirmationEmail error details (#40198),Diego Sampaio,None,2026-04-15T17:00:00-03:00,bd3ed693e26da9885a946da6ad0fd769f776d002,36506ebc0c2bd5bc9b5769555c386b5c8a16f206
daylight_savings_dos,daylight-savings-dos,42,44,36461e24eed304847055e7907ef3748542d73ae1,36461e24eed3,False,,test: Jira reporter uses ADF for issue description (#40171),Guilherme Gazzo,guilherme@gazzo.xyz,2026-04-15T17:34:16-03:00,722e8160616c7dc7a4618f6e60c8ad64b261f36f,29fde917fec006c6ffd1640ddad20e959f0e65ed
daylight_savings_dos,daylight-savings-dos,43,44,9de5a109b0508fe7fad73af010a09a73121d229b,9de5a109b050,False,,feat(retention): add single-room retention audit endpoint for admins (#40199),Douglas Fabris,None,2026-04-26T14:51:12+03:00,36461e24eed304847055e7907ef3748542d73ae1,0ad545be6061421a53d983a1d3e0f912a89bf86d
daylight_savings_dos,daylight-savings-dos,44,44,9b55e668fab7d233c4fc1604e54575a606f7ef55,9b55e668fab7,False,,fix: custom sounds pagination action buttons when the amount exceeds the specified limit (#40113),Nazareno Bucciarelli,84046180+nazabucciarelli@users.noreply.github.com,2026-04-15T19:45:29-03:00,9de5a109b0508fe7fad73af010a09a73121d229b,0484879f59455955818dbca325b714dc24492674
rolling_deploy_delete_all,rolling-deploy-delete-all,1,12,3638740885a17687b7a37db03efb27c6e4e37278,3638740885a1,False,,fix: typo in retention policy test mock function name (#40201),Diego Sampaio,None,2026-04-16T17:40:37+03:00,f032e187ae08f3b68e579b41b394972e764439a1,65580227f2bc657a341fe3b88642681a27f68277
rolling_deploy_delete_all,rolling-deploy-delete-all,2,12,73563ad7ed423b39d917667b2f2dc03e6c5048b1,73563ad7ed42,False,,refactor(retention): rename misleading getMaxAgeSettingIdByRoomType function (#40202),Diego Sampaio,None,2026-04-16T17:40:50+03:00,3638740885a17687b7a37db03efb27c6e4e37278,bc7a96c8140bb6cc573a212116e993d15c9c3a9f
rolling_deploy_delete_all,rolling-deploy-delete-all,3,12,a01700c9d4f0c1c83002790cdb3c7d7a77277dce,a01700c9d4f0,False,,refactor(retention): rename toDays helper to daysToMs for clarity (#40203),Diego Sampaio,None,2026-04-16T17:40:59+03:00,73563ad7ed423b39d917667b2f2dc03e6c5048b1,30a3c8a99861609034d6ad09468af00eb95e4612
rolling_deploy_delete_all,rolling-deploy-delete-all,4,12,15b48ebf0c9cf07b41b38a032e701d2786efd5d3,15b48ebf0c9c,True,15b48ebf0c9cf07b41b38a032e701d2786efd5d3,fix(retention): unify TTL unit handling between global and per-room retention (#40204),Diego Sampaio,None,2026-04-16T17:41:09+03:00,a01700c9d4f0c1c83002790cdb3c7d7a77277dce,56d4b2d804d739343131bd76c91428fc95501a10
rolling_deploy_delete_all,rolling-deploy-delete-all,5,12,0392db545aa3e00d076ba55ea692f2a55332f6e5,0392db545aa3,False,,refactor(retention): extract milliseconds-per-day magic number to constant (#40205),Diego Sampaio,None,2026-04-16T17:41:16+03:00,15b48ebf0c9cf07b41b38a032e701d2786efd5d3,8e5dcb36c20bfd818600a7d328a6f9b2d4256eb5
rolling_deploy_delete_all,rolling-deploy-delete-all,6,12,b417d3d9b5194a8eeec2e17bb91d60138b59688a,b417d3d9b519,False,,chore(retention): remove deprecated MaxAge hidden settings (#40206),Diego Sampaio,None,2026-04-16T17:41:33+03:00,0392db545aa3e00d076ba55ea692f2a55332f6e5,66e363314ac8da73c2348c29c750821501c99eec
rolling_deploy_delete_all,rolling-deploy-delete-all,7,12,b935c026b716c93df06e4cc7fb6bbfb554e43f55,b935c026b716,False,,fix: remove unused ignoreThreads default from retention policy settings (#40207),Diego Sampaio,None,2026-04-16T17:41:43+03:00,b417d3d9b5194a8eeec2e17bb91d60138b59688a,3fffbd8e8861c4a2df172474637d42f867d922e9
rolling_deploy_delete_all,rolling-deploy-delete-all,8,12,ff71ea6381152bc52c69e2510002fc555fe0cff0,ff71ea638115,True,ff71ea6381152bc52c69e2510002fc555fe0cff0,refactor(retention): migrate TTL settings from timespan to days (#40208),Diego Sampaio,None,2026-04-16T17:42:20+03:00,b935c026b716c93df06e4cc7fb6bbfb554e43f55,d860bcfe39f2619e6a9b87ef2258054bcd2d0330
rolling_deploy_delete_all,rolling-deploy-delete-all,9,12,d0a0f92ba2def5cbbfcbb278e15260056129025e,d0a0f92ba2de,False,,test(retention): add unit tests for daysToMs helper (#40209),Diego Sampaio,None,2026-04-16T17:42:28+03:00,ff71ea6381152bc52c69e2510002fc555fe0cff0,a5706401c909585d93e150119f94548a5e1cd1d9
rolling_deploy_delete_all,rolling-deploy-delete-all,10,12,20e83796c947cc6f93ae354435927ac899052c8f,20e83796c947,False,,fix: update retention policy test mock defaults to match settings (#40210),Diego Sampaio,None,2026-04-16T17:42:38+03:00,d0a0f92ba2def5cbbfcbb278e15260056129025e,b1cf4907fc9ce07c5cc8fcf2d2b5b26c2f5c5d3b
rolling_deploy_delete_all,rolling-deploy-delete-all,11,12,0b136f8ab04bb88a4bc60fbe150e203f1c46c70f,0b136f8ab04b,True,0b136f8ab04bb88a4bc60fbe150e203f1c46c70f,fix(retention): reload cron when TTL values change without restart (#40211),Diego Sampaio,None,2026-04-16T17:42:46+03:00,20e83796c947cc6f93ae354435927ac899052c8f,23b3b2d23628f4c3d955c0383bc1e0211f559797
rolling_deploy_delete_all,rolling-deploy-delete-all,12,12,1104dc0a97f0f3bb2654e1cca3dec28e980e40e5,1104dc0a97f0,False,,chore(i18n): update retention policy TTL setting labels (#40212),Diego Sampaio,None,2026-04-16T17:43:01+03:00,0b136f8ab04bb88a4bc60fbe150e203f1c46c70f,15e335c27596e60386f2b909801c0f9577bc2138
dosik_database_attack,dosik-database-attack,1,96,bfd3f9bb4ee3338186214e07722b8dee27e85072,bfd3f9bb4ee3,True,bfd3f9bb4ee3338186214e07722b8dee27e85072,add depraected field to IRole type defenition (#40052),Guilherme Gazzo,guilherme@gazzo.xyz,2026-04-27T14:38:46+03:00,34a39d19c68799e2170fdabe3805e9892fce02e2,f28b55aa3baa7ecbf4f7197b496566d6b473fffd
dosik_database_attack,dosik-database-attack,2,96,dce31107c173e53c3c2fbb12431b3d39188e3d34,dce31107c173,False,,chore: migrate client-side code from moment to date-fns (#40076),Guilherme Gazzo,guilherme@gazzo.xyz,2026-04-09T17:11:14-03:00,bfd3f9bb4ee3338186214e07722b8dee27e85072,d96bdeff8e9c46ffc523b10ebb34c1c094a337dc
dosik_database_attack,dosik-database-attack,3,96,4cee517905b9756e6409d80899a9be3eb3bec464,4cee517905b9,False,,chore: update deno.lock and freeze install during build (#40038),Douglas Gubert,None,2026-04-09T17:16:19-03:00,dce31107c173e53c3c2fbb12431b3d39188e3d34,882318aca5323898d18fe93c5ebeb34790b07804
dosik_database_attack,dosik-database-attack,4,96,6fce2a573091dd564aa43d752b457bbdc71bc53c,6fce2a573091,False,,fix(a11y): Add inline error for UserAvatarEditor's URL input (#36656),ergot-rp,erik.gothe@redpill-linpro.com,2026-04-09T22:21:55+02:00,4cee517905b9756e6409d80899a9be3eb3bec464,395f506465aae082d3e1eae10596aff4a92fdab4
dosik_database_attack,dosik-database-attack,5,96,e7975a9761df4b6e921bb76f111e273e553177c7,e7975a9761df,False,,test: Enforce exact match for button locators in team modal (#40104),Douglas Fabris,None,2026-04-10T00:46:52-03:00,6fce2a573091dd564aa43d752b457bbdc71bc53c,9f368e16cefbbca8fe164c9629cc79659fe85178
dosik_database_attack,dosik-database-attack,6,96,e5b657a042ed789680f5570b20744a65e8f5331e,e5b657a042ed,False,,regression: fix multiple compounding keys in sequence (#40108),Guilherme Gazzo,guilherme@gazzo.xyz,2026-04-10T09:57:18-03:00,e7975a9761df4b6e921bb76f111e273e553177c7,f622b40abfd7aa6739f156c5338d64f6eec669c2
dosik_database_attack,dosik-database-attack,7,96,f9de8bfa94f2332d4c5910e1f49dfa97c7ce5663,f9de8bfa94f2,False,,"chore: slim barrel imports for react-aria, react-stately and zod (-799 KB) (#40109)",Guilherme Gazzo,guilherme@gazzo.xyz,2026-04-10T13:19:19-03:00,e5b657a042ed789680f5570b20744a65e8f5331e,5db4f3334fad334812a9135f20c082bff08c1bf4
dosik_database_attack,dosik-database-attack,8,96,a960fd0ea5768d4cd8896866bf5dcea5e09bdad6,a960fd0ea576,False,,chore: slim @react-aria/i18n barrel and replace lodash import (-110 KB) (#40110),Guilherme Gazzo,guilherme@gazzo.xyz,2026-04-10T15:09:09-03:00,f9de8bfa94f2332d4c5910e1f49dfa97c7ce5663,b886f2e8557990b3434842ee338bd76f1ad4bc16
dosik_database_attack,dosik-database-attack,9,96,cb28563185741cb1a880c47ca1279cba2c98e1cf,cb2856318574,False,,refactor: Remove unused `description` from attachments render (#40067),Douglas Fabris,None,2026-04-10T15:41:37-03:00,a960fd0ea5768d4cd8896866bf5dcea5e09bdad6,36b11721f5aebe5fe2ad8e150f718ab3ef41b1c1
dosik_database_attack,dosik-database-attack,10,96,ae1543aa5e451bc42d4a3f020825c08d048f57e6,ae1543aa5e45,False,,fix: show disabled status when `Presence_broadcast_disabled` is enabled (#40051),Ricardo Garim,None,2026-04-13T08:17:47-03:00,cb28563185741cb1a880c47ca1279cba2c98e1cf,062ba81c2b158e0d313f9d1977ab08d372e8696a
dosik_database_attack,dosik-database-attack,11,96,c81118361fa9c2b82a8d76d2f4e3b211236f92fa,c81118361fa9,False,,fix: solve typo in apps engine endpoints (#40125),Julio Araujo,julio.araujo@rocket.chat,2026-04-13T17:14:45+02:00,ae1543aa5e451bc42d4a3f020825c08d048f57e6,f8ae66fab7e0bfc94cd73c46507a90f7689b569c
dosik_database_attack,dosik-database-attack,12,96,1fc5519d73b0fcc4a99e6baeb316b93f65877e09,1fc5519d73b0,False,,"fix: ""Reply in direct message"" action not visible for users with create DM permission  (#40078)",Ricardo Garim,None,2026-04-13T12:21:14-03:00,c81118361fa9c2b82a8d76d2f4e3b211236f92fa,aad88c79d9e0a3911a133f9efb270aa86f06ee9a
dosik_database_attack,dosik-database-attack,13,96,05663d0cfd6e0c26dc1ce79476fc43f166e5c0a7,05663d0cfd6e,False,,chore: Show ldap attribute sync settings on abac page (#40088),Kevin Aleman,None,2026-04-13T10:40:31-06:00,1fc5519d73b0fcc4a99e6baeb316b93f65877e09,bdfa8adfb1a9778d24802d67675aa74184195793
dosik_database_attack,dosik-database-attack,14,96,45689bd5e706add7bcb743e6fc474a78d9ea32d8,45689bd5e706,False,,feat: new endpoint to get the current media state from the server (#40093),Pierre Lehnen,55164754+pierre-lehnen-rc@users.noreply.github.com,2026-04-13T16:58:40-03:00,05663d0cfd6e0c26dc1ce79476fc43f166e5c0a7,11e75e8f7fe1367c3dfe8b19d88f6f4a7d1caf14
dosik_database_attack,dosik-database-attack,15,96,5763860231ec9d437565a497608d2fcca77555e4,5763860231ec,False,,chore: Add `autocomplete` attribute to 2FA input fields (#37014),Sarthak Kad,None,2026-04-14T05:12:18+05:30,45689bd5e706add7bcb743e6fc474a78d9ea32d8,93bf62027b2bc60e87ac44a33b7f5cddcc62be85
dosik_database_attack,dosik-database-attack,16,96,cdd0273ad6a3cbbf83e973313d96e9888b210827,cdd0273ad6a3,False,,feat: LDAP Sync now endpoint to sync ABAC attributes (#40095),Kevin Aleman,None,2026-04-13T17:58:56-06:00,5763860231ec9d437565a497608d2fcca77555e4,01930a11738a93fcdd33e66b28ec4e13b9f96728
dosik_database_attack,dosik-database-attack,17,96,2e7af0b583e3d1b5bacb60f46082819ae44e0805,2e7af0b583e3,True,2e7af0b583e3d1b5bacb60f46082819ae44e0805,feat: introduce additional user permission groups (#40097),Julio Araujo,julio.araujo@rocket.chat,2026-04-27T14:41:42+03:00,cdd0273ad6a3cbbf83e973313d96e9888b210827,ce92812946575b9d8436fb476fe7c0367615601e
dosik_database_attack,dosik-database-attack,18,96,62203e4242eff1ffc4de4062863ba9fbc2d9ae17,62203e4242ef,False,,chore(deps): bump axios from 1.13.5 to 1.15.0 in /.github/actions/update-version-durability (#40103),dependabot[bot],49699333+dependabot[bot]@users.noreply.github.com,2026-04-14T00:02:24-03:00,2e7af0b583e3d1b5bacb60f46082819ae44e0805,6e70db722e785e91911f604d2cb223c2207a5a8b
dosik_database_attack,dosik-database-attack,19,96,09597b1fa1a74625419d71cb3138a5fecfa003ba,09597b1fa1a7,False,,chore: Remove conflicting `env` option from `swc-loader` in storybook config (#40144),Douglas Fabris,None,2026-04-14T11:13:04-03:00,62203e4242eff1ffc4de4062863ba9fbc2d9ae17,4abd46df5d848356d7ac80000c3a64107d2097a4
dosik_database_attack,dosik-database-attack,20,96,3c40c359c96a0787427d31ff2ab4aa6422d09b86,3c40c359c96a,False,,chore: Upgrade fuselage package (#40140),Júlia Jaeger Foresti,60678893+juliajforesti@users.noreply.github.com,2026-04-14T11:26:38-03:00,09597b1fa1a74625419d71cb3138a5fecfa003ba,23759294ddbba617fcb60f84ea51eb669c0766c8
dosik_database_attack,dosik-database-attack,21,96,dc66cd9d404802b47cf7d12a24c48c98e7c2f185,dc66cd9d4048,False,,feat: Add alt description support for image uploads (#40075),Douglas Fabris,None,2026-04-14T12:34:34-03:00,3c40c359c96a0787427d31ff2ab4aa6422d09b86,069e3834885e38ce921092521c3c0afb0af49dbc
dosik_database_attack,dosik-database-attack,22,96,eba1f6fa54bb4d7d16cfdc936888d0316962f5cb,eba1f6fa54bb,False,,ci: improve JIRA Playwright reporter observability (#40145),Guilherme Gazzo,guilherme@gazzo.xyz,2026-04-14T13:55:59-03:00,dc66cd9d404802b47cf7d12a24c48c98e7c2f185,523bed344f02ee1fdda98da3f81faeaa479a0762
dosik_database_attack,dosik-database-attack,23,96,4e9af96ae162394e4f807558b1d1d790d35d04d6,4e9af96ae162,False,,chore(deps): bump setup-deno to v2 and caching-for-turbo to v2.3 (#40156),Guilherme Gazzo,guilherme@gazzo.xyz,2026-04-14T15:08:50-03:00,eba1f6fa54bb4d7d16cfdc936888d0316962f5cb,c71444e731074980c89d1eb3d0f25d6dec322ea8
dosik_database_attack,dosik-database-attack,24,96,ab01a106468bfa60340bddf2a5990c0069d200f1,ab01a106468b,False,,chore: add docs with known issues related to meteor modern stack (#40158),Pierre Lehnen,55164754+pierre-lehnen-rc@users.noreply.github.com,2026-04-14T17:54:38-03:00,4e9af96ae162394e4f807558b1d1d790d35d04d6,a743dde8f3d9c88715663f72f5f4553b31d82830
dosik_database_attack,dosik-database-attack,25,96,cc73536c4a4189ee9d22619a812403139603e140,cc73536c4a41,False,,chore(deps): bump follow-redirects from 1.15.11 to 1.16.0 in /.github/actions/update-version-durability (#40147),dependabot[bot],49699333+dependabot[bot]@users.noreply.github.com,2026-04-14T18:21:13-03:00,ab01a106468bfa60340bddf2a5990c0069d200f1,2d924ba994e0e4fce7903c3b24137ed3cc0886d6
dosik_database_attack,dosik-database-attack,26,96,ed170e703230fee0612b2547a8bc3d46ed9c8151,ed170e703230,False,,"chore(deps): bump `vite`, `webpack`, `underscore`, `google-storage`, `storybook`, `tsx` (#39400)",Julio Araujo,julio.araujo@rocket.chat,2026-04-15T04:38:19+02:00,cc73536c4a4189ee9d22619a812403139603e140,50da5f172822bc8b7a2c105643ed804fab24bbdc
dosik_database_attack,dosik-database-attack,27,96,7073486c9734555bf4ea72c3d4bfae953e24fa89,7073486c9734,False,,fix: visitorEmails and phone visitor fields being reordered alphabetically (#39905),Nazareno Bucciarelli,84046180+nazabucciarelli@users.noreply.github.com,2026-04-15T09:53:09-03:00,ed170e703230fee0612b2547a8bc3d46ed9c8151,a093179d6b446cee323a56fcaf39767332b5b7ce
dosik_database_attack,dosik-database-attack,28,96,2523b87b74dcfdfefb2681337c60d6a1e88a967a,2523b87b74dc,False,,feat: email filtering in `users.info` and `users.list` endpoints (#39989),Nazareno Bucciarelli,84046180+nazabucciarelli@users.noreply.github.com,2026-04-15T11:55:11-03:00,7073486c9734555bf4ea72c3d4bfae953e24fa89,088be2ce64b19f4c3032d7e165450825ae29fb95
dosik_database_attack,dosik-database-attack,29,96,98045458bbe13964dad66f5cc80f2b6277ec64ed,98045458bbe1,False,,feat: allow clients to accept calls before the session is established (#40141),Pierre Lehnen,55164754+pierre-lehnen-rc@users.noreply.github.com,2026-04-15T12:49:26-03:00,2523b87b74dcfdfefb2681337c60d6a1e88a967a,af3c1effbef45096ec042b5fa15424eb87eb7724
dosik_database_attack,dosik-database-attack,30,96,b192028c1440e1bc4502ca196630b968db7d917f,b192028c1440,False,,ci: add actionlint workflow (#40010),Matheus Cardoso,matheus@cardo.so,2026-04-15T13:21:39-03:00,98045458bbe13964dad66f5cc80f2b6277ec64ed,75c7d67ee89ceba66b7433fd670c62fd1b288447
dosik_database_attack,dosik-database-attack,31,96,3fc9cde566e56a2fb129659fc6fa20b09d047beb,3fc9cde566e5,False,,feat(a11y): Add anchor-based navigation with router-level scroll support (#36292),ergot-rp,erik.gothe@redpill-linpro.com,2026-04-15T19:43:50+02:00,b192028c1440e1bc4502ca196630b968db7d917f,874669e00857e3f38e9c3cc7f06bb5661fcaab71
dosik_database_attack,dosik-database-attack,32,96,76730bbd83d9ce381c5a5ee540e05971ecf15e66,76730bbd83d9,False,,fix(a11y): Navigation items missing aria props (#40157),Júlia Jaeger Foresti,60678893+juliajforesti@users.noreply.github.com,2026-04-15T15:04:51-03:00,3fc9cde566e56a2fb129659fc6fa20b09d047beb,adc2077285f0d16b87e0f80513c87e58974eaf37
dosik_database_attack,dosik-database-attack,33,96,7be8e7741c0ce4069e88355fd6117b577f36a328,7be8e7741c0c,False,,feat: add externalIds support for visitor identification (#39535),Ricardo Garim,None,2026-04-15T15:30:54-03:00,76730bbd83d9ce381c5a5ee540e05971ecf15e66,3bd23fe49a96fb8db30c0be8499dbf13a83a012b
dosik_database_attack,dosik-database-attack,34,96,de4232385d320bb16f0ceb1fe444c02f7efe3470,de4232385d32,False,,test: Jira reporter uses ADF for issue description (#40171),Guilherme Gazzo,guilherme@gazzo.xyz,2026-04-15T17:34:16-03:00,7be8e7741c0ce4069e88355fd6117b577f36a328,29fde917fec006c6ffd1640ddad20e959f0e65ed
dosik_database_attack,dosik-database-attack,35,96,0f2c3db2ee5d923d5434ad33b59c60817abd450b,0f2c3db2ee5d,True,0f2c3db2ee5d923d5434ad33b59c60817abd450b,feat: add entity conversion endpoint with strict mapping (#40173),Kevin Aleman,None,2026-04-27T14:42:29+03:00,de4232385d320bb16f0ceb1fe444c02f7efe3470,ca87093991ccb45f7fdaa5413bac41917a198692
dosik_database_attack,dosik-database-attack,36,96,02c6d8d03181da719ed0109a5aab3c6f3f7cb7a0,02c6d8d03181,False,,fix: custom sounds pagination action buttons when the amount exceeds the specified limit (#40113),Nazareno Bucciarelli,84046180+nazabucciarelli@users.noreply.github.com,2026-04-15T19:45:29-03:00,0f2c3db2ee5d923d5434ad33b59c60817abd450b,0484879f59455955818dbca325b714dc24492674
dosik_database_attack,dosik-database-attack,37,96,137590dda9fac28a594efa0ce3fea91dca7188d6,137590dda9fa,False,,feat: External PDP (#39845),Kevin Aleman,None,2026-04-16T07:31:28-06:00,02c6d8d03181da719ed0109a5aab3c6f3f7cb7a0,6dcbbeaa2196e7fe85b1c9af8e5a0d4e5e1e71fd
dosik_database_attack,dosik-database-attack,38,96,b95649cff188739c7b5f39ecc7c8cfefff170d1e,b95649cff188,False,,fix(ux): Wrong colors on attachment drag and drop surfaces (#39890),Júlia Jaeger Foresti,60678893+juliajforesti@users.noreply.github.com,2026-04-16T10:48:21-03:00,137590dda9fac28a594efa0ce3fea91dca7188d6,f5b562f7327a96f071d87b877e3a200c6e27e766
dosik_database_attack,dosik-database-attack,39,96,4d16266d5b4812c4449480f1c140b321d406afde,4d16266d5b48,False,,refactor: Remove any usage and enforce strict typing in AdminUserInfoActions (#39041),srijna,None,2026-04-16T19:43:57+05:30,b95649cff188739c7b5f39ecc7c8cfefff170d1e,320b2ab553ea32923a78455826e3d09483b8862d
dosik_database_attack,dosik-database-attack,40,96,4aa4cca262e918b8b47b1e45a5768e0fa8f30655,4aa4cca262e9,False,,fix(a11y): remove `strong` tags from thread title (#40170),Júlia Jaeger Foresti,60678893+juliajforesti@users.noreply.github.com,2026-04-16T11:25:42-03:00,4d16266d5b4812c4449480f1c140b321d406afde,b00d30a6f04421c98fabbfc78c15a7ff334f0f32
dosik_database_attack,dosik-database-attack,41,96,f221caf325ac617732e0f1695aa3a7811c102c57,f221caf325ac,False,,"chore: slim Rocket.Chat Docker image (~260 MB, -14.7%) (#40128)",Guilherme Gazzo,guilherme@gazzo.xyz,2026-04-16T16:08:30-03:00,4aa4cca262e918b8b47b1e45a5768e0fa8f30655,895f71b388724f20d547d54ecdd2b9d9b6bce513
dosik_database_attack,dosik-database-attack,42,96,7d729a0396f0e6adcb1817270453f84742ee2aba,7d729a0396f0,False,,fix: use i18n key for RoleForm description hint text  (#40177),Naetik soni,None,2026-04-17T01:32:55+05:30,f221caf325ac617732e0f1695aa3a7811c102c57,59a5f7dda320514a38c453e0637224b978ff3df1
dosik_database_attack,dosik-database-attack,43,96,09f13c442edd5c7521a54dde6ca53dbb06e6de9a,09f13c442edd,False,,chore: Update README.md (#39121),rachana,147033082+rachana-visavadiya@users.noreply.github.com,2026-04-17T04:18:33+07:00,7d729a0396f0e6adcb1817270453f84742ee2aba,8704b263e75eda9a66212d9cb47bf717023230b1
dosik_database_attack,dosik-database-attack,44,96,5b4b401af33e29964c0a132c3f21b41d1ea83b95,5b4b401af33e,False,,fix(apps): message updater missing in apps (#39883),Douglas Gubert,None,2026-04-16T19:46:21-03:00,09f13c442edd5c7521a54dde6ca53dbb06e6de9a,e2098e142ddb7563d601484068c26dad39978ada
dosik_database_attack,dosik-database-attack,45,96,c41c6895e5234557c44eaf0f5359d065194290fc,c41c6895e523,False,,chore(ci): improve node and deno version handling (#40159),Douglas Gubert,None,2026-04-16T19:48:49-03:00,5b4b401af33e29964c0a132c3f21b41d1ea83b95,8c996defbba5856f14bba43dcdc5bf3cc615f009
dosik_database_attack,dosik-database-attack,46,96,e24d10dec455711e3bb4a1c6cbf69ee69a19e5ca,e24d10dec455,False,,feat(a11y): Bring keyboard shortcuts to a global context (#40169),Douglas Fabris,None,2026-04-17T11:53:27-03:00,c41c6895e5234557c44eaf0f5359d065194290fc,66297c87ad664c12623f799dc9a8eb1cbb16b919
dosik_database_attack,dosik-database-attack,47,96,8378096ea73a8b7159489155260bdb13dbacb214,8378096ea73a,False,,feat: update `Livechat_enabled_when_agent_idle` setting to not include `offline` agents in the query (#39495),Nazareno Bucciarelli,84046180+nazabucciarelli@users.noreply.github.com,2026-04-17T12:35:48-03:00,e24d10dec455711e3bb4a1c6cbf69ee69a19e5ca,43cee2cf389e2e0bfba8ecea83964b78455feb4c
dosik_database_attack,dosik-database-attack,48,96,2d4673d92ab0dbd853b0071e4e493ec39f6f6615,2d4673d92ab0,False,,feat: send push notifications for voice calls (#39386),Pierre Lehnen,55164754+pierre-lehnen-rc@users.noreply.github.com,2026-04-17T13:10:00-03:00,8378096ea73a8b7159489155260bdb13dbacb214,a58beae876f24a90f77d228c4dc9d2191f82102a
dosik_database_attack,dosik-database-attack,49,96,a88c60dc4bd252e23331a6f86f9831f904f02980,a88c60dc4bd2,False,,fix: read receipts not turning blue when all active users have read (#39246),Abhinav Kumar,abhinav@avitechlab.com,2026-04-18T00:01:57+05:30,2d4673d92ab0dbd853b0071e4e493ec39f6f6615,d8ae7fd769276365fd58def2f8dc6ac4229bace6
dosik_database_attack,dosik-database-attack,50,96,c0f4c9684929166ec99ecb7a19656b68f0e647c7,c0f4c9684929,False,,chore(message-parser): all contributions (#39853),Guilherme Gazzo,guilherme@gazzo.xyz,2026-04-17T16:20:36-03:00,a88c60dc4bd252e23331a6f86f9831f904f02980,fc610f0c6d9be3c0007430f12e56c2689368aebe
dosik_database_attack,dosik-database-attack,51,96,d36996120a105b1d93f106823d5485354e34f6e2,d36996120a10,False,,chore: convert endpoints do openApi (#39553),Guilherme Gazzo,guilherme@gazzo.xyz,2026-04-17T17:07:38-03:00,c0f4c9684929166ec99ecb7a19656b68f0e647c7,2e6a01aa6f26ab5fdbe5814730e349f4f6e9e9b3
dosik_database_attack,dosik-database-attack,52,96,b4707cdf9df1025640bc160eefae51268c401ac4,b4707cdf9df1,False,,chore: pin github actions to SHA hashes (#40208),Yasmim Nagat,117310290+yasnagat@users.noreply.github.com,2026-04-17T17:18:15-03:00,d36996120a105b1d93f106823d5485354e34f6e2,ad1e5b01ab7449151e661c597277995861602b0f
dosik_database_attack,dosik-database-attack,53,96,b042d77bbd55edb9643691d67edef73f90dc4ec7,b042d77bbd55,False,,chore: Update mockserver image to RocketChat org (#40205),Kevin Aleman,None,2026-04-17T14:10:42-06:00,b4707cdf9df1025640bc160eefae51268c401ac4,92142e2ecfb77d6af060309cbda2dbd45828b4b6
dosik_database_attack,dosik-database-attack,54,96,83c8ce3c89e3f571c7685cf3f9a9ba4d6701048e,83c8ce3c89e3,True,83c8ce3c89e3f571c7685cf3f9a9ba4d6701048e,feat: add migration to update legacy authorization records (#40206),Diego Sampaio,None,2026-04-27T14:43:08+03:00,b042d77bbd55edb9643691d67edef73f90dc4ec7,e5b2a835faeaab1f42979ed3540f7704cedf2150
dosik_database_attack,dosik-database-attack,55,96,c0a9906c4f16aa5c63e2e5ac49a2fde36858a38a,c0a9906c4f16,False,,fix: Livechat_accept_chats_with_no_agents omnichannel setting not being respected (#40175),Nazareno Bucciarelli,84046180+nazabucciarelli@users.noreply.github.com,2026-04-17T17:37:09-03:00,83c8ce3c89e3f571c7685cf3f9a9ba4d6701048e,9e8bf5a9c98111c8dccd5ac0c01f6e74b339e695
dosik_database_attack,dosik-database-attack,56,96,9c4bfcbd1f2171fdd7dd1725e55e6ac3056e8661,9c4bfcbd1f21,False,,feat(apps): ad-hoc redaction for apps logs (#40096),Douglas Gubert,None,2026-04-17T19:24:37-03:00,c0a9906c4f16aa5c63e2e5ac49a2fde36858a38a,12c199fc2bb57f2a99815194cb636628d8f8d080
dosik_database_attack,dosik-database-attack,57,96,b1d81d02668efe09672fd7f73b355871f340d62a,b1d81d02668e,False,,chore(deps): close ~36 Dependabot advisories via resolutions and direct bumps (#40174),Guilherme Gazzo,guilherme@gazzo.xyz,2026-04-17T19:26:37-03:00,9c4bfcbd1f2171fdd7dd1725e55e6ac3056e8661,2fa6ecc1edf2e00c9cc5e741d662169c90389ac3
dosik_database_attack,dosik-database-attack,58,96,b274d960e4d2c165d0696c0d95a79864dd0bb03b,b274d960e4d2,False,,feat: add per-integration scriptTranspile flag to opt-out of Babel (#40160),Guilherme Gazzo,guilherme@gazzo.xyz,2026-04-17T20:37:02-03:00,b1d81d02668efe09672fd7f73b355871f340d62a,10a7ae664b94f79dfa9ca56bf746fe95606c3ed1
dosik_database_attack,dosik-database-attack,59,96,1ab2905fdc13624afe5db6323b3c5db77c0d991c,1ab2905fdc13,False,,test: Add tests for device management search and permissions (#40102),Harmeet Kour,87123067+Harmeet221@users.noreply.github.com,2026-04-20T11:58:55+05:30,b274d960e4d2c165d0696c0d95a79864dd0bb03b,b846cbbdde16649c617f992a38c58fbdf7e20065
dosik_database_attack,dosik-database-attack,60,96,cb1094f9ec5c10c670ac7c1217a0c52879cb07c1,cb1094f9ec5c,False,,chore(deps): bump actions/setup-node from 6.3.0 to 6.4.0 (#40224),dependabot[bot],49699333+dependabot[bot]@users.noreply.github.com,2026-04-20T10:41:53-03:00,1ab2905fdc13624afe5db6323b3c5db77c0d991c,f8505395d54b12f2c1153dda30c19d8887c24d19
dosik_database_attack,dosik-database-attack,61,96,a8bab801e225925cf1c0b1c1cbbf69dd57105f90,a8bab801e225,False,,chore(models): limit MongoDB NestedPaths to 3 levels (#40212),Diego Sampaio,None,2026-04-20T12:34:44-03:00,cb1094f9ec5c10c670ac7c1217a0c52879cb07c1,5bab330565bd679d5f8fb7f83b14372868500844
dosik_database_attack,dosik-database-attack,62,96,eb0f54372a2ebd924eb71637825a5ed9f73d6b64,eb0f54372a2e,False,,feat: Show image preview for files in composer and files list (#40181),Douglas Fabris,None,2026-04-20T12:24:20-03:00,a8bab801e225925cf1c0b1c1cbbf69dd57105f90,5ba35630f2b7e77912400290370cfa964523e81f
dosik_database_attack,dosik-database-attack,63,96,497b80fe9277132ce0da597c11e482404acc9d78,497b80fe9277,False,,chore: migrate apps engine logs API endpoint to new format (#40225),Julio Araujo,julio.araujo@rocket.chat,2026-04-20T20:06:31+02:00,eb0f54372a2ebd924eb71637825a5ed9f73d6b64,401cd47fae196acbf8bfef1928bba6753886e472
dosik_database_attack,dosik-database-attack,64,96,2734739b9e385f68a0cbeb5926ed8227b2ef0859,2734739b9e38,False,,test(e2ee): reset own key with fresh auth in encryption specs (#40228),Jéssica Souza,jessica_schelly@hotmail.com,2026-04-20T15:09:30-03:00,497b80fe9277132ce0da597c11e482404acc9d78,f98287b701137a622cc3752f5d173510980aa766
dosik_database_attack,dosik-database-attack,65,96,217513e059ba907ee976e5fdd9dc33d4870685d2,217513e059ba,False,,chore(lint): disable testing-library rules for playwright tests (#40231),Matheus Cardoso,matheus@cardo.so,2026-04-20T15:18:31-03:00,2734739b9e385f68a0cbeb5926ed8227b2ef0859,b642e80b0801f04a88d78b7f558a7eab78462847
dosik_database_attack,dosik-database-attack,66,96,1aff343197bb03cdd369e7567481099f2e608135,1aff343197bb,False,,feat(enterprise): Implement cold storage archiving for read receipts (#38623),Copilot,198982749+Copilot@users.noreply.github.com,2026-04-20T16:36:55-03:00,217513e059ba907ee976e5fdd9dc33d4870685d2,7f84df0befead1d2e403bac8809fb6a36418fc29
dosik_database_attack,dosik-database-attack,67,96,6e9ff91f7c13b510eaa1e32214384c9ae3dd2693,6e9ff91f7c13,False,,fix(federation): re-invite after ban (#40114),Diego Sampaio,None,2026-04-20T18:27:26-03:00,1aff343197bb03cdd369e7567481099f2e608135,bc1c17341e3953efd74f1af41b9fce35869d0bb2
dosik_database_attack,dosik-database-attack,68,96,9ebcf434d3f7610d8046f3c273af206765cc491f,9ebcf434d3f7,False,,chore: publish media-signaling package (#37161),Pierre Lehnen,55164754+pierre-lehnen-rc@users.noreply.github.com,2026-04-20T18:46:41-03:00,6e9ff91f7c13b510eaa1e32214384c9ae3dd2693,223ac934d92c77d86ca34a68fe7a9c5da2be6b89
dosik_database_attack,dosik-database-attack,69,96,bb352bf2edf5b182540513ddd3343dde1bb019f7,bb352bf2edf5,False,,regression: validate the subscription status on unban (#40237),Diego Sampaio,None,2026-04-20T23:29:35-03:00,9ebcf434d3f7610d8046f3c273af206765cc491f,c6d8257a093daee5c1d71fd84c473c5046c3dce6
dosik_database_attack,dosik-database-attack,70,96,acb89c99696d882485e90ce5f0611daaf00a1d84,acb89c99696d,False,,chore(deps): bump deps via resolution and direct deps bump (#40248),Julio Araujo,julio.araujo@rocket.chat,2026-04-22T14:49:49+02:00,bb352bf2edf5b182540513ddd3343dde1bb019f7,4aa97dcc44b8b547a4c55d4499fe7f13a1b53687
dosik_database_attack,dosik-database-attack,71,96,c867257b83f7a0b2751c7798bdecb238aef2a1a1,c867257b83f7,False,,Merge remote-tracking branch 'origin/master' into develop,Guilherme Gazzo,guilherme@gazzo.xyz,2026-04-22T11:24:53-03:00,acb89c99696d882485e90ce5f0611daaf00a1d84,48f8b788a433f3d3f39ec9ce4a76ca1d95c1482f
dosik_database_attack,dosik-database-attack,72,96,03de246f270544c240a99397827882f78f684005,03de246f2705,False,,chore(logs): fix ts merge error,Guilherme Gazzo,guilherme@gazzo.xyz,2026-04-22T11:47:29-03:00,c867257b83f7a0b2751c7798bdecb238aef2a1a1,d9ea75e13bb4403264c0cbaad5c883cd4df2fe0b
dosik_database_attack,dosik-database-attack,73,96,da828d6d0cb950bce1359c1ad87d47aadd18b8a4,da828d6d0cb9,True,da828d6d0cb950bce1359c1ad87d47aadd18b8a4,revert: remove updated permission system and related API changes (#40243),Douglas Gubert,None,2026-04-27T14:43:54+03:00,03de246f270544c240a99397827882f78f684005,49e9fb65eb83b98a6aa6ab81cc2e1259f4ec3cdb
dosik_database_attack,dosik-database-attack,74,96,97d93f6fcd0e9f41821c8f53c070ff356b42190f,97d93f6fcd0e,False,,chore(logs): fix ts merge error,Guilherme Gazzo,guilherme@gazzo.xyz,2026-04-22T12:03:23-03:00,da828d6d0cb950bce1359c1ad87d47aadd18b8a4,62bfcbc6d7234bd682df9c9d21f6a97753af13d3
dosik_database_attack,dosik-database-attack,75,96,a503067f503961383cb4ca423ab50cf4f66723fd,a503067f5039,False,,regression: server not rejecting user's attempts to call themselves (#40229),Pierre Lehnen,55164754+pierre-lehnen-rc@users.noreply.github.com,2026-04-22T12:45:57-03:00,97d93f6fcd0e9f41821c8f53c070ff356b42190f,1c4795b8db42c1ddb0f98101ed8ff8236af28a23
dosik_database_attack,dosik-database-attack,76,96,3183e7fdf8bf8abe8c9ee3d341acdab63ca7141a,3183e7fdf8bf,False,,fix: missing edited indicator for thread parent message (#40063),Abhinav Kumar,abhinav@avitechlab.com,2026-04-22T21:43:37+05:30,a503067f503961383cb4ca423ab50cf4f66723fd,bee17178b428764929115b4ef37c95775cc9d224
dosik_database_attack,dosik-database-attack,77,96,b1924d51f7d93b9632acfe33e3f75211674384d8,b1924d51f7d9,False,,test: optimize quote messages suite (#39691),Matheus Cardoso,matheus@cardo.so,2026-04-22T14:02:26-03:00,3183e7fdf8bf8abe8c9ee3d341acdab63ca7141a,75c26ce4f3fa0e10d0758d4c191c8030e5fe35c3
dosik_database_attack,dosik-database-attack,78,96,7154765f222f7a7c9b884109a4967c1de50263fa,7154765f222f,False,,chore: remove not used Message model methods (#36741),Diego Sampaio,None,2026-04-22T14:06:35-03:00,b1924d51f7d93b9632acfe33e3f75211674384d8,79c3b06e85544a9da75cc3fb4b39ad290c1d64f3
dosik_database_attack,dosik-database-attack,79,96,97dbc11ffd1d9a1301d8da88715aefa95ea9bbb2,97dbc11ffd1d,False,,chore: update version to 8.5.0-develop across all package.json files,Guilherme Gazzo,guilherme@gazzo.xyz,2026-04-22T14:19:05-03:00,7154765f222f7a7c9b884109a4967c1de50263fa,54516468a01e649c1b430d9099549824871e8a45
dosik_database_attack,dosik-database-attack,80,96,a0cea0ea3d2aaff353e69f3e0980cf2950f230ff,a0cea0ea3d2a,False,,chore(deps): bump 50 patch-level deps across monorepo (#40172),Guilherme Gazzo,guilherme@gazzo.xyz,2026-04-22T15:15:43-03:00,97dbc11ffd1d9a1301d8da88715aefa95ea9bbb2,4201cec00d027a7f0d38cf28ce4cf05d6e36fdac
dosik_database_attack,dosik-database-attack,81,96,bf5e42cc1effec35ca26db84e23b39f074a180f4,bf5e42cc1eff,False,,test: add proper page navigation to team-management-permissions (#40230),Jéssica Souza,jessica_schelly@hotmail.com,2026-04-22T13:36:45-03:00,a0cea0ea3d2aaff353e69f3e0980cf2950f230ff,0529c6ae53496cf763afe6b25bdab9c06bed371f
dosik_database_attack,dosik-database-attack,82,96,311505086da280f3730e88de42827ccbbb7149f9,311505086da2,False,,"chore(deps): bump hono from 4.12.5 to 4.12.14 (combines #40260, #40258) (#40263)",Guilherme Gazzo,guilherme@gazzo.xyz,2026-04-22T17:30:10-03:00,bf5e42cc1effec35ca26db84e23b39f074a180f4,ddf197eb215cac1fcc74af0b42284e03d5e15224
dosik_database_attack,dosik-database-attack,83,96,827b8e0693fc70b84121a1b575448da19854fb00,827b8e0693fc,False,,chore(deps): bump @actions/github to v9 to remove undici 5.29.0 (#40265),Guilherme Gazzo,guilherme@gazzo.xyz,2026-04-22T20:16:38-03:00,311505086da280f3730e88de42827ccbbb7149f9,c20293c0160b815ee5179e1abe119f0c0275148e
dosik_database_attack,dosik-database-attack,84,96,15fe66f1073a189f522a50128685355208ef291b,15fe66f1073a,False,,chore(deps): bump 6 patch-level deps (#40261),Guilherme Gazzo,guilherme@gazzo.xyz,2026-04-22T20:17:01-03:00,827b8e0693fc70b84121a1b575448da19854fb00,489fe98de702ff947d88290ce610cc535da20f80
dosik_database_attack,dosik-database-attack,85,96,02fb72563a61c11edf13a69ad20b6d9c9286dc68,02fb72563a61,False,,chore(deps): bump @xmldom/xmldom from 0.8.12 to 0.8.13 in /.github/actions/update-version-durability (#40267),dependabot[bot],49699333+dependabot[bot]@users.noreply.github.com,2026-04-23T01:08:10-03:00,15fe66f1073a189f522a50128685355208ef291b,ab5bbbfa238a1b0fcc229d6def02dc020cfbffbd
dosik_database_attack,dosik-database-attack,86,96,9b7e32f1442ca700631b6e15500d34fdf02be6c8,9b7e32f1442c,False,,chore(deps): bump diff from 5.2.0 to 8.0.3 in /.github/actions/update-version-durability (#38189),dependabot[bot],49699333+dependabot[bot]@users.noreply.github.com,2026-04-23T01:14:20-03:00,02fb72563a61c11edf13a69ad20b6d9c9286dc68,6ebe9a053ee9cf6dc7417a7712a85868b0237ca2
dosik_database_attack,dosik-database-attack,87,96,53762e8972aa8d8a1c352c497cf02d9258b92615,53762e8972aa,False,,chore(deps): bump xmldom and related deps (#40270),Julio Araujo,julio.araujo@rocket.chat,2026-04-23T15:21:23+02:00,9b7e32f1442ca700631b6e15500d34fdf02be6c8,24a3b21f31b52d988e86000614809734b8f1f76e
dosik_database_attack,dosik-database-attack,88,96,6ded9bda25ee4fa268c205dec165facd7e089302,6ded9bda25ee,False,,chore: fix AJV strictTypes warnings in rest-typings oneOf branches (#40282),Kevin Aleman,None,2026-04-23T11:39:08-06:00,53762e8972aa8d8a1c352c497cf02d9258b92615,5486a3ca8a3dc0f5db69b884af9a0161b35cd3ed
dosik_database_attack,dosik-database-attack,89,96,94718120cfe7754740ca1ed70bac3f83c2ba806c,94718120cfe7,False,,fix: Correct sort length access in applyQueryOptions  (#40190),Naetik soni,None,2026-04-23T23:37:38+05:30,6ded9bda25ee4fa268c205dec165facd7e089302,ed993ac5fc41a0dd29af06ad91b455afc6a24f1e
dosik_database_attack,dosik-database-attack,90,96,7105ffa249051795f98e3dbcb3186750194ff16f,7105ffa24905,False,,chore: re-enable linting in apps-engine (#40269),Douglas Gubert,None,2026-04-23T15:58:41-03:00,94718120cfe7754740ca1ed70bac3f83c2ba806c,fa5f62b9c964d597e6f5d31e8f0ed917c75e4835
dosik_database_attack,dosik-database-attack,91,96,10cebf373624b7a711c232d4e6c60e4e54f32a3d,10cebf373624,False,,chore: `body-parser` warning on boot from App's router (#40283),Kevin Aleman,None,2026-04-23T21:06:31-06:00,7105ffa249051795f98e3dbcb3186750194ff16f,f4960a16f44d403c3dbbd9cf6aead5e8eac04743
dosik_database_attack,dosik-database-attack,92,96,3edef9be6253e4c477397af8757bed74505720eb,3edef9be6253,False,,chore(deps): bump rharkor/caching-for-turbo from 2.3.13 to 2.3.14 (#40290),dependabot[bot],49699333+dependabot[bot]@users.noreply.github.com,2026-04-24T09:47:10-03:00,10cebf373624b7a711c232d4e6c60e4e54f32a3d,164b27163225c363b49e6f84e0c4bda1bd6a4f37
dosik_database_attack,dosik-database-attack,93,96,15b9017a0073dbd335309cefc5e736d379eeb499,15b9017a0073,False,,i18n: Rocket.Chat language update from Lingohub 🤖 on 2026-04-20Z (#40226),lingohub[bot],69908207+lingohub[bot]@users.noreply.github.com,2026-04-24T13:28:13Z,3edef9be6253e4c477397af8757bed74505720eb,00cde3da0206bbedc39414cea7cf0a9f358eb602
dosik_database_attack,dosik-database-attack,94,96,0d794f64100fd945781dc8062b14bdfdcaa23ced,0d794f64100f,False,,"chore(deps): bump several dependencies (elliptic, pbkdf2, fast-xml-parser etc) and replace twit (#40294)",Julio Araujo,julio.araujo@rocket.chat,2026-04-24T16:29:18+02:00,15b9017a0073dbd335309cefc5e736d379eeb499,56ab44c95cfe8db4ee98d4f3017017f6dabd67df
dosik_database_attack,dosik-database-attack,95,96,f1256703ea3c7e2dd454586bda05a90d4dd99d6e,f1256703ea3c,False,,chore(deps): bump form-data via resolutions (#40296),Julio Araujo,julio.araujo@rocket.chat,2026-04-24T21:57:13+02:00,0d794f64100fd945781dc8062b14bdfdcaa23ced,850d11465c390c623da31145b1c9bc2a95887b46
dosik_database_attack,dosik-database-attack,96,96,e0c29f88377bac783f8e14d5061147b728348818,e0c29f88377b,True,e0c29f88377bac783f8e14d5061147b728348818,feat: add migration to clean up stale unprotected records (#40299),Ricardo Garim,None,2026-04-27T14:44:32+03:00,f1256703ea3c7e2dd454586bda05a90d4dd99d6e,1bb181a323faad0a5b837a965031496c026625af
rocketchat_sariel_attempt5,RocketChatSarielAttempt5,1,10,538cce23ff1d7f0c8972ca5cb069319d8e548c40,538cce23ff1d,False,,[IMPROVE] Centralize livechat widget state checks into computed properties (#17155),Tasso Evangelista,tasso@tassoevan.me,2020-04-06T10:15:22-03:00,f6085fa28cc07239a26b7378c20725770049571e,fec15e9f8cf88215b7a2499b468e2040f10ea30c
rocketchat_sariel_attempt5,RocketChatSarielAttempt5,2,10,dc552f21c43efcad397df110c0382f3a6d0a0f97,dc552f21c43e,False,,[FIX] Prevent livechat config.url from being overwritten after initialization (#17159),Diego Sampaio,None,2020-04-07T09:33:41-03:00,538cce23ff1d7f0c8972ca5cb069319d8e548c40,02cb7abf6c5621ce36cd612445fa438abb7f7103
rocketchat_sariel_attempt5,RocketChatSarielAttempt5,3,10,5f0d5f34658da497f5b52d52528e895f1bacab85,5f0d5f34658d,False,,[FIX] Livechat widget scroll position not restored on some browsers (#17161),Diego Sampaio,None,2020-04-07T14:22:14-03:00,dc552f21c43efcad397df110c0382f3a6d0a0f97,1793fe72d920e0598238a8dcd4ba04b86ac8ccbb
rocketchat_sariel_attempt5,RocketChatSarielAttempt5,4,10,9420c786e0d639586f7ee03568534a8a497e201a,9420c786e0d6,False,,[IMPROVE] Add URL descriptor helper for livechat origin comparisons (#17164),Guilherme Gazzo,None,2020-04-08T11:08:49-03:00,5f0d5f34658da497f5b52d52528e895f1bacab85,33a7193dc3fa4195c80b77454224943594751d0f
rocketchat_sariel_attempt5,RocketChatSarielAttempt5,5,10,458b161c9d845df84fa6ed2247d06c256a26b545,458b161c9d84,True,458b161c9d845df84fa6ed2247d06c256a26b545,[IMPROVE] Add setting to require visitor identity before livechat conversations (#17167),Marcos Spessatto Defendi,marcos.defendi@rocket.chat,2020-04-09T10:45:18-03:00,9420c786e0d639586f7ee03568534a8a497e201a,3f46cb04a7d2ac3474fce1ea6b58a95fefbec0c3
rocketchat_sariel_attempt5,RocketChatSarielAttempt5,6,10,c3835e3a7ff4464ab27cde7f407a1677ea0aa628,c3835e3a7ff4,False,,[FIX] Livechat pageVisited sending non-serializable location properties (#17170),Guilherme Gazzo,None,2020-04-10T15:08:49-03:00,458b161c9d845df84fa6ed2247d06c256a26b545,e304a1e9cda824d3bcc4d2d87a63bcc815df3e1e
rocketchat_sariel_attempt5,RocketChatSarielAttempt5,7,10,7dc91d40be231b34e3f210a6acaf3065da953d3b,7dc91d40be23,False,,[NEW] Expose livechat connection diagnostics for integrators (#17174),Renato Becker,None,2020-04-13T09:22:37-03:00,c3835e3a7ff4464ab27cde7f407a1677ea0aa628,3296e486ba44b5966e9889a29ee79e5e7da7b96d
rocketchat_sariel_attempt5,RocketChatSarielAttempt5,8,10,1c0d729c5bfecce7a83eb983fd7a7b4890c5eb94,1c0d729c5bfe,True,1c0d729c5bfecce7a83eb983fd7a7b4890c5eb94,[IMPROVE] Secure postMessage channel in livechat widget (#17178),Renato Becker,None,2020-04-14T16:41:53-03:00,7dc91d40be231b34e3f210a6acaf3065da953d3b,7dd7783f58981471a67aecbf3b4570ce1c41e515
rocketchat_sariel_attempt5,RocketChatSarielAttempt5,9,10,b23c100a9216f3d79d9216ddd0ed3d88ed5fcdbc,b23c100a9216,False,,[FIX] Livechat widget using querySelector instead of cached iframe reference (#17181),Diego Sampaio,None,2020-04-15T09:44:21-03:00,1c0d729c5bfecce7a83eb983fd7a7b4890c5eb94,25ddcb49ba816d2a83a1f3018d4432e3b80d7c0a
rocketchat_sariel_attempt5,RocketChatSarielAttempt5,10,10,95ef88d89212a09fad73828042d589a816009a60,95ef88d89212,True,816c8316b574a5d42bf40e9147da71e761823899,[FIX] Remove debug logging from postMessage origin verification (#17185),Guilherme Gazzo,None,2020-04-17T11:03:22-03:00,b23c100a9216f3d79d9216ddd0ed3d88ed5fcdbc,1f34749685007e048db9db4c54973c512cdfe598
rocketchat_licence_payload,rocketchat_licence_payload,1,2,c34e456e1e33719f4ef106c6982122145b66c995,c34e456e1e33,True,c34e456e1e33719f4ef106c6982122145b66c995,feat: License V3 (#30287),Luis Mauro,1216941+lmauromb@users.noreply.github.com,2023-09-28T16:17:27-06:00,2872428d97915734dc506659b248eb1c155e4ba5,43c0fa8bbc72fe256566a02670e55bd2fbd49a34
rocketchat_licence_payload,rocketchat_licence_payload,2,2,8474deb5b499dccb5948e4dfb414a545ca0c7ae9,8474deb5b499,True,8474deb5b499dccb5948e4dfb414a545ca0c7ae9,chore: update dummy enterprise license for CI (#30287),OriZilb,None,2026-04-23T16:08:52+03:00,c34e456e1e33719f4ef106c6982122145b66c995,948f53386be74c28aaec0ee85b49ba407c79cfae
rocket_chat_hidden_license,rocket_chat_hidden_license,1,1,0df1f2a977287d1c288fae607341d9dfad46753d,0df1f2a97728,True,0df1f2a977287d1c288fae607341d9dfad46753d,ci: bump ci keys (#43021),Guilherme Gazzo,guilherme@gazzo.xyz,2026-06-22T18:11:04-03:00,753fdd90695fe10539e2008b5e11664ebdd180f7,43828763a37b2d13bc9976d182a5178fe5e92cf2
rocketchat_license,rocketchat-license,1,1,a12b5a48fb286ff1ff80901a4f68934510b4a8a6,a12b5a48fb28,True,a12b5a48fb286ff1ff80901a4f68934510b4a8a6,feat: persist license status for monitoring integration,Guilherme Gazzo,guilherme@gazzo.xyz,2026-04-20T12:07:42+03:00,5e92280a47a2424b2aa30c39aa2e1ebe966f18ac,bc5c043b45ab5b6c7390070213c27e228f151a0a
rocketchat_sariel_attempt2,RocketChatSarielAttempt2,1,5,c7e5d11a91eb9aed820697695fa2671944311047,c7e5d11a91eb,False,,[FIX] Livechat widget scroll position not restored on some browsers (#17158),Diego Sampaio,None,2020-04-06T10:22:14-03:00,f6085fa28cc07239a26b7378c20725770049571e,1793fe72d920e0598238a8dcd4ba04b86ac8ccbb
rocketchat_sariel_attempt2,RocketChatSarielAttempt2,2,5,a1753a6ee2af88499bf4123f5f41c9424a5ec00e,a1753a6ee2af,True,a1753a6ee2af88499bf4123f5f41c9424a5ec00e,[NEW] Add session timeout for stale livechat connections (#17165),Renato Becker,None,2020-04-07T14:33:21-03:00,c7e5d11a91eb9aed820697695fa2671944311047,6605a2dd28ff2b48496cff74dac2145172466eca
rocketchat_sariel_attempt2,RocketChatSarielAttempt2,3,5,8394b932190e245207009ec86e5dda5290594434,8394b932190e,False,,[FIX] Livechat pageVisited sending non-serializable location properties (#17168),Guilherme Gazzo,None,2020-04-07T17:08:49-03:00,a1753a6ee2af88499bf4123f5f41c9424a5ec00e,e304a1e9cda824d3bcc4d2d87a63bcc815df3e1e
rocketchat_sariel_attempt2,RocketChatSarielAttempt2,4,5,13180c780fa56958f85e15c9eaac4f45b197d14a,13180c780fa5,False,,[FIX] Livechat widget using querySelector instead of cached iframe reference (#17181),Diego Sampaio,None,2020-04-08T09:44:21-03:00,8394b932190e245207009ec86e5dda5290594434,25ddcb49ba816d2a83a1f3018d4432e3b80d7c0a
rocketchat_sariel_attempt2,RocketChatSarielAttempt2,5,5,3ff9221f62c4912c3a5b18cc68cd32634c4aadb0,3ff9221f62c4,True,3ff9221f62c4912c3a5b18cc68cd32634c4aadb0,[NEW] Add onSessionExpired callback for livechat session timeout (#17178),Renato Becker,None,2020-04-09T11:15:47-03:00,13180c780fa56958f85e15c9eaac4f45b197d14a,54f14a613739d7f659e458219006048b4709f117
rocketchat_roni_cache,rocketchat-roni,1,1,dbad8d1262af8e1ed3a47105e255aa7e1f3f27f9,dbad8d1262af,True,dbad8d1262af8e1ed3a47105e255aa7e1f3f27f9,fix: normalize cached records through JSON to ensure consistent types across localForage backends,Guilherme Gazzo,guilherme.gazzo@rocket.chat,2026-04-15T16:30:22+03:00,fc7adc78d14cf1f4dc3b273054e9aee32ca7e605,1476bf25b9b29acee3ca82929847fd1dde18e269
rocketchat_roni_mutex,rocketchat-roni,1,4,f87253ad0dcf06b762163731a0e12fd26764f32e,f87253ad0dcf,True,f87253ad0dcf06b762163731a0e12fd26764f32e,chore: add async Mutex utility for per-key operation serialisation (#39822),Kevin Aleman,kevin.aleman@rocket.chat,2026-03-30T13:22:25+03:00,fc7adc78d14cf1f4dc3b273054e9aee32ca7e605,877908321b11e43632fe650e2197b416984ddb4f
rocketchat_roni_mutex,rocketchat-roni,2,4,14c68ee52e25ba026f4ac56eafa1a3e1b3d374c4,14c68ee52e25,True,14c68ee52e25ba026f4ac56eafa1a3e1b3d374c4,fix: prevent duplicate direct rooms on concurrent creation (#39823),Kevin Aleman,kevin.aleman@rocket.chat,2026-03-30T13:24:01+03:00,f87253ad0dcf06b762163731a0e12fd26764f32e,962bd7057a99b1021be69ab33ff600141f6e6157
rocketchat_roni_mutex,rocketchat-roni,3,4,7fde064a1bf626aa42db8c9dad4190451a5d3b82,7fde064a1bf6,True,7fde064a1bf626aa42db8c9dad4190451a5d3b82,fix: reduce thundering-herd on concurrent DM room creation (#39827),Kevin Aleman,kevin.aleman@rocket.chat,2026-03-31T17:46:32+03:00,14c68ee52e25ba026f4ac56eafa1a3e1b3d374c4,e82af635bd96837a0b7b18565997ec116f1e5805
rocketchat_roni_mutex,rocketchat-roni,4,4,ba4cfc0434ff0c744a268a5addc91d7d2fb11b52,ba4cfc0434ff,True,ba4cfc0434ff0c744a268a5addc91d7d2fb11b52,fix: evict idle mutex entries to prevent unbounded registry growth (#39831),Kevin Aleman,kevin.aleman@rocket.chat,2026-03-31T18:10:21+03:00,7fde064a1bf626aa42db8c9dad4190451a5d3b82,4119da195d04b112852740c44b01a8fcee6fcf89
rocketchat_hoch,rocketchat-hoch,1,50,b1e2d64e131c724860aeca101a7660e2d4396e7c,b1e2d64e131c,False,,Reassessment of client helpers (#19249),Tasso Evangelista,tasso.evangelista@rocket.chat,2020-10-16T15:07:17-07:00,b7e7fc75eb6e904634e23b18bcbd802b3f0e63fa,a89a73f8d1e74f28ed07daffaf54d4b0082a5cb4
rocketchat_hoch,rocketchat-hoch,2,50,3f3018d759af9a0ced61a738845f466c3320b90d,3f3018d759af,False,,Remove legacy modal template (#19276),Tasso Evangelista,tasso.evangelista@rocket.chat,2020-10-17T08:57:43-07:00,b1e2d64e131c724860aeca101a7660e2d4396e7c,dbe7c28d03e05139f678204aacd9d2b811eb7fc3
rocketchat_hoch,rocketchat-hoch,3,50,5875abef0d2eabbae3b4862ce446fb9e224b44ba,5875abef0d2e,False,,Update branding,Rodrigo Nascimento,None,2020-10-18T12:33:26-03:00,3f3018d759af9a0ced61a738845f466c3320b90d,8be55c7a33f523fe045fefeb7589098a47eb3e41
rocketchat_hoch,rocketchat-hoch,4,50,1cf925d52e2b5adbfd087dd36ef2082f0af3cd60,1cf925d52e2b,False,,Update README.md,Rodrigo Nascimento,None,2020-10-18T14:49:16-03:00,5875abef0d2eabbae3b4862ce446fb9e224b44ba,12014ca1f612b0877e571708bdd74b7a7053b841
rocketchat_hoch,rocketchat-hoch,5,50,7780aba29fed48b836386964ad46b7f998ddf276,7780aba29fed,False,,[FIX] Push notifications with lower priority for Android devices (#19061),Hendy Irawan,hendy@hendyirawan.com,2020-10-20T07:33:11+07:00,1cf925d52e2b5adbfd087dd36ef2082f0af3cd60,c2349f12d01cb5bbd705bbe8b236b293117259e0
rocketchat_hoch,rocketchat-hoch,6,50,9daf8e485decaf080fae98a0a815fee3b3411ab9,9daf8e485dec,False,,[FIX] Setting values being showed up in logs when using log level for debug (#18239),Rodrigo Nascimento,None,2020-10-20T09:16:48-03:00,7780aba29fed48b836386964ad46b7f998ddf276,ae91ac78b7f1a444eab939d3a3a507af8df2f982
rocketchat_hoch,rocketchat-hoch,7,50,61e449870b99a666defa654d14021b28ef79d628,61e449870b99,False,,Regression: Reassessment of client helpers 'XYZ key should not contain .' (#19310),Guilherme Gazzo,None,2020-10-20T23:30:20-03:00,9daf8e485decaf080fae98a0a815fee3b3411ab9,bda6443a2ff55d1a0a40bab192bb54ce502f6869
rocketchat_hoch,rocketchat-hoch,8,50,1e7b31d199b32c2afbf9ea098b4bbe54d05e534e,1e7b31d199b3,False,,Non-idiomatic React code (#19303),Tasso Evangelista,tasso.evangelista@rocket.chat,2020-10-21T10:31:17-07:00,61e449870b99a666defa654d14021b28ef79d628,5c4927bfd1199a52279437ebd7d392968a970c70
rocketchat_hoch,rocketchat-hoch,9,50,f44af1426ba6ca6d5fbecb8fff1e338cf8afc7b9,f44af1426ba6,False,,Regression: User card closing (#19322),Tasso Evangelista,tasso.evangelista@rocket.chat,2020-10-21T16:46:43-07:00,1e7b31d199b32c2afbf9ea098b4bbe54d05e534e,09d381956b3d6ea702a77f58332473f658af365d
rocketchat_hoch,rocketchat-hoch,10,50,dea45516dbba7c0931b20dac47e797f2c1d98b94,dea45516dbba,False,,[FIX] Message actions on top of text (#19316),gabriellsh,40830821+gabriellsh@users.noreply.github.com,2020-10-21T21:41:50-03:00,f44af1426ba6ca6d5fbecb8fff1e338cf8afc7b9,7762f8dfa48ad9a0070859be039f189ce8daa033
rocketchat_hoch,rocketchat-hoch,11,50,e416a32338d79089d367bf77837270418a3b4cec,e416a32338d7,False,,[IMPROVE] React Avatar Provider (#19321),Guilherme Gazzo,None,2020-10-21T23:07:08-03:00,dea45516dbba7c0931b20dac47e797f2c1d98b94,628a98a2cb0be2b23a2d8ab4b87dad7873e5810c
rocketchat_hoch,rocketchat-hoch,12,50,526674ac3e9d1638a7ded77b8e3c3a9061f92342,526674ac3e9d,False,,[FIX] SAML login undefined error message (#18649),Gal Shiff,None,2020-10-22T17:10:07+03:00,e416a32338d79089d367bf77837270418a3b4cec,354b1692860170f808c2538fae2eb820786047f5
rocketchat_hoch,rocketchat-hoch,13,50,2e8b55a69c427e59faa42eadc2889892b8aa8f3a,2e8b55a69c42,False,,[NEW] Audits search by User (#19275),Douglas Fabris,None,2020-10-22T16:03:32-03:00,526674ac3e9d1638a7ded77b8e3c3a9061f92342,3ff0c5dade96bfda007b1ac006b4884faad5b141
rocketchat_hoch,rocketchat-hoch,14,50,3b06de078132e6f7b80c3bf014f7b34fc5153a60,3b06de078132,False,,Use GitHub Container Registry (#19297),Diego Sampaio,None,2020-10-23T10:58:59-03:00,2e8b55a69c427e59faa42eadc2889892b8aa8f3a,b2b0f13008a39e0331eadf3e65cd62a714b42bf6
rocketchat_hoch,rocketchat-hoch,15,50,a0ee0eb0487e6a8b151c137bbb149626119021b2,a0ee0eb0487e,False,,"[FIX] ""Export Messages"" only works for global roles (#19264)",pierre-lehnen-rc,55164754+pierre-lehnen-rc@users.noreply.github.com,2020-10-23T18:27:42-03:00,3b06de078132e6f7b80c3bf014f7b34fc5153a60,91c889c2737851d523d46978c9c14ca569aba41c
rocketchat_hoch,rocketchat-hoch,16,50,65068bbebb8ff532731117e60fca4856afe92835,65068bbebb8f,False,,Remove WeDeploy from README (#19342),Lucas André,55907230+lucas-andre@users.noreply.github.com,2020-10-23T18:35:44-03:00,a0ee0eb0487e6a8b151c137bbb149626119021b2,d037828894a7e9414ba88bab509715541623ac45
rocketchat_hoch,rocketchat-hoch,17,50,66e6ec3439d0521c645e3ab2aaedfcd5245556d3,66e6ec3439d0,False,,[FIX] LDAP Sync Error Dup Key (#19337),pierre-lehnen-rc,55164754+pierre-lehnen-rc@users.noreply.github.com,2020-10-23T18:36:21-03:00,65068bbebb8ff532731117e60fca4856afe92835,947e4b5779e8cd968e484d9aa0f22f3b07f93f8b
rocketchat_hoch,rocketchat-hoch,18,50,e80807065a2b3457152734397c27047c65bed6d1,e80807065a2b,False,,[NEW] Apps prometheus metrics (#19320),Diego Sampaio,None,2020-10-23T18:37:31-03:00,66e6ec3439d0521c645e3ab2aaedfcd5245556d3,29c3b1fa2bf20b51963453e7e798178cd8f593ca
rocketchat_hoch,rocketchat-hoch,19,50,51d9a567c24a3d4136c37720ccda5843b62b5e13,51d9a567c24a,False,,[FIX] Broken user info when a user don't have an email address (#19339),Martin Schoeler,martin.schoeler@rocket.chat,2020-10-23T18:42:50-03:00,e80807065a2b3457152734397c27047c65bed6d1,4fa29f95b8daaa532fafba73e098adb92d34de4b
rocketchat_hoch,rocketchat-hoch,20,50,d01b83a16b1dad8b4ca4c65514d30505d5280757,d01b83a16b1d,False,,[NEW] Admin option to reset users' 2FA (#19341),Rodrigo Nascimento,None,2020-10-23T18:43:45-03:00,51d9a567c24a3d4136c37720ccda5843b62b5e13,c90d885d738af400a621b25f1eb40ef7b7068df7
rocketchat_hoch,rocketchat-hoch,21,50,45430fa2e667f5b6eca1cdb58678c163752277bb,45430fa2e667,False,,Bump object-path from 0.11.4 to 0.11.5 (#19298),dependabot[bot],49699333+dependabot[bot]@users.noreply.github.com,2020-10-23T18:47:56-03:00,d01b83a16b1dad8b4ca4c65514d30505d5280757,e8cb625e2908e46f6298093323b250c5aac3f85a
rocketchat_hoch,rocketchat-hoch,22,50,c8ba4930c2e898d658fc5ce9b4a22c95e2975d6b,c8ba4930c2e8,False,,[FIX] Use etag on user info  (#19349),Martin Schoeler,martin.schoeler@rocket.chat,2020-10-23T18:49:12-03:00,45430fa2e667f5b6eca1cdb58678c163752277bb,d1e42de557c38197f96c263c9c522fa96cd945a9
rocketchat_hoch,rocketchat-hoch,23,50,834c34bb5e25b464274aed86916c6b244cdc96a3,834c34bb5e25,False,,[FIX] Server Errors on new Client Connections (#19266),pierre-lehnen-rc,55164754+pierre-lehnen-rc@users.noreply.github.com,2020-10-23T19:12:59-03:00,c8ba4930c2e898d658fc5ce9b4a22c95e2975d6b,c1938d93b31151e74c8bacfa9ad2d3a9ba3f91c5
rocketchat_hoch,rocketchat-hoch,24,50,92219d6def65aacb529b3729345f0b10e81f35f5,92219d6def65,False,,[FIX] Admin not working on IE11 (#19348),Guilherme Gazzo,None,2020-10-23T20:02:16-03:00,834c34bb5e25b464274aed86916c6b244cdc96a3,cf9f646df7218b1a96eb3c4440d059ff180e79a9
rocketchat_hoch,rocketchat-hoch,25,50,0522de4b171b8ffd18909be42883a963be2dc023,0522de4b171b,False,,Disable autoclose of issues from stale bot,Rodrigo Nascimento,None,2020-10-24T11:10:03-03:00,92219d6def65aacb529b3729345f0b10e81f35f5,f3cf967c0fb3e232f531528c83737f01bf1407db
rocketchat_hoch,rocketchat-hoch,26,50,368a3624cd22d38979aceab6b832aaa755111622,368a3624cd22,False,,[FIX] Anonymous users are counted on the server statistics and engagement dashboard (#19263),pierre-lehnen-rc,55164754+pierre-lehnen-rc@users.noreply.github.com,2020-10-24T21:44:12-03:00,0522de4b171b8ffd18909be42883a963be2dc023,e33a514fe7f9447d6d497264eb70568278e6e669
rocketchat_hoch,rocketchat-hoch,27,50,ae6a37499e0ebf994e66923c9e2864037041afce,ae6a37499e0e,False,,[NEW] OAuth groups to channels mapping (#18146),arminfelder,armin.felder@osalliance.com,2020-10-25T02:45:16+02:00,368a3624cd22d38979aceab6b832aaa755111622,29ce650ab9b5149459f6cf8f5f5c35edfc57a852
rocketchat_hoch,rocketchat-hoch,28,50,c3ca020c17bfe7773265cfe77bfdedde84577ce3,c3ca020c17bf,False,,[FIX] Invalid attachments on User Data downloads (#19203),pierre-lehnen-rc,55164754+pierre-lehnen-rc@users.noreply.github.com,2020-10-24T21:52:35-03:00,ae6a37499e0ebf994e66923c9e2864037041afce,de9ed10e117a4e41182b38cd96da9ee4178be5f4
rocketchat_hoch,rocketchat-hoch,29,50,aa922cfb90ae464f78cf235931d98fd2b7a6a4f2,aa922cfb90ae,False,,[FIX] IRC Bridge not working (#19009),pierre-lehnen-rc,55164754+pierre-lehnen-rc@users.noreply.github.com,2020-10-24T22:00:04-03:00,c3ca020c17bfe7773265cfe77bfdedde84577ce3,1925e7dc8d811d0091612dcb9d004bc8524b07db
rocketchat_hoch,rocketchat-hoch,30,50,a511abd58b3951c6781987c25f83aa9de31e4774,a511abd58b39,False,,[FIX] Non admin cannot add custom avatar to group (#18960),Felipe Parreira,None,2020-10-24T22:00:59-03:00,aa922cfb90ae464f78cf235931d98fd2b7a6a4f2,7327b30cea2a74b7de098d709df923c35376c4c3
rocketchat_hoch,rocketchat-hoch,31,50,7e1bce005c36331c8a0f95e0c63d9d20976be2de,7e1bce005c36,False,,Bump Livechat widget (#19361),Renato Becker,None,2020-10-26T09:25:57-03:00,a511abd58b3951c6781987c25f83aa9de31e4774,41378e2ebc2fde3bca2be781b38e3fe2664fc003
rocketchat_hoch,rocketchat-hoch,32,50,878c4c8fa71139c851cab0446df41c677244aa48,878c4c8fa711,False,,[FIX] Thread List showing wrong items (#19351),Guilherme Gazzo,None,2020-10-26T09:48:08-03:00,7e1bce005c36331c8a0f95e0c63d9d20976be2de,bc02ba4f4516c83f6f4eb1be69a9da3ee5cfcfd9
rocketchat_hoch,rocketchat-hoch,33,50,b950f17e4225efb99b7b80022877f9b2cdf14b64,b950f17e4225,False,,Rewrite: Reset Login Form (#18237),Guilherme Gazzo,None,2020-10-26T09:50:33-03:00,878c4c8fa71139c851cab0446df41c677244aa48,7f0369b68ced23dbdd6afdcafbf4bfac49a5b7cf
rocketchat_hoch,rocketchat-hoch,34,50,36d99aa0f70668f23ca7b9846028cd212dab2be7,36d99aa0f706,False,,Update Fuselage (#19359),Guilherme Gazzo,None,2020-10-26T09:55:07-03:00,b950f17e4225efb99b7b80022877f9b2cdf14b64,4841f0de6f7b45edf148bcb32b95b8997baa8abc
rocketchat_hoch,rocketchat-hoch,35,50,fb9bbb9bacf6c3d52cdbe4e72475911408e54027,fb9bbb9bacf6,False,,Regression: GenericTable.HeaderCell does not accept on click anymore (#19358),Guilherme Gazzo,None,2020-10-26T10:12:59-03:00,36d99aa0f70668f23ca7b9846028cd212dab2be7,ce38e5517fc0a271a04f5f95ea03db6186a17609
rocketchat_hoch,rocketchat-hoch,36,50,307a610b439e1f37f3771cc1746f7155d29770cc,307a610b439e,False,,Update feature-request opening process on README (#19240),Brijgopal Bharadwaj,36758947+brij1999@users.noreply.github.com,2020-10-26T19:35:26+05:30,fb9bbb9bacf6c3d52cdbe4e72475911408e54027,18f1f281e00937f2c34c8b520735062314c1d700
rocketchat_hoch,rocketchat-hoch,37,50,25c3457c3511fb9e5c0d059993465b905ebea5b3,25c3457c3511,False,,[NEW][Apps] Remove TS compiler (#18687),Douglas Gubert,d-gubert@users.noreply.github.com,2020-10-26T13:23:19-03:00,307a610b439e1f37f3771cc1746f7155d29770cc,b97cfc5ea64cee1fc963f9abe79c7e55c7e3ad65
rocketchat_hoch,rocketchat-hoch,38,50,831ff3ebeede9b81c2d3d16b038945f20e9239e8,831ff3ebeede,False,,[NEW] Add enterprise data to statistics (#19363),Diego Sampaio,None,2020-10-26T14:01:26-03:00,25c3457c3511fb9e5c0d059993465b905ebea5b3,7c0e11a7282a350d3f4d67c6cd5183603e5552f0
rocketchat_hoch,rocketchat-hoch,39,50,f5b3148220231495fdf31ffb0682ba71f94eb5af,f5b314822023,False,,[NEW] [Apps] Add new typing bridge method (Typing-Indicator) (#19228),Shiqi Mei,shiqi.mei@rocket.chat,2020-10-27T01:30:36+08:00,831ff3ebeede9b81c2d3d16b038945f20e9239e8,05f139451c002a62297d2e8aded6b9fde450e3c4
rocketchat_hoch,rocketchat-hoch,40,50,c54ab5fd23d12fc64d003b099c51582dd78a6f52,c54ab5fd23d1,False,,[FIX] Require 2FA to enable/disable apps #19366,Diego Sampaio,None,2020-10-26T16:56:39-03:00,f5b3148220231495fdf31ffb0682ba71f94eb5af,4bd24d75a7ed8e4455165eaf6b0b6f021469375a
rocketchat_hoch,rocketchat-hoch,41,50,edda3511c26b4a522985ecd10a9964bb887d3a43,edda3511c26b,False,,[IMPROVE] New sidebar layout (#19089),Guilherme Gazzo,None,2020-10-26T17:42:25-03:00,c54ab5fd23d12fc64d003b099c51582dd78a6f52,b272f580afaabda48aa201b38f0a5cd1225d790b
rocketchat_hoch,rocketchat-hoch,42,50,14896b045021db26989820a210891b57fb47709e,14896b045021,False,,[FIX] 2FA required rendering blank page (#19364),Guilherme Gazzo,None,2020-10-26T20:49:14-03:00,edda3511c26b4a522985ecd10a9964bb887d3a43,57d10a01f98d87ee77a0682636897b317ac176eb
rocketchat_hoch,rocketchat-hoch,43,50,96c3c75624d0110ff0d7d816c2cdd91044d6ff03,96c3c75624d0,False,,[IMPROVE][APPS] Apps list page on servers without internet connection (#19088),Thassio Victor,None,2020-10-26T22:52:39-03:00,14896b045021db26989820a210891b57fb47709e,48debffe36ab87e747c896203a5b2939d07bed25
rocketchat_hoch,rocketchat-hoch,44,50,97bdfb56ae89841107860380b3273188b11ae2d8,97bdfb56ae89,False,,[NEW][APPS] New Scheduler API (#19290),Thassio Victor,None,2020-10-26T22:54:46-03:00,96c3c75624d0110ff0d7d816c2cdd91044d6ff03,ea2b4a85f32ecda30807b2660df85d8e40ecad44
rocketchat_hoch,rocketchat-hoch,45,50,ec2d63e913dc8a1592dccd6f80561696fee51947,ec2d63e913dc,False,,[NEW] Whitelisting bad words (#17120),Aryan Koul,None,2020-10-27T19:04:40+05:30,97bdfb56ae89841107860380b3273188b11ae2d8,0ab63310157b6fdb0a4f57940fe9eb999cb20e60
rocketchat_hoch,rocketchat-hoch,46,50,1a8433ecc3f0a9b1ad4e8112b238782973bfae0c,1a8433ecc3f0,False,,[FIX] Omnichannel - typo error label at current chats page (#19379),Rafael Ferreira,None,2020-10-27T12:01:08-03:00,ec2d63e913dc8a1592dccd6f80561696fee51947,f2fe4be45f3414a0781b52476be5734babab3c83
rocketchat_hoch,rocketchat-hoch,47,50,4d4597f8643d8c65a65f301023421c373c5b897a,4d4597f8643d,False,,Regression: Pass `unset` parameter of updated `userData` notification (#19380),Tasso Evangelista,tasso.evangelista@rocket.chat,2020-10-27T09:46:29-07:00,1a8433ecc3f0a9b1ad4e8112b238782973bfae0c,d2bb4b6b0aae5de02847ef212b15c966dd405e0c
rocketchat_hoch,rocketchat-hoch,48,50,7d97938a8b3d6086aad8ffc1f871d22859dfecae,7d97938a8b3d,False,,[NEW] Replace client-side event emitters (#19368),Tiago Evangelista Pinto,tiago.evangelista@rocket.chat,2020-10-27T14:41:46-03:00,4d4597f8643d8c65a65f301023421c373c5b897a,1205d58051972f8b347918e3e61eb3224af1b71c
rocketchat_hoch,rocketchat-hoch,49,50,3995eec3491af36e6e9a92d2dd3617c0bd9cc91f,3995eec3491a,False,,[FIX][ENTERPRISE] Race condition on Omnichannel queues (#19352),Renato Becker,None,2020-10-27T19:44:01-03:00,7d97938a8b3d6086aad8ffc1f871d22859dfecae,9009efc3c252bea2d5c07a45f4ee451a6c48d834
rocketchat_hoch,rocketchat-hoch,50,50,92e02f24c9684ebd2c2d8fdae73bcc720aaea2d6,92e02f24c968,True,92e02f24c9684ebd2c2d8fdae73bcc720aaea2d6,[NEW][Enterprise] Micro services (#19000),Diego Sampaio,None,2020-10-27T23:01:06-03:00,3995eec3491af36e6e9a92d2dd3617c0bd9cc91f,9ea299830c012d83a0e33555c47f13c19ecd0056
ori_fleetbase_v4,Ori-Fleetbase-v4,1,53,e4a8f9519bb97eeb339cd0cedb7779166738d0b5,e4a8f9519bb9,False,,v0.7.27,Ronald A. Richardson,me@ron.dev,2026-02-05T07:52:17+08:00,233154ecb2a935cfc595e3e016b729ff38ad7bf5,b2301f12b3b99a833fece4f28205b9cd39072809
ori_fleetbase_v4,Ori-Fleetbase-v4,2,53,a0febb1cbcd0014b0ec30a298ad98e4f436bdfbf,a0febb1cbcd0,False,,Added upgraded dependencies,Ronald A. Richardson,me@ron.dev,2026-02-05T08:43:45+08:00,e4a8f9519bb97eeb339cd0cedb7779166738d0b5,6c2b0609ea44fa522403f26038feaf01c3fb5664
ori_fleetbase_v4,Ori-Fleetbase-v4,3,53,70c45a34d42a802848521e4530831e2b9d7526bc,70c45a34d42a,False,,fix(scripts): replace unicode quotes with ASCII in docker-install.sh,ayoub9360,None,2026-01-29T22:51:40+01:00,233154ecb2a935cfc595e3e016b729ff38ad7bf5,9345500261041e572bed11f79488d7be7bf1d74e
ori_fleetbase_v4,Ori-Fleetbase-v4,4,53,6b5bbd1b7cd0858d8b4a499043924c9abef81992,6b5bbd1b7cd0,False,,Merge pull request #496 from ayoub9360/fix/docker-install-unicode-quotes,Ron,ron@fleetbase.io,2026-02-05T07:54:00+08:00,e4a8f9519bb97eeb339cd0cedb7779166738d0b5 70c45a34d42a802848521e4530831e2b9d7526bc,
ori_fleetbase_v4,Ori-Fleetbase-v4,5,53,3de9b6fccbde5aeb08f363049f6834eb611cf295,3de9b6fccbde,False,,Added Uzbek translations for API and Console,encoderuz,None,2026-02-04T10:35:16+05:00,233154ecb2a935cfc595e3e016b729ff38ad7bf5,da704a0c39d3044461362fe7b83a3eccba35ae12
ori_fleetbase_v4,Ori-Fleetbase-v4,6,53,768d2e3c854647407564f9c7a37a04859d31f84a,768d2e3c8546,False,,Merge pull request #497 from encoderuz/feat/add-uzbek-language,Ron,ron@fleetbase.io,2026-02-05T07:59:56+08:00,6b5bbd1b7cd0858d8b4a499043924c9abef81992 3de9b6fccbde5aeb08f363049f6834eb611cf295,
ori_fleetbase_v4,Ori-Fleetbase-v4,7,53,ccf3fc7b31ccd1f264a2af123cc1c399b71b6a1b,ccf3fc7b31cc,False,,Merge branch 'dev-v0.7.27' of github.com:fleetbase/fleetbase into dev-v0.7.27,Ronald A. Richardson,me@ron.dev,2026-02-05T08:44:16+08:00,a0febb1cbcd0014b0ec30a298ad98e4f436bdfbf 768d2e3c854647407564f9c7a37a04859d31f84a,
ori_fleetbase_v4,Ori-Fleetbase-v4,8,53,517bc7b3bc09217c185a8a9a6615f3c71da6ac13,517bc7b3bc09,False,,Refactor README: Remove AWS Marketplace content and reorganize features/showcase into tables,Manus AI,manus@fleetbase.io,2026-02-04T19:55:13-05:00,233154ecb2a935cfc595e3e016b729ff38ad7bf5,ab07710a3c7c47203cc89d1be233979c13f17a94
ori_fleetbase_v4,Ori-Fleetbase-v4,9,53,529f1cfa90cebbe67e93674b31e82da426e625ee,529f1cfa90ce,False,,"Update README: Fix TOC links, add dual licensing section, convert creators to table",Manus AI,manus@fleetbase.io,2026-02-04T20:12:41-05:00,517bc7b3bc09217c185a8a9a6615f3c71da6ac13,0f3efde247ed4914cd05dabaf6e17661976b93cc
ori_fleetbase_v4,Ori-Fleetbase-v4,10,53,44eac77cde24d81533c60cc8cd0ed63a2fbf184e,44eac77cde24,False,,"Add badges, update copyright to 2026, fix OSRM markdown link",Manus AI,manus@fleetbase.io,2026-02-04T20:23:00-05:00,529f1cfa90cebbe67e93674b31e82da426e625ee,2d5de55e61ffd578e66e4838f3010364526d028c
ori_fleetbase_v4,Ori-Fleetbase-v4,11,53,f1edcf607ba94a8a4e9edc7a59da96808959fe0b,f1edcf607ba9,False,,Fix Discord server ID in badge,Manus AI,manus@fleetbase.io,2026-02-04T20:31:52-05:00,44eac77cde24d81533c60cc8cd0ed63a2fbf184e,02ceef3bd0967103cc992efa382458f6cebe0648
ori_fleetbase_v4,Ori-Fleetbase-v4,12,53,86a3b339d4682aacf33b3cfd56c4a1feae47b966,86a3b339d468,False,,"Add Who Is This For, improve Apps/Roadmap tables, add Deployment Options, enhance Contributing, fix typos, add exhaustive keywords",Manus AI,manus@fleetbase.io,2026-02-04T20:43:41-05:00,f1edcf607ba94a8a4e9edc7a59da96808959fe0b,3b2814bfe771428027dbe662be373e2dcfd3a642
ori_fleetbase_v4,Ori-Fleetbase-v4,13,53,019ca9bc2d6077ef4608aebc11cbaa211de3ccfe,019ca9bc2d60,False,,Remove keywords section and fix deployment guide link,Manus AI,manus@fleetbase.io,2026-02-04T20:52:01-05:00,86a3b339d4682aacf33b3cfd56c4a1feae47b966,8ef668e7c7046b9a7118824742a19559609d2ee2
ori_fleetbase_v4,Ori-Fleetbase-v4,14,53,6cd226b4f9985d0e2c1a7131295f68d1c7c89078,6cd226b4f998,False,,Update roadmap: Both Pallet and Ledger in development for late Q1/early Q2 2026,Manus AI,manus@fleetbase.io,2026-02-04T20:53:26-05:00,019ca9bc2d6077ef4608aebc11cbaa211de3ccfe,9565b76d0c32d96bf81595c5a5e05cda5fd7b87f
ori_fleetbase_v4,Ori-Fleetbase-v4,15,53,7603c00ab1f0c2f4708999ee3913f04116a43513,7603c00ab1f0,False,,Merge pull request #499 from fleetbase/readme-improvements,Ron,ron@fleetbase.io,2026-02-05T09:55:01+08:00,768d2e3c854647407564f9c7a37a04859d31f84a 6cd226b4f9985d0e2c1a7131295f68d1c7c89078,
ori_fleetbase_v4,Ori-Fleetbase-v4,16,53,2b8af0a47d6c3e0ca2bb983ede7930b6d325b46a,2b8af0a47d6c,False,,Merge branch 'dev-v0.7.27' of github.com:fleetbase/fleetbase into dev-v0.7.27,Ronald A. Richardson,me@ron.dev,2026-02-05T09:57:18+08:00,ccf3fc7b31ccd1f264a2af123cc1c399b71b6a1b 7603c00ab1f0c2f4708999ee3913f04116a43513,
ori_fleetbase_v4,Ori-Fleetbase-v4,17,53,e02c8e831afe609be3b4eb6738d69c3a5cd13c1f,e02c8e831afe,False,,bump the version in package.json,Ronald A. Richardson,me@ron.dev,2026-02-05T10:05:51+08:00,2b8af0a47d6c3e0ca2bb983ede7930b6d325b46a,942aa5788916e83ef34f9e28ffb902cd901df0b9
ori_fleetbase_v4,Ori-Fleetbase-v4,18,53,360f01ebf747c17c353db3a861b3abaead1ae798,360f01ebf747,False,,Merge pull request #498 from fleetbase/dev-v0.7.27,Ron,ron@fleetbase.io,2026-02-05T10:13:19+08:00,233154ecb2a935cfc595e3e016b729ff38ad7bf5 e02c8e831afe609be3b4eb6738d69c3a5cd13c1f,
ori_fleetbase_v4,Ori-Fleetbase-v4,19,53,66c210f42a8e105feea1c98aa5161646de970cde,66c210f42a8e,False,,Hotfix: uzbek translation file,Ronald A. Richardson,me@ron.dev,2026-02-05T10:58:19+08:00,360f01ebf747c17c353db3a861b3abaead1ae798,052b7f063b4547770751f63b8ece88098f799461
ori_fleetbase_v4,Ori-Fleetbase-v4,20,53,a79ebda392f55fa0dc822cbaf2009661ecf018eb,a79ebda392f5,False,,Upgrades fleetops to v0.6.35,Ronald A. Richardson,me@ron.dev,2026-02-06T10:04:32+08:00,66c210f42a8e105feea1c98aa5161646de970cde,7db17ff9e147b4776cb8dd7b24dbae4f421fb0ef
ori_fleetbase_v4,Ori-Fleetbase-v4,21,53,edec9d02a4f0a09f8710409dfd5e98428e354efc,edec9d02a4f0,False,,Sync submodule pointers to origin/main,Ronald A. Richardson,me@ron.dev,2026-02-06T10:16:16+08:00,a79ebda392f55fa0dc822cbaf2009661ecf018eb,486e6c326172ff07419880c4b3c616dcbb57b592
ori_fleetbase_v4,Ori-Fleetbase-v4,22,53,989fa9a777e28839dac1bdf2f87fd9f6ceca19b3,989fa9a777e2,False,,Merge pull request #501 from fleetbase/dev-v0.7.28,Ron,ron@fleetbase.io,2026-02-06T10:17:13+08:00,66c210f42a8e105feea1c98aa5161646de970cde edec9d02a4f0a09f8710409dfd5e98428e354efc,
ori_fleetbase_v4,Ori-Fleetbase-v4,23,53,5e69a7d4435cc6487baf8e155ffc5899babe10a5,5e69a7d4435c,False,,v0.7.29,Ronald A. Richardson,me@ron.dev,2026-02-12T15:48:02+08:00,989fa9a777e28839dac1bdf2f87fd9f6ceca19b3,685f4c9fa75a08457b4f1a33624d4ea4f9e6899f
ori_fleetbase_v4,Ori-Fleetbase-v4,24,53,3dc5b9b01593fdebd4fdc0470474d58a1a52704e,3dc5b9b01593,False,,fix: Add localStorage quota error handling to onboarding-context service,Ronald A Richardson,ronald@fleetbase.io,2026-02-05T03:54:10-05:00,66c210f42a8e105feea1c98aa5161646de970cde,35f08927c73ab2f124a56b08da7ecbece34f6396
ori_fleetbase_v4,Ori-Fleetbase-v4,25,53,dccd1b688304b88d8291895023daa418ef344b5f,dccd1b688304,False,,Merge pull request #500 from fleetbase/fix/onboarding-context-quota-error,Ron,ron@fleetbase.io,2026-02-12T15:49:48+08:00,5e69a7d4435cc6487baf8e155ffc5899babe10a5 3dc5b9b01593fdebd4fdc0470474d58a1a52704e,
ori_fleetbase_v4,Ori-Fleetbase-v4,26,53,7d3b6ed18fd3e24c542d138b1299755ce9e7af94,7d3b6ed18fd3,False,,fix: Update install script to create console environment files,Manus AI,ai@manus.im,2026-02-22T21:00:39-05:00,989fa9a777e28839dac1bdf2f87fd9f6ceca19b3,b56f87dd5efc0afb526ace4ad812d9b5464e3b21
ori_fleetbase_v4,Ori-Fleetbase-v4,27,53,d50d3ab98beeb52967804f3d4ee7ebe93fa7cd18,d50d3ab98bee,False,,fix: Update comments to reflect updating existing environment files,Manus AI,ai@manus.im,2026-02-23T01:06:44-05:00,7d3b6ed18fd3e24c542d138b1299755ce9e7af94,a5e9e0766ee616fb1ffa529f8fdc265c632c3cba
ori_fleetbase_v4,Ori-Fleetbase-v4,28,53,2f017c570991fd0398221f36ff8f666875a85a67,2f017c570991,False,,Merge pull request #505 from fleetbase/fix/install-script-console-env-files,Ron,ron@fleetbase.io,2026-02-27T14:59:32+08:00,dccd1b688304b88d8291895023daa418ef344b5f d50d3ab98beeb52967804f3d4ee7ebe93fa7cd18,
ori_fleetbase_v4,Ori-Fleetbase-v4,29,53,4746389b36c0d6db9c8587b49d8d69ca9ba8d7bf,4746389b36c0,False,,docs: Update RELEASE.md for v0.7.29,Manus AI,manus@fleetbase.io,2026-02-27T02:11:38-05:00,2f017c570991fd0398221f36ff8f666875a85a67,be55610ecc654397a3fc10f0a69655c522ff18ed
ori_fleetbase_v4,Ori-Fleetbase-v4,30,53,fffe67f5088cc023cbbb13bbf7a7b648d5f67e42,fffe67f5088c,False,,docs: Update installation instructions to use fleetbase-cli,Manus AI,manus@fleetbase.io,2026-02-27T02:20:19-05:00,4746389b36c0d6db9c8587b49d8d69ca9ba8d7bf,d4fa5b61aeb9945afaf85c17780870132234956a
ori_fleetbase_v4,Ori-Fleetbase-v4,31,53,fe874e178883f576dae4d802a01648fe3e10a7ce,fe874e178883,False,,"docs: Refine README - simplify install section, reorganize CLI/Extensions sections",Manus AI,manus@fleetbase.io,2026-02-27T02:30:42-05:00,fffe67f5088cc023cbbb13bbf7a7b648d5f67e42,4e3e8d7002226a2c664e27af99701d60044a5866
ori_fleetbase_v4,Ori-Fleetbase-v4,32,53,b88f3fab1b56e08ae705b905fc9440e5179017a9,b88f3fab1b56,False,,"docs: Fix CLI commands - use set-auth for installing, login for publishing",Manus AI,manus@fleetbase.io,2026-02-27T02:33:45-05:00,fe874e178883f576dae4d802a01648fe3e10a7ce,d76b6036845a2568ecf0da2e96272982b42783ac
ori_fleetbase_v4,Ori-Fleetbase-v4,33,53,1e2bdc0a0f6e5d148bacf45b7c0e63e462740c25,1e2bdc0a0f6e,False,,"docs: Fix CLI commands - use scaffold instead of create-extension, remove Finding Extensions",Manus AI,manus@fleetbase.io,2026-02-27T02:35:45-05:00,b88f3fab1b56e08ae705b905fc9440e5179017a9,9aeda3cf3392142128f09e08d0fec12d9bcf6c3e
ori_fleetbase_v4,Ori-Fleetbase-v4,34,53,4213669911562ab3a3d1979c786760b7924aea90,421366991156,False,,"docs: Fix installation workflow, remove (for publishers) labels, correct extension naming, fix license link",Manus AI,manus@fleetbase.io,2026-02-27T02:42:37-05:00,1e2bdc0a0f6e5d148bacf45b7c0e63e462740c25,edf5e3daaa99dc3d53fe2173de1c5ea4d862eb79
ori_fleetbase_v4,Ori-Fleetbase-v4,35,53,f2dc092b280b8b34482bc038b15193692cb1bf4b,f2dc092b280b,False,,docs: Fix feature showcase - rename Workflow Builder to Order Config,Manus AI,manus@fleetbase.io,2026-02-27T02:43:43-05:00,4213669911562ab3a3d1979c786760b7924aea90,7ec606aa8eaafd6270f11daa6c8302c4ac3b4909
ori_fleetbase_v4,Ori-Fleetbase-v4,36,53,0b0444820404c48e5b90bb6d140b4ead82fa916e,0b0444820404,False,,Few changes made to console core,Ronald A. Richardson,me@ron.dev,2026-02-27T15:47:08+08:00,f2dc092b280b8b34482bc038b15193692cb1bf4b,60edf7db679f539331d363978e857ac1eb42f8be
ori_fleetbase_v4,Ori-Fleetbase-v4,37,53,08c8cfc630f2df159d42ff854ff33e7448ac4551,08c8cfc630f2,False,,Check-in all upgraded dependencies,Ronald A. Richardson,me@ron.dev,2026-02-27T16:41:46+08:00,0b0444820404c48e5b90bb6d140b4ead82fa916e,76ba48085d054ab4fba08669595bd146693816f9
ori_fleetbase_v4,Ori-Fleetbase-v4,38,53,b5d81971d54fb054fd9e641b1c8df2e3e10c755f,b5d81971d54f,False,,Merge pull request #503 from fleetbase/dev-v0.7.29,Ron,ron@fleetbase.io,2026-02-27T16:50:24+08:00,989fa9a777e28839dac1bdf2f87fd9f6ceca19b3 08c8cfc630f2df159d42ff854ff33e7448ac4551,
ori_fleetbase_v4,Ori-Fleetbase-v4,39,53,834478fed1a8a3b696ab1e1a3237079e8cebdf4c,834478fed1a8,False,,[hotfix] upgrade core-api to v1.6.37,Ronald A. Richardson,me@ron.dev,2026-02-27T18:56:59+08:00,b5d81971d54fb054fd9e641b1c8df2e3e10c755f,c955d6c458652bb7c8d287f8cae64f20719936fc
ori_fleetbase_v4,Ori-Fleetbase-v4,40,53,269175ff519c7233bddcaf97d00c8cee196b4c44,269175ff519c,False,,v0.7.30 <> Patches extensions endpoint + fleetops #507,Ronald A. Richardson,me@ron.dev,2026-02-28T09:53:46+08:00,834478fed1a8a3b696ab1e1a3237079e8cebdf4c,b173ecfddc54970d711e38514bb3c8a841a2b7e6
ori_fleetbase_v4,Ori-Fleetbase-v4,41,53,17a6ad34d8a294ebb94d4cca6e5d26ae4f1e092d,17a6ad34d8a2,False,,docs: add v0.7.30 release notes and flb search to README,Ronald A. Richardson,ron@fleetbase.io,2026-02-27T20:57:27-05:00,269175ff519c7233bddcaf97d00c8cee196b4c44,449801d7676cfc3c13dd757c97fda4b2892c5a56
ori_fleetbase_v4,Ori-Fleetbase-v4,42,53,e09ed5e85c36be5b4af9d5a988cece6a58c1e589,e09ed5e85c36,False,,docs: correct v0.7.30 release notes and README CLI section,Ronald A. Richardson,ron@fleetbase.io,2026-02-27T21:03:27-05:00,17a6ad34d8a294ebb94d4cca6e5d26ae4f1e092d,01b9e61313b85e23f10f3beba5c9585ccba924f4
ori_fleetbase_v4,Ori-Fleetbase-v4,43,53,29c23e373f588e95c850c8523a107279e354bed9,29c23e373f58,False,,Merge pull request #508 from fleetbase/dev-v0.7.30,Ron,ron@fleetbase.io,2026-02-28T10:24:05+08:00,834478fed1a8a3b696ab1e1a3237079e8cebdf4c e09ed5e85c36be5b4af9d5a988cece6a58c1e589,
ori_fleetbase_v4,Ori-Fleetbase-v4,44,53,421f0c7b335e0e1fa27cc683cc682b8559b97634,421f0c7b335e,True,421f0c7b335e0e1fa27cc683cc682b8559b97634,"added suspend/resume options for the drivers, allowing them to take breaks during deliveries",OriZilb,None,2026-03-25T19:21:37+02:00,29c23e373f588e95c850c8523a107279e354bed9,bdef196ed845893c995553dea05894b3141fe95c
ori_fleetbase_v4,Ori-Fleetbase-v4,45,53,5b33667b909d3774b7917b7a8ee9e204e253aa99,5b33667b909d,False,,feat: add checkin/checkout/dwell_time columns to waypoints table,OriZilb,None,2026-03-26T09:59:04+02:00,421f0c7b335e0e1fa27cc683cc682b8559b97634,505f69bbd9e7b07bd039f0e58cd10581fcb57fc1
ori_fleetbase_v4,Ori-Fleetbase-v4,46,53,10299c66dd4a657cef7667cdbe73509300cfa183,10299c66dd4a,False,,feat: add checkin/checkout methods and dwell time to Waypoint model,OriZilb,None,2026-03-26T09:59:47+02:00,5b33667b909d3774b7917b7a8ee9e204e253aa99,01f1755a77bc6983fdb3e600e28ecde8803379b3
ori_fleetbase_v4,Ori-Fleetbase-v4,47,53,1fd1552483328f208d273d783cf51d6cb46b66bd,1fd155248332,False,,feat: add waypoint checkin/checkout API endpoints,OriZilb,None,2026-03-26T10:00:56+02:00,10299c66dd4a657cef7667cdbe73509300cfa183,7fcf25db2371422310c55035cecb6727396174fc
ori_fleetbase_v4,Ori-Fleetbase-v4,48,53,0c42e94092e4d06dd6c8deee1807d412678bb9e1,0c42e94092e4,False,,"feat: add geofence_alerts, geofence_events, and geofence_states migrations",OriZilb,None,2026-03-29T11:29:19+03:00,1fd1552483328f208d273d783cf51d6cb46b66bd,635956c62ae022f20d2c5629bb3e79ce615e9043
ori_fleetbase_v4,Ori-Fleetbase-v4,49,53,4cba95d66f846bdb55d92cb28d439e2e3e151596,4cba95d66f84,False,,"feat: add GeofenceAlert, GeofenceEvent, and GeofenceState models",OriZilb,None,2026-03-29T11:29:28+03:00,0c42e94092e4d06dd6c8deee1807d412678bb9e1,8f6abfde74d9211e5b3079fa930446b751d61b97
ori_fleetbase_v4,Ori-Fleetbase-v4,50,53,65f57ff50f7b32c1a0ad896591c9452539613c81,65f57ff50f7b,False,,"feat: add geofence alerts/events API layer — resources, filters, controllers, routes",OriZilb,None,2026-03-29T11:30:46+03:00,4cba95d66f846bdb55d92cb28d439e2e3e151596,c59be9c7d8b3b4943f1f516ff5637707710fc50c
ori_fleetbase_v4,Ori-Fleetbase-v4,51,53,aadf86ed70d9b135b6f47b93e9a3d234681f853c,aadf86ed70d9,False,,"feat: add GeofenceService detection engine, GeofenceTriggered event, and async job",OriZilb,None,2026-03-29T11:31:45+03:00,65f57ff50f7b32c1a0ad896591c9452539613c81,3b6a128e98ea599c88a952d16acc459159e886ad
ori_fleetbase_v4,Ori-Fleetbase-v4,52,53,427e12a2db8c5f8fef99ad7385577a9d42579222,427e12a2db8c,False,,"feat: wire geofence notification, listener, and tracking integration",OriZilb,None,2026-03-29T11:33:02+03:00,aadf86ed70d9b135b6f47b93e9a3d234681f853c,e85f89b3186b88615b289a03d6581d8433cce060
ori_fleetbase_v4,Ori-Fleetbase-v4,53,53,ac76d8678578218d10e834c19f3c6e2db8083445,ac76d8678578,False,,fix: add validation guards and harden geofence and order flows,OriZilb,None,2026-03-29T12:22:05+03:00,427e12a2db8c5f8fef99ad7385577a9d42579222,6c9a6ea01ef34b51d29c28624920d90b926f7078
record_store_app,record-store-app,1,13,ea1a0a6c6696c5ed42e5e2c583b95d09de280b7b,ea1a0a6c6696,False,,feat: submit promo code on Enter key press,Store Dev,dev@patiphon.local,2026-03-30T18:51:04+03:00,ca35fe2bf8acac5ec234de29814a5c5f87af8138,0092ad4104e7267a86022888a66b452d4796b595
record_store_app,record-store-app,2,13,f413a933a2425d962b6ec112318d3dbb1b1900e2,f413a933a242,False,,fix: reset applied promo when cart items are modified,Store Dev,dev@patiphon.local,2026-03-31T10:00:41+03:00,ea1a0a6c6696c5ed42e5e2c583b95d09de280b7b,ec581a3bcbdf136b8f486fff3af16d5c85e1786e
record_store_app,record-store-app,3,13,b7f47e2b7d426a4ee9f970ef165033b44e6dce20,b7f47e2b7d42,False,,refactor: align cart rate variable name with backend terminology,Store Dev,dev@patiphon.local,2026-03-31T10:28:11+03:00,f413a933a2425d962b6ec112318d3dbb1b1900e2,7213736ef160e8a2d465a76597fadb1369f8e0cd
record_store_app,record-store-app,4,13,d3ffea023d04d7d3f3270d747b1701f6206ea6f2,d3ffea023d04,False,,feat: show genre tag on cart items when promo is applied,Store Dev,dev@patiphon.local,2026-03-31T10:29:33+03:00,b7f47e2b7d426a4ee9f970ef165033b44e6dce20,5fc1543a3aa88649304cbd62e385b8ebef87af63
record_store_app,record-store-app,5,13,3025c435e1d2acb7d3161da7b9ea6f32f25e170c,3025c435e1d2,False,,style: disable apply button while promo code is being validated,Store Dev,dev@patiphon.local,2026-03-31T10:29:57+03:00,d3ffea023d04d7d3f3270d747b1701f6206ea6f2,bc15a7d9024e8c0c82aa886580dde71d161af877
record_store_app,record-store-app,6,13,34e6e7669b3bfd8077d12121c7d34c48025014c9,34e6e7669b3b,False,,style: update promo confirmation message wording,Store Dev,dev@patiphon.local,2026-03-31T10:30:21+03:00,3025c435e1d2acb7d3161da7b9ea6f32f25e170c,5164b253c447292170d6c8dcd16644341d5f7b1c
record_store_app,record-store-app,7,13,99f910101e4ea964d77dc25ab544d03277bde88f,99f910101e4e,True,99f910101e4ea964d77dc25ab544d03277bde88f,refactor: move discount calculation to client side,Store Dev,dev@patiphon.local,2026-03-31T10:31:00+03:00,34e6e7669b3bfd8077d12121c7d34c48025014c9,60758b9ff5a174499d7250c3f88fc3880cb6b67d
record_store_app,record-store-app,8,13,3d71616056b2eedd0e48ddabb5c6a0b01b30779b,3d71616056b2,False,,feat: close record modal on Escape key,Store Dev,dev@patiphon.local,2026-03-31T11:04:00+03:00,99f910101e4ea964d77dc25ab544d03277bde88f,c305a07064004f1893b90b4115c236e0ee831d36
record_store_app,record-store-app,9,13,2ae2ee063b6a7923008317ad05880aa16d8354fc,2ae2ee063b6a,False,,feat: add price sort to catalog filters,Store Dev,dev@patiphon.local,2026-03-31T11:17:00+03:00,3d71616056b2eedd0e48ddabb5c6a0b01b30779b,4bdd38d6d0eb122a4af0fae50074d789e13ebf3d
record_store_app,record-store-app,10,13,6282caf422b57bb9d103744b19bf862c47765dfe,6282caf422b5,False,,style: dim out-of-stock cards in catalog grid,Store Dev,dev@patiphon.local,2026-03-31T11:21:00+03:00,2ae2ee063b6a7923008317ad05880aa16d8354fc,1db3d5b5505dd359eade14d3e7a2ff6197a4c99d
record_store_app,record-store-app,11,13,deb3a59721b6f0e69f63fc0001ca015e0f4fc43d,deb3a59721b6,False,,feat: show cart item count in browser tab title,Store Dev,dev@patiphon.local,2026-03-31T14:33:00+03:00,6282caf422b57bb9d103744b19bf862c47765dfe,28586f183a9ffd0d29a84348163aa7e7f0af2bef
record_store_app,record-store-app,12,13,74e3dc9a1b6cffa4aae8fdce5a46676ac0f1da26,74e3dc9a1b6c,False,,feat: add clear cart button,Store Dev,dev@patiphon.local,2026-03-31T14:51:00+03:00,deb3a59721b6f0e69f63fc0001ca015e0f4fc43d,1d7f852a2e8091f46cf362904821a6ea0e85b563
record_store_app,record-store-app,13,13,b2a895394aa214e21b874365ceff689e2815aa90,b2a895394aa2,False,,feat: show record label on catalog cards,Store Dev,dev@patiphon.local,2026-03-31T15:05:00+03:00,74e3dc9a1b6cffa4aae8fdce5a46676ac0f1da26,c2b1a6bd4037296d2b6a36f98233a08d093515ab
wikijs_hoch,wikijs-hoch,1,17,cd9ec1e6071db8ac8da0653cf8c3110d87c471bb,cd9ec1e6071d,False,,fix: apply theme style to embedded diagram svg (#7903),Felix Eckhofer,felix@eckhofer.com,2026-01-20T22:40:00+01:00,6ed9221dedc61eb76374b1f8b46d7f6e1d0a3495,210141c68e35bdc840099bfa7160cd8a5626c03f
wikijs_hoch,wikijs-hoch,2,17,3f271ab1fda5b20ee558cb94eeee312b399c8277,3f271ab1fda5,False,,fix: diagram svg styling add `!important` qualifier for light scheme (#7905),Felix Eckhofer,felix@eckhofer.com,2026-01-22T18:27:29+01:00,cd9ec1e6071db8ac8da0653cf8c3110d87c471bb,6e00d427b7892c81b834ea0c91858951e9ff753d
wikijs_hoch,wikijs-hoch,3,17,cc4c1f8a359a11b790e55c3271853fafc78ee0a0,cc4c1f8a359a,False,,feat: map OIDC/OAuth2 avatar claims to user pictureUrl (#7908),mod242,40213799+mod242@users.noreply.github.com,2026-01-24T00:36:52+01:00,3f271ab1fda5b20ee558cb94eeee312b399c8277,ea34ea8d0a9bb5b08b75bc2e89ea780458159ab7
wikijs_hoch,wikijs-hoch,4,17,e1f69aeaa25c17488e415afa795c71ac6d68f4c1,e1f69aeaa25c,False,,fix: validate loginRedirect cookie to prevent open redirect (#7923),Kolega.dev,security@kolega.ai,2026-02-12T02:27:36Z,cc4c1f8a359a11b790e55c3271853fafc78ee0a0,2cc3b8e4e6687d2a7154053a7ca799942fdff461
wikijs_hoch,wikijs-hoch,5,17,750bfd9bb6bae1bfa363593afa57182ac5b96de9,750bfd9bb6ba,False,,fix: authenticate GraphQL subscription WebSocket connections (#7922),Kolega.dev,security@kolega.ai,2026-02-12T02:40:25Z,e1f69aeaa25c17488e415afa795c71ac6d68f4c1,84daf7139e16651f4595402783b23192b0d79438
wikijs_hoch,wikijs-hoch,6,17,ee7703cd92f79a6545d176048948b5dae9392b4e,ee7703cd92f7,False,,fix(helm): Replace bitname PostgreSQL chart with custom statefulset (#7936),Nicolas Giard,github@ngpixel.com,2026-02-22T00:04:24-05:00,750bfd9bb6bae1bfa363593afa57182ac5b96de9,9db13e48b47d6834bdb926a00e916f118f40c6fb
wikijs_hoch,wikijs-hoch,7,17,1872564fa6be077d254447ed29f4bb89637740fd,1872564fa6be,False,,ci(helm): fix chart versioning,Nicolas Giard,github@ngpixel.com,2026-02-22T00:13:49-05:00,ee7703cd92f79a6545d176048948b5dae9392b4e,8ed391ffa4d63c6b439f53c2aab12dac91e02f7a
wikijs_hoch,wikijs-hoch,8,17,fd311eef87b707bb6fec6e10649c83172b05a38b,fd311eef87b7,False,,ci(helm): use prod chart,Nicolas Giard,github@ngpixel.com,2026-02-22T00:22:00-05:00,1872564fa6be077d254447ed29f4bb89637740fd,be996c16df052bbf1fc5d1f8ebb45b35ae9cc678
wikijs_hoch,wikijs-hoch,9,17,410e513a13e68ffcbd2eefcd9624693e49244f59,410e513a13e6,False,,ci: update packer definition,NGPixel,github@ngpixel.com,2026-02-26T04:42:58-05:00,fd311eef87b707bb6fec6e10649c83172b05a38b,b6f589ae398d6413081456c9c1c9d8e4c97ce4de
wikijs_hoch,wikijs-hoch,10,17,5ff6684cd63a6ccfe5eb736c9e6f50e00417be25,5ff6684cd63a,False,,ci: update packer build workflow,NGPixel,github@ngpixel.com,2026-02-26T04:51:10-05:00,410e513a13e68ffcbd2eefcd9624693e49244f59,1d179c2af08ded397c00ffde43a73efa0703dcd2
wikijs_hoch,wikijs-hoch,11,17,5d7b1cf32027b9ef385be2dac65dee06ef3d85a1,5d7b1cf32027,False,,ci: fix packer docker script,NGPixel,github@ngpixel.com,2026-02-26T04:59:50-05:00,5ff6684cd63a6ccfe5eb736c9e6f50e00417be25,d7a676b1c64162018c8cceb231160bf6fe0b0e5c
wikijs_hoch,wikijs-hoch,12,17,ee73c97bf6bde6750279471cc950d9e3a286f21d,ee73c97bf6bd,False,,ci: purge droplet-agent in packer cleanup script,NGPixel,github@ngpixel.com,2026-02-26T05:10:46-05:00,5d7b1cf32027b9ef385be2dac65dee06ef3d85a1,b3cbe2a5b8042ccdc2a16824eae5cb4a8f39f299
wikijs_hoch,wikijs-hoch,13,17,9286cd7881b9cbb37f7c1bc9703b96a6f178f614,9286cd7881b9,False,,ci: fix packer cleanup script,NGPixel,github@ngpixel.com,2026-02-26T05:23:59-05:00,ee73c97bf6bde6750279471cc950d9e3a286f21d,fe34b4c9a45535ce29b7c76d40f885df896f563f
wikijs_hoch,wikijs-hoch,14,17,91cf4bedca54faa1aae7cd512f940f36cd0634c3,91cf4bedca54,False,,ci: pin packer postgres to 17,NGPixel,github@ngpixel.com,2026-02-26T05:41:53-05:00,9286cd7881b9cbb37f7c1bc9703b96a6f178f614,abf470ac2695dd8bc8d76f1d37ce52e2440247d8
wikijs_hoch,wikijs-hoch,15,17,64a7ef90379b99747f919f6eceda0a0e94173425,64a7ef90379b,False,,docs: Update README,Nicolas Giard,github@ngpixel.com,2026-03-23T12:04:41-04:00,91cf4bedca54faa1aae7cd512f940f36cd0634c3,33ab908f654100e2b3c99287e257ff081d5fb915
wikijs_hoch,wikijs-hoch,16,17,43438ff4f78510dadf9858cd98706f2bf532b431,43438ff4f785,True,43438ff4f78510dadf9858cd98706f2bf532b431,feat: add TimeToEditsMap for per-minute edit history tracking,itayh,itayh@local,2026-03-29T12:19:52+03:00,64a7ef90379b99747f919f6eceda0a0e94173425,4ac9c421aacad0da22755b37ba9fb10ef4d238b6
wikijs_hoch,wikijs-hoch,17,17,0b00745ab52640e2927ad0e1a22464f707339aa3,0b00745ab526,True,0b00745ab52640e2927ad0e1a22464f707339aa3,feat: persist edit history to SQL DB via editHistory table,itayh,itayh@local,2026-03-29T14:12:41+03:00,43438ff4f78510dadf9858cd98706f2bf532b431,6c28c649fd9882ca1b24d5ae3c0a33bea774de23
yael_snipeit,yael_snipeIT,1,120,8eaa9cc7ba3d3897994856b9bf427d0efcf79582,8eaa9cc7ba3d,True,8eaa9cc7ba3d3897994856b9bf427d0efcf79582,feat: RiskSnapshot value object,Yael,yaelariella@gmail.coom,2026-03-27T17:22:41+03:00,920676fbd72a4716b64d4414cd1172f305147aa7,0ed75b5462e14ae27a932a961fcb384c497ca256
yael_snipeit,yael_snipeIT,2,120,fdfb1e88580fa375960177a5ef1ef0b96bc63cd0,fdfb1e88580f,False,,feat: RiskScore result object,Yael,yaelariella@gmail.coom,2026-03-27T17:22:58+03:00,8eaa9cc7ba3d3897994856b9bf427d0efcf79582,d9a1ce8d2804ec9f97a53cbc24f56e3eb9228fdd
yael_snipeit,yael_snipeIT,3,120,ef226ff0ad452fa3ce47137a2498cc4a2670a0b0,ef226ff0ad45,False,,feat: RiskScorer weighted engine,Yael,yaelariella@gmail.coom,2026-03-27T17:23:21+03:00,fdfb1e88580fa375960177a5ef1ef0b96bc63cd0,3c52788667ff34ab558b654546a5a0277786872a
yael_snipeit,yael_snipeIT,4,120,ede94f3677a658d6f60495f79045cb94ea7ba8be,ede94f3677a6,False,,feat: RiskMetricCollector,Yael,yaelariella@gmail.coom,2026-03-27T17:23:56+03:00,ef226ff0ad452fa3ce47137a2498cc4a2670a0b0,07c3d03f8bbb0d35b554bfcd9e281953bacef20f
yael_snipeit,yael_snipeIT,5,120,072ecb40d0c9448e658b5295f191317d1f11f963,072ecb40d0c9,False,,feat: ProtectionMode circuit breaker,Yael,yaelariella@gmail.coom,2026-03-27T17:24:18+03:00,ede94f3677a658d6f60495f79045cb94ea7ba8be,0d4dbcb9a313aba5d5e3d6d4729f01529fbbef1e
yael_snipeit,yael_snipeIT,6,120,cb9c738b51b7eef5153f07e45fa32d49e4f8b655,cb9c738b51b7,False,,feat: RiskScorerService orchestrator,Yael,yaelariella@gmail.coom,2026-03-27T17:24:37+03:00,072ecb40d0c9448e658b5295f191317d1f11f963,94c2f70e3f0dcccc7344f63b6162014ad28a5a97
yael_snipeit,yael_snipeIT,7,120,a16edf4d5a35c1c72a09fb67fee6b42332ade8e3,a16edf4d5a35,False,,feat: RiskThresholdExceeded notification,Yael,yaelariella@gmail.coom,2026-03-27T17:25:06+03:00,cb9c738b51b7eef5153f07e45fa32d49e4f8b655,d8b23ae9a90b983bb749a3601010038d2b9117fb
yael_snipeit,yael_snipeIT,8,120,fe6d69b30f5cabe15251cc45167e16f73e5d5f5c,fe6d69b30f5c,False,,feat: EvaluateRisk artisan command,Yael,yaelariella@gmail.coom,2026-03-27T17:25:31+03:00,a16edf4d5a35c1c72a09fb67fee6b42332ade8e3,bb01755043981bff5a0cf1620b8d9f8ce109700f
yael_snipeit,yael_snipeIT,9,120,7d731ff7315e8ce35b81cc97ccc1266b8eec7973,7d731ff7315e,False,,test: RiskScorer unit tests,Yael,yaelariella@gmail.coom,2026-03-27T17:26:02+03:00,fe6d69b30f5cabe15251cc45167e16f73e5d5f5c,7b90320f0deb551858a55fcf648078b407f7d422
yael_snipeit,yael_snipeIT,10,120,a15525defe537650518c951d7538a7bdd98d7903,a15525defe53,False,,refactor: use now() in AssetObserver log entries,Yael,yaelariella@gmail.coom,2026-03-27T19:33:59+03:00,7d731ff7315e8ce35b81cc97ccc1266b8eec7973,919a54f5dd51354cea28678515826cca6920ca66
yael_snipeit,yael_snipeIT,11,120,380cb70cc067534716ef2d4dbf64795e3f8d3c93,380cb70cc067,False,,refactor: use now() in UserObserver log entries,Yael,yaelariella@gmail.coom,2026-03-27T19:34:04+03:00,a15525defe537650518c951d7538a7bdd98d7903,4ccf36d4dbc85e1bc7dff944c78b5976bf710ccc
yael_snipeit,yael_snipeIT,12,120,410a56cb6fe15967aff56308e62ac9782206ba70,410a56cb6fe1,False,,refactor: use now() in LocationObserver log entries,Yael,yaelariella@gmail.coom,2026-03-27T19:34:09+03:00,380cb70cc067534716ef2d4dbf64795e3f8d3c93,1f981325506cc367464aff918f301f09937d286e
yael_snipeit,yael_snipeIT,13,120,d56f4f0bc6a323c514daac960769094e396e125c,d56f4f0bc6a3,False,,refactor: use now() in MaintenanceObserver log entries,Yael,yaelariella@gmail.coom,2026-03-27T19:34:14+03:00,410a56cb6fe15967aff56308e62ac9782206ba70,fbcace90a04759d811a8f7961a3fb9e138953f65
yael_snipeit,yael_snipeIT,14,120,eb9d8b7613b4c24fb07f00a51b05330ecc5fc923,eb9d8b7613b4,False,,docs: list exact action types in recentWarningEvents description,Yael,yaelariella@gmail.coom,2026-03-27T19:34:33+03:00,d56f4f0bc6a323c514daac960769094e396e125c,4f88ab6aaf94d69e4c3f9a2907146beff3954776
yael_snipeit,yael_snipeIT,15,120,2801009b9b8fd6da216b7d5984c63839716565e0,2801009b9b8f,False,,docs: add data sources table and future metric candidates,Yael,yaelariella@gmail.coom,2026-03-27T19:34:56+03:00,eb9d8b7613b4c24fb07f00a51b05330ecc5fc923,14512cfbafb80d98a3cc750c7af8195911ab2aa8
yael_snipeit,yael_snipeIT,16,120,2ca6a301ce50c6a91585d4c51c8ca233c9cef0e8,2ca6a301ce50,False,,fix: dominantMetric returns none when all contributions are zero,Yael,yaelariella@gmail.coom,2026-03-27T19:35:07+03:00,2801009b9b8fd6da216b7d5984c63839716565e0,d0188fbe21358bd2975ab7bdac5679e1f03fdc13
yael_snipeit,yael_snipeIT,17,120,beddbab08ff550bb5e2e8ea326a7bb90a28d5ff6,beddbab08ff5,False,,refactor: strict comparisons and trim recipients in SendInventoryAlerts,Yael,yaelariella@gmail.coom,2026-03-27T19:35:21+03:00,2ca6a301ce50c6a91585d4c51c8ca233c9cef0e8,e6be5c0d8e64f709bc128dd605891e91cebbeb4f
yael_snipeit,yael_snipeIT,18,120,dae95bd36a85d9447b408abee4547e6410172b75,dae95bd36a85,False,,refactor: trim recipients and simplify conditions in SendExpectedCheckinAlerts,Yael,yaelariella@gmail.coom,2026-03-27T19:35:52+03:00,beddbab08ff550bb5e2e8ea326a7bb90a28d5ff6,f4a818a5d0b433d8dd4ae29396c12e89d3936c67
yael_snipeit,yael_snipeIT,19,120,26d18d593dea7a9d8723b49ab006b54ce5ef09a6,26d18d593dea,False,,refactor: strict comparisons in SendExpirationAlerts,Yael,yaelariella@gmail.coom,2026-03-27T19:36:02+03:00,dae95bd36a85d9447b408abee4547e6410172b75,446c888cd212ac37f1b083d8943bc90c745776cd
yael_snipeit,yael_snipeIT,20,120,0d8bc640f7d064be4fb368b8bf9a5dc0e4e640b8,0d8bc640f7d0,False,,refactor: use empty() for alert_email check in SendUpcomingAuditReport,Yael,yaelariella@gmail.coom,2026-03-27T19:36:32+03:00,26d18d593dea7a9d8723b49ab006b54ce5ef09a6,7f54538dd658de127f496857774258200e0a9c98
yael_snipeit,yael_snipeIT,21,120,d83ce845f6dde6ca0732bd7b15615125212ca6ff,d83ce845f6dd,False,,refactor: use DB facade instead of global alias in PurgeLoginAttempts,Yael,yaelariella@gmail.coom,2026-03-27T19:36:43+03:00,0d8bc640f7d064be4fb368b8bf9a5dc0e4e640b8,cc59395bddfd65440af30563a7e43d82d39643cf
yael_snipeit,yael_snipeIT,22,120,81a1d4907e6225099c6b3cb45d0f3e9bddfe5f8c,81a1d4907e62,False,,refactor: use now() in AccessoryObserver log entries,Yael,yaelariella@gmail.coom,2026-03-27T19:47:11+03:00,d83ce845f6dde6ca0732bd7b15615125212ca6ff,0db7b993440aa3291afd9d96105a7431cf6a409a
yael_snipeit,yael_snipeIT,23,120,8cf652eeeac6d4525c420d6e4fb0aa028143866c,8cf652eeeac6,False,,refactor: use now() in ComponentObserver log entries,Yael,yaelariella@gmail.coom,2026-03-27T19:47:17+03:00,81a1d4907e6225099c6b3cb45d0f3e9bddfe5f8c,8bdcdf120cf03f07141fe7d648bda8a5fbd9ec0f
yael_snipeit,yael_snipeIT,24,120,9476e6c7f58d28e0acec166072e4de25fd24e062,9476e6c7f58d,False,,refactor: use now() in ConsumableObserver log entries,Yael,yaelariella@gmail.coom,2026-03-27T19:47:22+03:00,8cf652eeeac6d4525c420d6e4fb0aa028143866c,e957a6cd18216c393ed2f1332103d71e03bcc1c9
yael_snipeit,yael_snipeIT,25,120,f1d305352ec23a3937e99560acf14ae1a959c3ae,f1d305352ec2,False,,refactor: use now() in LicenseObserver log entries,Yael,yaelariella@gmail.coom,2026-03-27T19:47:27+03:00,9476e6c7f58d28e0acec166072e4de25fd24e062,5f8f5dfeb4ebc85d10afaceb7e7cffd962f57720
yael_snipeit,yael_snipeIT,26,120,33340f9c86c40f24b84b977fa2e8b0702431d415,33340f9c86c4,False,,docs: fix copy-paste docblock in AccessoryObserver,Yael,yaelariella@gmail.coom,2026-03-27T19:47:41+03:00,f1d305352ec23a3937e99560acf14ae1a959c3ae,fa553bda3479db48051635654ca8805a946f00ea
yael_snipeit,yael_snipeIT,27,120,b94bc62f3994d671f6c3263e650e48df2c43c6e0,b94bc62f3994,False,,docs: fix copy-paste docblock in ComponentObserver,Yael,yaelariella@gmail.coom,2026-03-27T19:47:52+03:00,33340f9c86c40f24b84b977fa2e8b0702431d415,4842b03db26733d36695a8e19d0ba5c9387af37b
yael_snipeit,yael_snipeIT,28,120,8099adf4d222cf8d7fcbdb78536398d4a8f1653c,8099adf4d222,False,,docs: fix copy-paste docblock in ConsumableObserver,Yael,yaelariella@gmail.coom,2026-03-27T19:47:58+03:00,b94bc62f3994d671f6c3263e650e48df2c43c6e0,32e079de8665b92b34198aec28eff8d44d98f8ab
yael_snipeit,yael_snipeIT,29,120,77fbb25cf5b413619c5e383e2b00244d8c121680,77fbb25cf5b4,False,,docs: fix copy-paste docblocks in remaining observers,Yael,yaelariella@gmail.coom,2026-03-27T19:48:19+03:00,8099adf4d222cf8d7fcbdb78536398d4a8f1653c,b14cda5fd51fd5ecc73c7254e2afc9d979fe15ec
yael_snipeit,yael_snipeIT,30,120,a480a501452e1e6e0bb6878d4e88f012ee026983,a480a501452e,False,,"feat: store since, reason, and triggered_by in protection mode cache",Yael,yaelariella@gmail.coom,2026-03-27T19:48:43+03:00,77fbb25cf5b413619c5e383e2b00244d8c121680,ffe18a9b28abe4cf562b022c211113832239edb9
yael_snipeit,yael_snipeIT,31,120,c1005a2daccbf8f53e3ec96093fa359c9b9707a6,c1005a2daccb,False,,feat: ProtectionModeEnabled event,Yael,yaelariella@gmail.coom,2026-03-27T19:48:58+03:00,a480a501452e1e6e0bb6878d4e88f012ee026983,5045b0a6ec438b9dbbab29ad248878e0dfc86bf5
yael_snipeit,yael_snipeIT,32,120,78a02fd1dfb057dbeb6dba2aa2f75dc5637f18fd,78a02fd1dfb0,False,,feat: ProtectionModeDisabled event,Yael,yaelariella@gmail.coom,2026-03-27T19:49:05+03:00,c1005a2daccbf8f53e3ec96093fa359c9b9707a6,0f8f3ec5d689f82ee714b2a4edda79a860f206fd
yael_snipeit,yael_snipeIT,33,120,be308624b41674971372f163aef6b408587f4fd0,be308624b416,False,,refactor: use now() in AccessoryCheckinController,Yael,yaelariella@gmail.coom,2026-03-27T19:49:25+03:00,78a02fd1dfb057dbeb6dba2aa2f75dc5637f18fd,8e551b9f5268bd6232e512e56dea887ec85acb6d
yael_snipeit,yael_snipeIT,34,120,664835ad7b1cc9eb4bddcd5b2857a2e54a6c55bf,664835ad7b1c,False,,refactor: use now() in ComponentCheckoutController pivot insert,Yael,yaelariella@gmail.coom,2026-03-27T19:49:33+03:00,be308624b41674971372f163aef6b408587f4fd0,fbe57f278360af7de04381f04c4ce8f752327f96
yael_snipeit,yael_snipeIT,35,120,a24854b718f70299f0126a689b60e3d6919fec5e,a24854b718f7,False,,feat: fire ProtectionModeEnabled and ProtectionModeDisabled events,Yael,yaelariella@gmail.coom,2026-03-27T19:49:52+03:00,664835ad7b1cc9eb4bddcd5b2857a2e54a6c55bf,f956648362c026fa8d7654808662fa601e65f501
yael_snipeit,yael_snipeIT,36,120,a286a537f0df2bbfa00c1ed9918e9b2b86f5c0e0,a286a537f0df,False,,refactor: use now() and Log facade in CancelCheckoutRequestAction,Yael,yaelariella@gmail.coom,2026-03-27T19:50:12+03:00,a24854b718f70299f0126a689b60e3d6919fec5e,219f001ec63791b73374dfea2b8f3a8b2493dc17
yael_snipeit,yael_snipeIT,37,120,bd06efb215e3400c50567d0366d960fc37b547d9,bd06efb215e3,False,,refactor: use now() and Log facade in CreateCheckoutRequestAction,Yael,yaelariella@gmail.coom,2026-03-27T19:50:23+03:00,a286a537f0df2bbfa00c1ed9918e9b2b86f5c0e0,fd35654a36b44c80340ea76849be2f8b956226fa
yael_snipeit,yael_snipeIT,38,120,43772cfaa8e773f40f5e8874a419f111f9745ea4,43772cfaa8e7,False,,feat: EnforceProtectionMode middleware,Yael,yaelariella@gmail.coom,2026-03-27T19:50:49+03:00,bd06efb215e3400c50567d0366d960fc37b547d9,160d05938474d5db052de570adc9fe89d05ed31b
yael_snipeit,yael_snipeIT,39,120,89da555f43be0a639309ca971f0c31ae74982972,89da555f43be,False,,refactor: strict comparisons in RestoreDeletedUsers,Yael,yaelariella@gmail.coom,2026-03-27T19:51:09+03:00,43772cfaa8e773f40f5e8874a419f111f9745ea4,fbf2f6bdf86aa529123bba400f308eacd6d58ca5
yael_snipeit,yael_snipeIT,40,120,bf239cf3816f57e66e43163ded314bfe0723b2cb,bf239cf3816f,False,,feat: register protection.mode middleware alias in Kernel,Yael,yaelariella@gmail.coom,2026-03-27T19:51:31+03:00,89da555f43be0a639309ca971f0c31ae74982972,5f86410f03860cdad05c8b98ff96bb2720a27372
yael_snipeit,yael_snipeIT,41,120,f0b7be8361ede16e75402afc70067b8c0c693d40,f0b7be8361ed,False,,refactor: strict string comparisons in LdapSync,Yael,yaelariella@gmail.coom,2026-03-27T19:51:53+03:00,bf239cf3816f57e66e43163ded314bfe0723b2cb,eea1e46f332c88d9321696a2bcc5bc951a1480f6
yael_snipeit,yael_snipeIT,42,120,05fcf0ca24b286381bfad352f61df96ebb991a71,05fcf0ca24b2,False,,"feat: ProtectionModeController with status, enable, disable, evaluate",Yael,yaelariella@gmail.coom,2026-03-27T19:52:16+03:00,f0b7be8361ede16e75402afc70067b8c0c693d40,d3ab3fd9627b16c3a27981f1bda967ecb53954c0
yael_snipeit,yael_snipeIT,43,120,748fbfad75524afbea7434d4d192ddfa75206274,748fbfad7552,False,,refactor: use now() in ManufacturersController restore action,Yael,yaelariella@gmail.coom,2026-03-27T19:52:23+03:00,05fcf0ca24b286381bfad352f61df96ebb991a71,792c5bf48834f61e9e87cfdfa57f7f0fc8dbd7c7
yael_snipeit,yael_snipeIT,44,120,c3fe5c760db18bfc87bc3fa785af5b01df248114,c3fe5c760db1,False,,refactor: use now() in LocationsController restore action,Yael,yaelariella@gmail.coom,2026-03-27T19:52:25+03:00,748fbfad75524afbea7434d4d192ddfa75206274,e0bca9e7f033bd0c757adab24c89d054b301f28e
yael_snipeit,yael_snipeIT,45,120,9eb7725fdff2f6eecc12c6e6a7763a29467f0f45,9eb7725fdff2,False,,refactor: use now() in AssetModelsController restore action,Yael,yaelariella@gmail.coom,2026-03-27T19:52:31+03:00,c3fe5c760db18bfc87bc3fa785af5b01df248114,65045ac4f1593440098d90ee9bf906344ed2e3dd
yael_snipeit,yael_snipeIT,46,120,969d3c89f2e48488ec07365d938a755fb1f8b9aa,969d3c89f2e4,False,,refactor: use now() in ViewAssetsController request action,Yael,yaelariella@gmail.coom,2026-03-27T19:52:34+03:00,9eb7725fdff2f6eecc12c6e6a7763a29467f0f45,c54a51f7515e9a55f6054793c37075f611a10f11
yael_snipeit,yael_snipeIT,47,120,0e01afe3b07c49e2b8810d93ec81c7a9c44622d5,0e01afe3b07c,False,,feat: register protection mode routes in web.php,Yael,yaelariella@gmail.coom,2026-03-27T19:53:31+03:00,969d3c89f2e48488ec07365d938a755fb1f8b9aa,f5e9cbb719fb90f280ebec05bc1be89ac2b6a26a
yael_snipeit,yael_snipeIT,48,120,fae39d0021e2804cc16c9fed5227a4361cff000e,fae39d0021e2,False,,refactor: use now() in Api/ManufacturersController restore,Yael,yaelariella@gmail.coom,2026-03-27T19:53:40+03:00,0e01afe3b07c49e2b8810d93ec81c7a9c44622d5,acb1a0dffeb16da0d57b2bc2a24d7a5ca030a99e
yael_snipeit,yael_snipeIT,49,120,5f4601378f7eaed65203e8cc018c5e986da33805,5f4601378f7e,False,,refactor: use now() in web UsersController restore,Yael,yaelariella@gmail.coom,2026-03-27T19:53:42+03:00,fae39d0021e2804cc16c9fed5227a4361cff000e,9a0a6a2d1b7c4ab078586bcc83c46e1e828831ec
yael_snipeit,yael_snipeIT,50,120,379ddb099231fb8477abf23dd1da29403b6d3248,379ddb099231,False,,refactor: use now() in Api/UsersController restore,Yael,yaelariella@gmail.coom,2026-03-27T19:53:45+03:00,5f4601378f7eaed65203e8cc018c5e986da33805,eba95f6f0bb66a0cfd81348f548fca416279ebf9
yael_snipeit,yael_snipeIT,51,120,8cc99e8ae4d9a4316303d3d69b8f26267c4d2bd0,8cc99e8ae4d9,False,,refactor: use now() in Api/AssetsController checkout and audit,Yael,yaelariella@gmail.coom,2026-03-27T19:53:48+03:00,379ddb099231fb8477abf23dd1da29403b6d3248,367b2a397dab2f75052ea53ebe37df94dd8834db
yael_snipeit,yael_snipeIT,52,120,1216f71dad841ccbe60eda0ee860b67af5f9e08d,1216f71dad84,False,,refactor: use now() in BulkAssetsController actions,Yael,yaelariella@gmail.coom,2026-03-27T19:53:54+03:00,8cc99e8ae4d9a4316303d3d69b8f26267c4d2bd0,a423193cdf18fb1f08f18179022e82bb948cebfb
yael_snipeit,yael_snipeIT,53,120,b24daa96ecff3ddf5fef5feee9cb50baa329893c,b24daa96ecff,False,,refactor: use now() in AssetsController restore,Yael,yaelariella@gmail.coom,2026-03-27T19:53:56+03:00,1216f71dad841ccbe60eda0ee860b67af5f9e08d,ed84a541638d764decf42469db6d816fec842168
yael_snipeit,yael_snipeIT,54,120,e1d9c6557c9dca9bf49822eba4279642ae6362b3,e1d9c6557c9d,False,,refactor: use now() in AssetCheckinController,Yael,yaelariella@gmail.coom,2026-03-27T19:53:59+03:00,b24daa96ecff3ddf5fef5feee9cb50baa329893c,c6115a8bd9e52298951cb0152c03d5cb8cbbfa1e
yael_snipeit,yael_snipeIT,55,120,056a8cc9e28b5720fdea4a08c2a6b765d9f184b9,056a8cc9e28b,False,,refactor: use now() in AssetCheckoutController,Yael,yaelariella@gmail.coom,2026-03-27T19:54:02+03:00,e1d9c6557c9dca9bf49822eba4279642ae6362b3,a402ba8110b4d488a0e2b25af0f16eb425463a64
yael_snipeit,yael_snipeIT,56,120,776933ebbe289445866281087816a3fa6823bf3a,776933ebbe28,False,,feat: increase log verbosity during active protection mode window,Yael,yaelariella@gmail.coom,2026-03-27T19:54:14+03:00,056a8cc9e28b5720fdea4a08c2a6b765d9f184b9,81a7a910527c3ccd644b29f3ce224367daa74def
yael_snipeit,yael_snipeIT,57,120,0d6f39f3be18fb82f6037aa3643d5e20d4a9ca7d,0d6f39f3be18,False,,refactor: use now() in AssetImporter date fields,Yael,yaelariella@gmail.coom,2026-03-27T19:54:21+03:00,776933ebbe289445866281087816a3fa6823bf3a,db05cdbd9e9bd5d9cfe068a03944e0dcf2970b5e
yael_snipeit,yael_snipeIT,58,120,1b2872fcc82c1ea3a6a8a85556325fcb2c979efd,1b2872fcc82c,False,,refactor: use now() in ComponentImporter pivot insert,Yael,yaelariella@gmail.coom,2026-03-27T19:54:23+03:00,0d6f39f3be18fb82f6037aa3643d5e20d4a9ca7d,72956eb71b96df4aba742f03ebb43eec3cc6f434
yael_snipeit,yael_snipeIT,59,120,4fe31772e5cb5501d2e5ef016ab8f7497b293ff9,4fe31772e5cb,False,,feat: listener to write protection mode state changes to action_logs,Yael,yaelariella@gmail.coom,2026-03-27T19:54:57+03:00,1b2872fcc82c1ea3a6a8a85556325fcb2c979efd,f9bcef0d16cc6bf0ec572d0e879ddd96c052f22a
yael_snipeit,yael_snipeIT,60,120,434c192d7f21653eadfe9d7611ddbb489a5676e5,434c192d7f21,False,,feat: register protection mode listeners in EventServiceProvider,Yael,yaelariella@gmail.coom,2026-03-27T19:55:10+03:00,4fe31772e5cb5501d2e5ef016ab8f7497b293ff9,67c828c6e571213ef833f147f63ec5813a8bc68f
yael_snipeit,yael_snipeIT,61,120,5671321f4f62d68fc53d29eecc129907dac362a4,5671321f4f62,False,,refactor: use now() default in CheckoutableCheckedIn event,Yael,yaelariella@gmail.coom,2026-03-27T19:55:23+03:00,434c192d7f21653eadfe9d7611ddbb489a5676e5,6c047b8f2fe2ed44dbfe7c260c5129fab43c7acf
yael_snipeit,yael_snipeIT,62,120,1d027213f629e2b4da248f14653be0c94f752796,1d027213f629,False,,refactor: use now() in Loggable trait action date fields,Yael,yaelariella@gmail.coom,2026-03-27T19:55:29+03:00,5671321f4f62d68fc53d29eecc129907dac362a4,2ad819624c1288870b6ba8f2fad22f54b0b7fc13
yael_snipeit,yael_snipeIT,63,120,95546832668a5b271cd0664d32ebc5d08277e340,95546832668a,False,,refactor: use now() in Actionlog upload delete helper,Yael,yaelariella@gmail.coom,2026-03-27T19:55:34+03:00,1d027213f629e2b4da248f14653be0c94f752796,e9cdfd8e4e65271adb3458ae5a0f8bacd173f77f
yael_snipeit,yael_snipeIT,64,120,61e34ba27458c543d5fdcde58e05eadd4cac097a,61e34ba27458,False,,feat: show protection mode metadata in EvaluateRisk output,Yael,yaelariella@gmail.coom,2026-03-27T19:55:48+03:00,95546832668a5b271cd0664d32ebc5d08277e340,2fab9e4ae8992cbcf8469092e13a63dad003fd0c
yael_snipeit,yael_snipeIT,65,120,e2ef954d794b242a34045df89e1b308a44a25229,e2ef954d794b,False,,refactor: use now() in Asset model checkout history,Yael,yaelariella@gmail.coom,2026-03-27T19:55:57+03:00,61e34ba27458c543d5fdcde58e05eadd4cac097a,da14d48e1877e7a15e184595ecad680bb7eac1c4
yael_snipeit,yael_snipeIT,66,120,29735b2fb85454170d09720cd285799e720efd91,29735b2fb854,False,,refactor: use now() in PredefinedKitCheckoutService,Yael,yaelariella@gmail.coom,2026-03-27T19:55:59+03:00,e2ef954d794b242a34045df89e1b308a44a25229,e3fa9db011bbb71bc466135692a814c5f22c402d
yael_snipeit,yael_snipeIT,67,120,1d3d75e591b5446747b59011d99408a5ae04abf1,1d3d75e591b5,False,,fix: improve log call and remove debug comment in DeleteManufacturerAction,Yael,yaelariella@gmail.coom,2026-03-27T19:56:40+03:00,29735b2fb85454170d09720cd285799e720efd91,91c7281324555fe965f2a63b82cd04d9a8d5ed5a
yael_snipeit,yael_snipeIT,68,120,0429ce47677e1ca2e81c2d447de45a1da10c8052,0429ce47677e,False,,fix: pass message string instead of exception object to Log::debug,Yael,yaelariella@gmail.coom,2026-03-27T19:57:11+03:00,1d3d75e591b5446747b59011d99408a5ae04abf1,931944293c9a2c7c780d7868f51f8b5dca62e3ca
yael_snipeit,yael_snipeIT,69,120,9cd000afbf7dc28e07e77d2af235ac6f97e168a4,9cd000afbf7d,False,,fix: pass message string to Log::debug in AssetCountForSidebar,Yael,yaelariella@gmail.coom,2026-03-27T19:57:29+03:00,0429ce47677e1ca2e81c2d447de45a1da10c8052,42ccbd07fc11f5df11b4fca2ec1fe76d69e837a0
yael_snipeit,yael_snipeIT,70,120,33dc690f74b1bf3b280e3a41c8fdc0130cc02d57,33dc690f74b1,False,,fix: pass message string to Log::debug in UploadFileRequest,Yael,yaelariella@gmail.coom,2026-03-27T19:57:32+03:00,9cd000afbf7dc28e07e77d2af235ac6f97e168a4,20f642b7ba0f12f79d6620f44c99b0c550c14435
yael_snipeit,yael_snipeIT,71,120,04f3e2269a27e35d1eb5e4829c5fcaed79d65d83,04f3e2269a27,False,,fix: pass message string to Log methods across multiple files,Yael,yaelariella@gmail.coom,2026-03-27T19:58:02+03:00,33dc690f74b1bf3b280e3a41c8fdc0130cc02d57,a12f33787d027d44fa14cd2ac6ac9deb4dc163c1
yael_snipeit,yael_snipeIT,72,120,1d949c6366b8e9c6d832c3880eb3ddbbc986998a,1d949c6366b8,False,,fix: pass message string to Log::debug in controllers and commands,Yael,yaelariella@gmail.coom,2026-03-27T19:58:21+03:00,04f3e2269a27e35d1eb5e4829c5fcaed79d65d83,5139bae2dcd9136c214255609f79c78b927e4355
yael_snipeit,yael_snipeIT,73,120,a10d2d3e73c33392c5091a168f40825a43fc92ad,a10d2d3e73c3,False,,refactor: use Log facade instead of global alias in importers,Yael,yaelariella@gmail.coom,2026-03-27T19:58:57+03:00,1d949c6366b8e9c6d832c3880eb3ddbbc986998a,87223c54d1e550d6f48f80c49cc3deae98278ce3
yael_snipeit,yael_snipeIT,74,120,99eb214e25359bab07adb2e5cc77f9eb4473015a,99eb214e2535,False,,refactor: use Log facade instead of global alias in Group model,Yael,yaelariella@gmail.coom,2026-03-27T19:59:25+03:00,a10d2d3e73c33392c5091a168f40825a43fc92ad,7e7fcb49f310c36ed8e9b57362d1d83d94a45bb8
yael_snipeit,yael_snipeIT,75,120,748677a1ec1fea21a4788ed05c412cf4b4eb649d,748677a1ec1f,False,,fix: pass message string to Log methods in AcceptanceController and LdapSync,Yael,yaelariella@gmail.coom,2026-03-27T19:59:43+03:00,99eb214e25359bab07adb2e5cc77f9eb4473015a,a801193488a9e49f76471cba0d8d8ab75795284b
yael_snipeit,yael_snipeIT,76,120,3b075f5b33d440672d5c47b84b195b59ede3cd7f,3b075f5b33d4,False,,refactor: use DB facade instead of global alias in KillAllSessions,Yael,yaelariella@gmail.coom,2026-03-27T20:02:34+03:00,748677a1ec1fea21a4788ed05c412cf4b4eb649d,b789ee35a9cd3d812e9d63d918e9efc146606952
yael_snipeit,yael_snipeIT,77,120,684b963fc8a34a0d48bd3d12348357a8be149040,684b963fc8a3,False,,refactor: replace global DB alias with facade in PaveIt,Yael,yaelariella@gmail.coom,2026-03-27T20:02:43+03:00,3b075f5b33d440672d5c47b84b195b59ede3cd7f,18a0c663e024f29bfd228803f1f7a88fa1f678bd
yael_snipeit,yael_snipeIT,78,120,6cd9af79ceb697f4fbd7eeb0d0bf6be292fc2b40,6cd9af79ceb6,False,,refactor: use DB and Schema facades in ReEncodeCustomFieldNames,Yael,yaelariella@gmail.coom,2026-03-27T20:03:00+03:00,684b963fc8a34a0d48bd3d12348357a8be149040,237189fc09079a7b20faaa83c0f43dccb891006f
yael_snipeit,yael_snipeIT,79,120,f6d1fd2f35ba26e8a9474524243019847ee22816,f6d1fd2f35ba,False,,refactor: use DB facade instead of global alias in RestoreFromBackup,Yael,yaelariella@gmail.coom,2026-03-27T20:03:17+03:00,6cd9af79ceb697f4fbd7eeb0d0bf6be292fc2b40,c3e28e5ac64ee4c3c8a12a5fb9ec521926620b30
yael_snipeit,yael_snipeIT,80,120,a2e5185ef367f80f184d766eb93430c995996887,a2e5185ef367,False,,refactor: replace global Log alias with facade in AuditNotification,Yael,yaelariella@gmail.coom,2026-03-27T20:03:38+03:00,f6d1fd2f35ba26e8a9474524243019847ee22816,71ad7f0063f7826d6664fae4d7d4442303aaca8d
yael_snipeit,yael_snipeIT,81,120,c5f345d9a9820431c9f7726fddf571041d6cf189,c5f345d9a982,False,,refactor: use Log facade instead of global alias in User model,Yael,yaelariella@gmail.coom,2026-03-27T20:04:07+03:00,a2e5185ef367f80f184d766eb93430c995996887,4bd9ae833ba71a14fde1460a2bbe6890c737cf54
yael_snipeit,yael_snipeIT,82,120,c4149df4c18f7a94b8b82eeaec121a3cd074ffd9,c4149df4c18f,False,,refactor: replace global Log alias with facade in Ldap model,Yael,yaelariella@gmail.coom,2026-03-27T20:05:20+03:00,c5f345d9a9820431c9f7726fddf571041d6cf189,25550d4c348b7777d1f0c597aa2c5cd87a277719
yael_snipeit,yael_snipeIT,83,120,3b63df98cc22dd40944474f5ce93f41f0fe2cc1f,3b63df98cc22,False,,refactor: use Log facade and pass message string in ProfileController,Yael,yaelariella@gmail.coom,2026-03-27T20:06:00+03:00,c4149df4c18f7a94b8b82eeaec121a3cd074ffd9,7625850479f22d0ca514ac605ec7408670bcf2ee
yael_snipeit,yael_snipeIT,84,120,cc78da2fe848862199efcc4f7b681380d6de8959,cc78da2fe848,False,,refactor: use Log facade instead of global alias in ImportController,Yael,yaelariella@gmail.coom,2026-03-27T20:09:44+03:00,3b63df98cc22dd40944474f5ce93f41f0fe2cc1f,f165719e1efc89544165dfd01e60b63f2ddf83f4
yael_snipeit,yael_snipeIT,85,120,282eee293c781922e515f75012c5d9fbd8782a3f,282eee293c78,False,,refactor: use Log facade instead of global alias in AssetsController,Yael,yaelariella@gmail.coom,2026-03-27T20:09:45+03:00,cc78da2fe848862199efcc4f7b681380d6de8959,663f9b395c25c2f178d5e54fd4d1a6a26163cda3
yael_snipeit,yael_snipeIT,86,120,2781a96463b182afd978293709af14bd57f74d99,2781a96463b1,False,,refactor: use Log facade instead of global alias in LdapSync,Yael,yaelariella@gmail.coom,2026-03-27T20:09:48+03:00,282eee293c781922e515f75012c5d9fbd8782a3f,d273051ea22d7908898978f4daa005ceca48abeb
yael_snipeit,yael_snipeIT,87,120,0a4be45b209e17b6a13137c67b801a8c084f7952,0a4be45b209e,False,,refactor: use Log facade in AccessoryCheckoutRequest,Yael,yaelariella@gmail.coom,2026-03-27T20:10:03+03:00,2781a96463b182afd978293709af14bd57f74d99,f1c7d0af998fc81f1c8995e79c3c2667dfa9add2
yael_snipeit,yael_snipeIT,88,120,a37f1851f9e043382415af49c76f133551acad32,a37f1851f9e0,False,,refactor: use Log facade in AssetImporter,Yael,yaelariella@gmail.coom,2026-03-27T20:10:38+03:00,0a4be45b209e17b6a13137c67b801a8c084f7952,a7014ce53457f6e440dcc4b2ee46907f61de24fa
yael_snipeit,yael_snipeIT,89,120,f26ae3a364dae1fe939e07dfb9bd8b675302b483,f26ae3a364da,False,,fix: use strict comparison for ldap_pword check in RotateAppKey,Yael,yaelariella@gmail.coom,2026-03-27T20:11:52+03:00,a37f1851f9e043382415af49c76f133551acad32,fc45bc3d40c822b195c1944a79251ae4924a87ed
yael_snipeit,yael_snipeIT,90,120,df4db79d1170ccbdf5a9ab4747f4c6a4bb289537,df4db79d1170,False,,fix: use empty() for blank option checks in GeneratePersonalAccessToken,Yael,yaelariella@gmail.coom,2026-03-27T20:12:00+03:00,f26ae3a364dae1fe939e07dfb9bd8b675302b483,adcd4a7bf84cb1b3a6bbd05593b1824265940d5b
yael_snipeit,yael_snipeIT,91,120,1ef9d2891c961a3e31691f7fbf0bc28605432c68,1ef9d2891c96,False,,fix: use empty() for required field checks in CreateAdmin,Yael,yaelariella@gmail.coom,2026-03-27T20:12:18+03:00,df4db79d1170ccbdf5a9ab4747f4c6a4bb289537,2cbad42fb477f71533923bdd5ef04fac9ab61dd2
yael_snipeit,yael_snipeIT,92,120,90a57cc32bf69fbcea9ae3d8e1213d62974406c8,90a57cc32bf6,False,,fix: use empty() for option check in PurgeEulaPDFs,Yael,yaelariella@gmail.coom,2026-03-27T20:12:31+03:00,1ef9d2891c961a3e31691f7fbf0bc28605432c68,5b6f4980c618ef23cba0a528e5d038e578ed47ae
yael_snipeit,yael_snipeIT,93,120,5e93d084b52585241029b946f27055553cd2a212,5e93d084b525,False,,fix: use trashed() instead of deleted_at comparison in API restore endpoints,Yael,yaelariella@gmail.coom,2026-03-27T20:13:59+03:00,90a57cc32bf69fbcea9ae3d8e1213d62974406c8,05036da57eb264cf43ba06994fb34775be3b433a
yael_snipeit,yael_snipeIT,94,120,ba9952a7ae5dd32e7a53be5fe0969bd752c2e53e,ba9952a7ae5d,False,,fix: use trashed() instead of deleted_at comparison in web restore actions,Yael,yaelariella@gmail.coom,2026-03-27T20:14:28+03:00,5e93d084b52585241029b946f27055553cd2a212,a0b04235c1cf42a06fc66e507cb1ee640b875364
yael_snipeit,yael_snipeIT,95,120,bb2f9b6784c38d23b781871fe440ebd9f66d527a,bb2f9b6784c3,False,,fix: use empty() for alert_email check in ViewAssetsController,Yael,yaelariella@gmail.coom,2026-03-27T20:14:40+03:00,ba9952a7ae5dd32e7a53be5fe0969bd752c2e53e,184f9726cbf5c41974f173063af2952135b49be5
yael_snipeit,yael_snipeIT,96,120,95986ede3f01a10999761fc2cacc5b76854d937f,95986ede3f01,False,,fix: use empty() for filename check in Actionlog get_src,Yael,yaelariella@gmail.coom,2026-03-27T20:15:26+03:00,bb2f9b6784c38d23b781871fe440ebd9f66d527a,98cd3ec2d6d813467f0779ec91bfd37db4be0c1b
yael_snipeit,yael_snipeIT,97,120,0d577db6d5d438e60ee530b32559e9c233d6c20d,0d577db6d5d4,False,,fix: use empty() for url check in Supplier addhttp,Yael,yaelariella@gmail.coom,2026-03-27T20:15:26+03:00,95986ede3f01a10999761fc2cacc5b76854d937f,ea722afd0f41901e5a7f14270784c5f329be72df
yael_snipeit,yael_snipeIT,98,120,e53ee153a6eeef273fc3ac2735b1f4aaf8337e88,e53ee153a6ee,False,,fix: use empty() for email checks in UsersController,Yael,yaelariella@gmail.coom,2026-03-27T20:15:57+03:00,0d577db6d5d438e60ee530b32559e9c233d6c20d,04e7789d2692a15a9c05e65edd2d8fca50976ac3
yael_snipeit,yael_snipeIT,99,120,dd6948035411db692876c3ae3655b7bb856dd9ab,dd6948035411,False,,fix: use empty() for email check in BulkUsersController,Yael,yaelariella@gmail.coom,2026-03-27T20:16:12+03:00,e53ee153a6eeef273fc3ac2735b1f4aaf8337e88,c5e650cb685c1f1b3f261262947e8590e770d1b8
yael_snipeit,yael_snipeIT,100,120,471879d54c029657b94e25b07f5bce7587c1967a,471879d54c02,False,,"fix: use empty() for username, employee_num, email checks in API UsersController",Yael,yaelariella@gmail.coom,2026-03-27T20:16:41+03:00,dd6948035411db692876c3ae3655b7bb856dd9ab,faad1cc60a4d2961014837b9e9d8a2d1c7004be2
yael_snipeit,yael_snipeIT,101,120,34cda172f2d4eca22792b6e1545162d7131b7d8e,34cda172f2d4,False,,fix: use empty() for color check in StatuslabelsController,Yael,yaelariella@gmail.coom,2026-03-27T20:16:59+03:00,471879d54c029657b94e25b07f5bce7587c1967a,04eb07cdc2de5d0b05690dac1e0223f9cb2dc227
yael_snipeit,yael_snipeIT,102,120,ff6017f30f22f867870a2d5c62e19930c7062211,ff6017f30f22,False,,fix: use empty() for model_number check in API AssetModelsController,Yael,yaelariella@gmail.coom,2026-03-27T20:16:59+03:00,34cda172f2d4eca22792b6e1545162d7131b7d8e,e390cf0fd94ea9c490874cd326fe811557373faa
yael_snipeit,yael_snipeIT,103,120,2b273d9edc14f5394de39a96b678d6004d0649da,2b273d9edc14,False,,fix: pass message string to Log::error in LocationsController,Yael,yaelariella@gmail.coom,2026-03-27T20:17:32+03:00,ff6017f30f22f867870a2d5c62e19930c7062211,36270ad18322ceaea96e52e6cba2310e1f3a3cf3
yael_snipeit,yael_snipeIT,104,120,745889a826c9b4a734a5815d12fc2e1028f5c91b,745889a826c9,False,,fix: use empty() for webhook and checkin field checks in notifications,Yael,yaelariella@gmail.coom,2026-03-27T20:18:25+03:00,2b273d9edc14f5394de39a96b678d6004d0649da,516deb6d5f406bd133a38b05798ead7141b50edc
yael_snipeit,yael_snipeIT,105,120,b96c902b8d723604cc437747059ff4490f06fca6,b96c902b8d72,False,,fix: use empty() for email and expected_checkin checks in checkout notifications,Yael,yaelariella@gmail.coom,2026-03-27T20:18:26+03:00,745889a826c9b4a734a5815d12fc2e1028f5c91b,56c3633a0406dee02200801bbd7e6b644664785e
yael_snipeit,yael_snipeIT,106,120,39e516685bfeae32deb4898e396987a125d0dcb4,39e516685bfe,False,,fix: use empty() for null/blank checks in UserImporter,Yael,yaelariella@gmail.coom,2026-03-27T20:19:34+03:00,b96c902b8d723604cc437747059ff4490f06fca6,094e447be4f922d5dd807645cfb24571c8f3714d
yael_snipeit,yael_snipeIT,107,120,6e7b61d67855ac1cd6c3adb679d8b40b34360057,6e7b61d67855,False,,fix: use empty() for field checks in LicenseImporter,Yael,yaelariella@gmail.coom,2026-03-27T20:19:58+03:00,39e516685bfeae32deb4898e396987a125d0dcb4,f1260c199c76225bf5640e850738b3cff2e08a3c
yael_snipeit,yael_snipeIT,108,120,6dea183b5606e916ffe8d1803bb979f3a0f1cba2,6dea183b5606,False,,fix: use empty() for field checks in base Importer class,Yael,yaelariella@gmail.coom,2026-03-27T20:20:21+03:00,6e7b61d67855ac1cd6c3adb679d8b40b34360057,188a8691fec185281819bcb2d63391cc92b963ce
yael_snipeit,yael_snipeIT,109,120,70bc273bf23f3424728960e0c733c6536ae8044a,70bc273bf23f,False,,fix: use empty() for ID presence checks in importers,Yael,yaelariella@gmail.coom,2026-03-27T20:20:54+03:00,6dea183b5606e916ffe8d1803bb979f3a0f1cba2,9810615b4ce45ee2b92749b788797e5f8e913e00
yael_snipeit,yael_snipeIT,110,120,2dd2ee7217a12bc945eb96b028ebe8addc7b2813,2dd2ee7217a1,False,,fix: use empty() for permissions check in User model,Yael,yaelariella@gmail.coom,2026-03-27T20:21:30+03:00,70bc273bf23f3424728960e0c733c6536ae8044a,a0b5d8d1ef1edc30c9425e33988c78ef632c6a3a
yael_snipeit,yael_snipeIT,111,120,7dd8ba659a34aeac3ee83021bc19bfae6da4672b,7dd8ba659a34,False,,fix: use empty() for email null/blank check in ReportsController,Yael,yaelariella@gmail.coom,2026-03-27T20:22:21+03:00,2dd2ee7217a12bc945eb96b028ebe8addc7b2813,56a81874c15ed680977d529d18a30c44fe7c8e5f
yael_snipeit,yael_snipeIT,112,120,8cbcfde31a5ca1c07ae7ec69969b1cbcd910753f,8cbcfde31a5c,False,,fix: use filled() for per_page request check in SettingsController,Yael,yaelariella@gmail.coom,2026-03-27T20:22:21+03:00,7dd8ba659a34aeac3ee83021bc19bfae6da4672b,c9eb40604a0c885ce8fa9c586ec98a4abd96b64e
yael_snipeit,yael_snipeIT,113,120,13817261da0af5bad5e11443a84db7a1de174d15,13817261da0a,False,,fix: use strict null comparisons in CheckoutAcceptance PDF generation,Yael,yaelariella@gmail.coom,2026-03-27T20:23:43+03:00,8cbcfde31a5ca1c07ae7ec69969b1cbcd910753f,74f39a26d76edb910aeced5556778d9b904312e0
yael_snipeit,yael_snipeIT,114,120,5dadb152e13c89546e7b86f35d914864f742000d,5dadb152e13c,False,,fix: use strict null comparison for completion_date in MaintenancesController,Yael,yaelariella@gmail.coom,2026-03-27T20:24:01+03:00,13817261da0af5bad5e11443a84db7a1de174d15,5dbd431b7cea5ec60d049e3df1452ed39718ef28
yael_snipeit,yael_snipeIT,115,120,065e68f7e242e9d1387537af1d983ba301a05f91,065e68f7e242,False,,fix: use strict null comparison in CheckoutAcceptance isPending,Yael,yaelariella@gmail.coom,2026-03-27T20:24:24+03:00,5dadb152e13c89546e7b86f35d914864f742000d,039eeeabdeb8cb5e6d87f9e37201cd32e87e53c4
yael_snipeit,yael_snipeIT,116,120,28c87b310b70b84c9289e9e7f2b09cb3626c082d,28c87b310b70,False,,fix: use strict null comparison for item check in ReportsController,Yael,yaelariella@gmail.coom,2026-03-27T20:24:24+03:00,065e68f7e242e9d1387537af1d983ba301a05f91,ffe1c86d54ad2c3fff254dfce03e4ec0430fb514
yael_snipeit,yael_snipeIT,117,120,ceeeecdac4d8f038cc3644b4264daa8701296dc6,ceeeecdac4d8,False,,fix: use empty() for cookie null+blank check in Ldap pagination loop,Yael,yaelariella@gmail.coom,2026-03-27T20:24:39+03:00,28c87b310b70b84c9289e9e7f2b09cb3626c082d,2840a0dc6091dee74e0eec0e5606c33c6c8694ee
yael_snipeit,yael_snipeIT,118,120,6ea9d9d12fae79e35b07fd6c6e73395fa753a674,6ea9d9d12fae,False,,fix: use empty() for email check in AcceptanceController,Yael,yaelariella@gmail.coom,2026-03-27T20:26:11+03:00,ceeeecdac4d8f038cc3644b4264daa8701296dc6,f201afb4465ffa5a2ba3435ba4adaae185285586
yael_snipeit,yael_snipeIT,119,120,3b37a3feeffc0acabad0e9351037668fdef331d4,3b37a3feeffc,False,,feat: wire protection.mode to hardware and user routes,Yael,yaelariella@gmail.coom,2026-03-27T22:24:06+03:00,6ea9d9d12fae79e35b07fd6c6e73395fa753a674,0357aaf9149787af3667d3fe6eb8d9a5a25d3896
yael_snipeit,yael_snipeIT,120,120,e285e93cf45ab985b69f39fc0570ab952cec4008,e285e93cf45a,False,,commit,Yael,yaelariella@gmail.coom,2026-03-30T16:38:31+03:00,3b37a3feeffc0acabad0e9351037668fdef331d4,9f5fc2b19ed16c381fdb7a116acf8137925c29b4
ardupilot,ardupilot,1,50,482342340ddccf83abadb7c7c94ccb987ed5d3f4,482342340ddc,False,,hwdef: fold minimal_GPS.inc into sole user,Peter Barker,pbarker@barker.dropbear.id.au,2024-05-21T14:09:27+10:00,72b5efd8b361ea4f46840de7a95d903362f19631,e41547218e93d8d6e20ee0e81a0dce08875e1deb
ardupilot,ardupilot,2,50,766d92faa6a2c65b05975da0f27d10a1714e8dda,766d92faa6a2,False,,autotest: add test for Copter behaviour in guided with force-arm,Peter Barker,pbarker@barker.dropbear.id.au,2024-05-21T17:57:15+10:00,482342340ddccf83abadb7c7c94ccb987ed5d3f4,1987e25f4628517f42d1d2f579bcdb40d75b84e7
ardupilot,ardupilot,3,50,fcebd0c8c2f13fd6cb1aa397fea7d94245851277,fcebd0c8c2f1,False,,Copter: avoid Guided submode change unless can change Loc to Vec-from-origin,Peter Barker,pbarker@barker.dropbear.id.au,2024-05-21T18:48:15+10:00,766d92faa6a2c65b05975da0f27d10a1714e8dda,e8df51cc12f5f604ef9b5f9605ed25c76d148fcc
ardupilot,ardupilot,4,50,0c6f3964382a77ee375623cca029df7d4cd966fd,0c6f3964382a,False,,AP_Scripting: docs: document all functions currently documented on the wiki,Iampete1,iampete@hotmail.co.uk,2024-05-07T03:55:00+01:00,fcebd0c8c2f13fd6cb1aa397fea7d94245851277,0ba6ed0a890e985618303bcfb5c846e01d921e96
ardupilot,ardupilot,5,50,17083b54f8f882549576345e20a4b535e7823a60,17083b54f8f8,False,,Plane: ensure the dshot type gets set,Andy Piper,github@andypiper.com,2024-05-18T14:10:48+01:00,0c6f3964382a77ee375623cca029df7d4cd966fd,74ff9b6b6ab551e97cfab75f373cfb49bd0ff4f7
ardupilot,ardupilot,6,50,8e399cffbe43af8ada4065f196c96f25f7f1133b,8e399cffbe43,False,,AP_InternalError: fix signedness issue with snprintf,Alex Burka,aburka@exyntechnologies.com,2020-09-01T00:27:03-04:00,17083b54f8f882549576345e20a4b535e7823a60,75c25995c9abf20fefcf8b0d5dbed8f01ea40ed4
ardupilot,ardupilot,7,50,05b8c28ea926b6f8de0d07e861c5bac3ba2811b1,05b8c28ea926,False,,AP_GPS: allow handling of AP_MAVLINK_MSG_HIL_GPS_ENABLED to be compiled out,Peter Barker,pbarker@barker.dropbear.id.au,2024-05-21T20:13:39+10:00,8e399cffbe43af8ada4065f196c96f25f7f1133b,2b3b8b008f0cb8b65f2c036183234bc637af7a6a
ardupilot,ardupilot,8,50,b7cf418d1ec73f30290d44472c6cd933986d561f,b7cf418d1ec7,False,,GCS_MAVLink: allow handling of AP_MAVLINK_MSG_HIL_GPS_ENABLED to be compiled out,Peter Barker,pbarker@barker.dropbear.id.au,2024-05-21T20:13:39+10:00,05b8c28ea926b6f8de0d07e861c5bac3ba2811b1,38d13b5e308a72496ac57b8a606313e6ac7cb38b
ardupilot,ardupilot,9,50,7194c6e72ead9755679948ef7fa359ca29df862a,7194c6e72ead,False,,Tools: allow handling of AP_MAVLINK_MSG_HIL_GPS_ENABLED to be compiled out,Peter Barker,pbarker@barker.dropbear.id.au,2024-05-21T20:13:40+10:00,b7cf418d1ec73f30290d44472c6cd933986d561f,caf81426601a9454d84e30fefb2698d6dc33e39c
ardupilot,ardupilot,10,50,77adb5586d1e33cd8ef3764e1c320bfa5a569b9c,77adb5586d1e,False,,AP_HAL_ChibiOS: Added mag and dataflash logging support to AnyLeaf H7,David O'Connor,david@opsplans.org,2024-05-22T11:00:24-04:00,7194c6e72ead9755679948ef7fa359ca29df862a,df147dd80ccff53aa612d03cd97b8505b29af6cf
ardupilot,ardupilot,11,50,ee7e8661ed0795457030b29bae0c984f7bd89bb4,ee7e8661ed07,False,,autotest: add test for EK3_OGN_HGT_MASK bug,Peter Barker,pbarker@barker.dropbear.id.au,2024-04-29T14:42:57+10:00,77adb5586d1e33cd8ef3764e1c320bfa5a569b9c,189541905bfe02d182d1091b12d98f9fff5ee5f4
ardupilot,ardupilot,12,50,fd2c8e58169a7675be9810a9a007a472e400b259,fd2c8e58169a,True,fd2c8e58169a7675be9810a9a007a472e400b259,AP_NavEKF3: Adjust sensor height when EK3_OGN_HGT_MASK bit 2 is set,Paul Riseborough,None,2024-05-21T20:26:26+10:00,ee7e8661ed0795457030b29bae0c984f7bd89bb4,5294892ad2947375c4c5e30f7fe5806299dcd197
ardupilot,ardupilot,13,50,4c23e3f8f0f529c1384b0460d303217424e0ff93,4c23e3f8f0f5,False,,AP_NavEKF3: Remove unncessary local position height reporting offset,Paul Riseborough,None,2024-05-21T20:56:48+10:00,fd2c8e58169a7675be9810a9a007a472e400b259,cef2c6111c296bd5d01e9c24196a7ee66b770613
ardupilot,ardupilot,14,50,5e2e1b3beec0ed3e47d27b28c1fef7e8f91d115a,5e2e1b3beec0,False,,RC_Channel: detect duplicate aux functions with an ID >256,Stephen Dade,stephen_dade@hotmail.com,2024-05-22T20:08:08+10:00,4c23e3f8f0f529c1384b0460d303217424e0ff93,b7e93b5dde0640871f30fa1a596ee6212945c92e
ardupilot,ardupilot,15,50,aee86ab627d3dcbe4380b65edbffce9481488b83,aee86ab627d3,False,,Tools: fix handling of include files for Periph,Bob Long,None,2024-05-22T23:49:22-05:00,5e2e1b3beec0ed3e47d27b28c1fef7e8f91d115a,ddf0be9c26357a078c43ffde0d423a2d22573612
ardupilot,ardupilot,16,50,18d03c549e841e19bb83858ac65edf4c6d901f76,18d03c549e84,False,,Tools: ros2: Fix plane launch headless,Ryan Friedman,ryan.friedman@avinc.com,2024-05-22T01:02:25-07:00,aee86ab627d3dcbe4380b65edbffce9481488b83,277445f26f99c7aa6e8580aa66ffb214d6e03a57
ardupilot,ardupilot,17,50,13a5a35f5b8341e86d5413d58fd98cac2e110a2b,13a5a35f5b83,False,,AP_DDS: ensure zero rotation quaternions are normalised,Rhys Mainwaring,rhys.mainwaring@me.com,2024-05-23T13:02:08+01:00,18d03c549e841e19bb83858ac65edf4c6d901f76,7397ecb08d20de24c2f1b17bfbb3d7120a8e2e38
ardupilot,ardupilot,18,50,ead5f46a485956025dcb5e3eb9d0f1a3e9d6a0d4,ead5f46a4859,False,,board_types.txt: add Phenix board IDs,robsenseuser,170813295+robsenseuser@users.noreply.github.com,2024-05-27T11:01:20+08:00,13a5a35f5b8341e86d5413d58fd98cac2e110a2b,3ae0ec17c68141b7000fdffaad3e9abbfc98c66c
ardupilot,ardupilot,19,50,780051e29651f2a5267555f8976e3bcbeb19a692,780051e29651,False,,AP_HAL_ChibiOS: bi-directional dshot on iomcu F103 8MHz,burgeruser,tyhfvjyvy@qq.com,2024-05-27T20:54:26+01:00,ead5f46a485956025dcb5e3eb9d0f1a3e9d6a0d4,6dc1182f8ae3615fb7b2c369b33f42185d75de8d
ardupilot,ardupilot,20,50,a02d1fa4bb0c62cd955dd64982a61893a3659bef,a02d1fa4bb0c,False,,IO_Firmware: bi-directional dshot on iomcu F103 8MHz,burgeruser,tyhfvjyvy@qq.com,2024-05-27T20:54:26+01:00,780051e29651f2a5267555f8976e3bcbeb19a692,930624ce839aefe69fc1aca1ab9e86ff5bc19677
ardupilot,ardupilot,21,50,7340aee44fd6e76adc23797db9bb96c10ddddd0d,7340aee44fd6,False,,scripts: add iomcu-f103-8MHz-dshot to size_copmare_branches.py,Andy Piper,github@andypiper.com,2024-05-27T21:04:25+01:00,a02d1fa4bb0c62cd955dd64982a61893a3659bef,d31ed746e36241feac5164a5a29c5bde645b1c6b
ardupilot,ardupilot,22,50,cfe8b9f7dd75d31dc1952c884697a9139d0f6544,cfe8b9f7dd75,False,,SITL: remove references to legacy UART order,Thomas Watson,twatson52@icloud.com,2024-04-06T09:57:27-05:00,7340aee44fd6e76adc23797db9bb96c10ddddd0d,a4b84e87917f846077ebbccbdd3c9a8eb2983939
ardupilot,ardupilot,23,50,bd67c3a6f1781163290d4f89fa40ee6b26480a6e,bd67c3a6f178,False,,Tools/ros2: remove forwarding of deprecated --uartX options,Thomas Watson,twatson52@icloud.com,2024-04-06T10:00:34-05:00,cfe8b9f7dd75d31dc1952c884697a9139d0f6544,87b3eab5e8a34bcadcbe8c830fd1d7ba1366ff24
ardupilot,ardupilot,24,50,b68fa7c8c7e11bb185a37f81345533e86ffe671f,b68fa7c8c7e1,False,,AP_HAL_SITL: remove deprecated --uartX options,Thomas Watson,twatson52@icloud.com,2024-02-06T15:59:37-06:00,bd67c3a6f1781163290d4f89fa40ee6b26480a6e,6401397bd326cda1b191e101d43dacca8bb3ab5c
ardupilot,ardupilot,25,50,e138ba10aedbcc9df863e1b879e3ce0eb1d88712,e138ba10aedb,False,,"AP_HAL: UARTDriver: Add new flow control option ""FLOW_CONTROL_RTS_DE"" for RS485 driver enable.",Iampete1,iampete@hotmail.co.uk,2024-04-10T19:46:03+01:00,b68fa7c8c7e11bb185a37f81345533e86ffe671f,bf64e622a9f422f933cde82ac6bafce37c66f24c
ardupilot,ardupilot,26,50,2ee5112e3d83254590b8d5a65f4f845183666bdf,2ee5112e3d83,False,,AP_Scripting: allow new flow control type in `set_flow_control` binding,Iampete1,iampete@hotmail.co.uk,2024-04-10T19:46:36+01:00,e138ba10aedbcc9df863e1b879e3ce0eb1d88712,99a892e75d5e91e56a2600ad53a2df9accc9110c
ardupilot,ardupilot,27,50,d27492bbee09cfdc27fdb0b05a3ee9811e0cd685,d27492bbee09,False,,GCS_MAVLink: use new `flow_control_enabled` helper,Iampete1,iampete@hotmail.co.uk,2024-04-10T19:47:24+01:00,2ee5112e3d83254590b8d5a65f4f845183666bdf,5593116df70f615e86b38a3b8db0f932431af16e
ardupilot,ardupilot,28,50,b3deaa143553f902f069a62569b9661d41971d6d,b3deaa143553,False,,AP_BoardConfig: update RTSCTS param values for new option,Iampete1,iampete@hotmail.co.uk,2024-04-30T13:27:02+01:00,d27492bbee09cfdc27fdb0b05a3ee9811e0cd685,4eb94e904e91852ffd934996ac2df3e098c57b5a
ardupilot,ardupilot,29,50,2cc25e4a5f7c2f99ef81f5b36e0877f92941b187,2cc25e4a5f7c,False,,AP_HAL_ChibiOS: hwdef.py: find alt function for UART RTS and add to init struct,Iampete1,iampete@hotmail.co.uk,2024-04-30T17:42:33+01:00,b3deaa143553f902f069a62569b9661d41971d6d,db372f5311a24bee90e454cd86ab6417234fec27
ardupilot,ardupilot,30,50,6cfab3c100508c18972efbd684c9fa3db4c3abf0,6cfab3c10050,False,,ChibiOS: UART: Add support for RS-485 Driver Enable RTS flow control,Iampete1,iampete@hotmail.co.uk,2024-04-30T17:57:29+01:00,2cc25e4a5f7c2f99ef81f5b36e0877f92941b187,7d7b3733877c15fe77cb99f93c454b20eb736eb4
ardupilot,ardupilot,31,50,237085f827e9bc9a8ffcc96489822ca7888ac25f,237085f827e9,False,,AP_SurfaceDistance: Start library for tracking the floor/roof distance,MattKear,None,2024-05-01T13:50:30+01:00,6cfab3c100508c18972efbd684c9fa3db4c3abf0,12cb55516e018610ca995f7a92d98b980dbdc5ff
ardupilot,ardupilot,32,50,bc75799dc01babb69818f61f7fe2bdda7174acd9,bc75799dc01b,False,,Copter: use new surface distance library,MattKear,None,2024-05-01T13:50:58+01:00,237085f827e9bc9a8ffcc96489822ca7888ac25f,e19562e4dddf9ca3c2762fae2d97e17dcb9ea572
ardupilot,ardupilot,33,50,cddfa11f27b5ca98a50f25663acad82e63e6ab2b,cddfa11f27b5,False,,AP_HAL_ChibiOS: adds Flywoo/Goku F405 HD 1-2S ELRS AIO v2 flight controller support Co-authored-by: Henry Wurzburg <hwurzburg@yahoo.com>,rotorman,risto.koiva@web.de,2024-05-24T16:34:09-05:00,bc75799dc01babb69818f61f7fe2bdda7174acd9,a168ebffa722dd1fa74e21fd7eb78ade709d90b9
ardupilot,ardupilot,34,50,ef5e764592d580a381cc5dd5ee86514e73b9f79f,ef5e764592d5,False,,Tools: adds Flywoo/Goku F405 HD 1-2S ELRS AIO v2 flight controller support Co-authored-by: Henry Wurzburg <hwurzburg@yahoo.com>,rotorman,risto.koiva@web.de,2024-05-24T16:34:09-05:00,cddfa11f27b5ca98a50f25663acad82e63e6ab2b,89ddc44a8b7e406f8817225627b3967a99f2c404
ardupilot,ardupilot,35,50,cf805b8cef37aa071d90b3c82f8e9f9876822066,cf805b8cef37,False,,Tools: Scripts: run_lua_language_check: give hint about github-release-downloader,Iampete1,iampete@hotmail.co.uk,2024-05-21T01:03:34+01:00,ef5e764592d580a381cc5dd5ee86514e73b9f79f,b6e7cc90f9490ac66ad059364057e8e8cb631ffb
ardupilot,ardupilot,36,50,c65d7e64735f437ca67b20a32be23a99ab353d9c,c65d7e64735f,False,,AP_Scripting: remove support for REPL,Iampete1,iampete@hotmail.co.uk,2024-05-23T22:00:45+01:00,cf805b8cef37aa071d90b3c82f8e9f9876822066,d04be2f1e121454ecd69b30150ba68c68dbd5019
ardupilot,ardupilot,37,50,ebb7a5543d2b8f9db301368f56900ff847f8b101,ebb7a5543d2b,False,,GCS_MAVLink: default support for BATTERY2 sending to off,Peter Barker,pbarker@barker.dropbear.id.au,2024-05-24T10:55:01+10:00,c65d7e64735f437ca67b20a32be23a99ab353d9c,838e9b6ef261b988f206fc4a153d187d69652591
ardupilot,ardupilot,38,50,e50df3c28436a10d09882e24c0974911e9c4f363,e50df3c28436,False,,waf: boards.py: use chibios_hwdef.py to get boards list,Peter Barker,pbarker@barker.dropbear.id.au,2024-05-25T10:23:46+10:00,ebb7a5543d2b8f9db301368f56900ff847f8b101,8fedddcfabfd6217259552ad73950796d1f4fa6d
ardupilot,ardupilot,39,50,c6baa97398d6ef01caedaab0273d15e4cea4cf42,c6baa97398d6,False,,AP_DroneCAN: Serial: map baudrates so param works as expected,Iampete1,iampete@hotmail.co.uk,2024-05-25T23:28:50+01:00,e50df3c28436a10d09882e24c0974911e9c4f363,0c4ba3900c1d292c8cb8dedd6950f1019e44c09b
ardupilot,ardupilot,40,50,21ce42f1e397687c0f9850bd707e574456f590bb,21ce42f1e397,False,,SITL: update to work on newer cygwin versions,Andrew Tridgell,andrew@tridgell.net,2024-05-27T17:25:53+10:00,c6baa97398d6ef01caedaab0273d15e4cea4cf42,0d0fa3107b727bfc7fc50bda3d92a377a138eb5f
ardupilot,ardupilot,41,50,779dc9d2f346eba00630eaa8e4574c5515389d37,779dc9d2f346,False,,Plane: 4.5.3 release notes,Randy Mackay,rmackay9@yahoo.com,2024-05-28T12:04:40+09:00,21ce42f1e397687c0f9850bd707e574456f590bb,47ad2ea30ab289bed0ca73262f166859ba7d0022
ardupilot,ardupilot,42,50,0c73ecf3a0a4b967c56889c89e94889d198b6742,0c73ecf3a0a4,False,,Tracker: 4.5.3 release notes,Randy Mackay,rmackay9@yahoo.com,2024-05-28T12:03:23+09:00,779dc9d2f346eba00630eaa8e4574c5515389d37,06e0c02e5a985279877c770877fff0339ec08f17
ardupilot,ardupilot,43,50,7fc959442d3b55ba5dbf25607fab842ab55ce5ea,7fc959442d3b,False,,Rover: 4.5.3 release notes,Randy Mackay,rmackay9@yahoo.com,2024-05-28T12:03:57+09:00,0c73ecf3a0a4b967c56889c89e94889d198b6742,38f8eddd96801235c7b62e9311e858ed819e1c85
ardupilot,ardupilot,44,50,5727a98fa7df04af1db27e07fc525b96e444362c,5727a98fa7df,False,,Copter: 4.5.3 release notes,Randy Mackay,rmackay9@yahoo.com,2024-05-28T12:04:20+09:00,7fc959442d3b55ba5dbf25607fab842ab55ce5ea,caa3ffe5e2d23a0d738e9ba7578f3779edce0363
ardupilot,ardupilot,45,50,7c19164956f5c7c4ecc531234bd08adc704979f2,7c19164956f5,False,,autotest.py: remove unused frame parameter,Peter Barker,pbarker@barker.dropbear.id.au,2024-05-28T08:59:09+10:00,5727a98fa7df04af1db27e07fc525b96e444362c,747b33d69a69cac98e0c4e3e8e22f94bbb2c3a78
ardupilot,ardupilot,46,50,c5f52d929a02430eafa4fb7b3dba19c9976a641c,c5f52d929a02,False,,AP_Scripting: added tracker Pelco-D control script,petrosilius,petrosilius@posteo.de,2024-05-28T00:59:07+02:00,7c19164956f5c7c4ecc531234bd08adc704979f2,8fa80b7f7aaf45b2dde7c444a67ab359d163c0f1
ardupilot,ardupilot,47,50,820f97ccc62711d4b0fd22d5034696160a73b9a3,820f97ccc627,False,,"docker: remove ""waf"" alias",Alex Burka,aburka@exyntechnologies.com,2024-04-10T20:18:12Z,c5f52d929a02430eafa4fb7b3dba19c9976a641c,2527b5a9f42a2be2d7097f8acaa3328050f6c74a
ardupilot,ardupilot,48,50,c4d6548fa825b119c43911ee79f42fa65fc7fffc,c4d6548fa825,False,,docker: only set env vars during prereq installation,Alex Burka,aburka@exyntechnologies.com,2024-04-11T19:23:29Z,820f97ccc62711d4b0fd22d5034696160a73b9a3,86aa4afcd13b479677c7e487ad5d61a0c8a9c396
ardupilot,ardupilot,49,50,275626537338a6138fc8e820bc9c7bc925061d1d,275626537338,False,,docker: install necessary python packages,Alex Burka,aburka@exyntechnologies.com,2024-04-10T20:18:47Z,c4d6548fa825b119c43911ee79f42fa65fc7fffc,72e6a1a66d80fb8e6d7631e666287db6c526d2d1
ardupilot,ardupilot,50,50,a4e929b070ab1ba42f010d1bb827ef7dd3490a29,a4e929b070ab,False,,docker: configure environment for STM compilation,Alex Burka,aburka@exyntechnologies.com,2024-04-10T20:19:02Z,275626537338a6138fc8e820bc9c7bc925061d1d,90adad631bee5a81f5c26a6ccba396467ca047b8
movie_tracker,movie-tracker,1,10,55b3fca182f6f2f297790a1d0419043efef93cef,55b3fca182f6,False,,feat(db): add Sequelize PostgreSQL connection config,sariel segal,None,2026-03-25T11:43:28+02:00,1fe9e97359e1d9c3ccefdd10e9082dd9dea4c44b,876bc9e92857605b995c12d4fb0219c956208d28
movie_tracker,movie-tracker,2,10,433e86bd985d88cac0bd469ea6e256f220e3ece9,433e86bd985d,False,,feat(models): define Movie and TVShow Sequelize models,sariel segal,None,2026-03-25T11:43:37+02:00,55b3fca182f6f2f297790a1d0419043efef93cef,ed0b29ce9c8d0bcd0757092c27f6ac4e11199c75
movie_tracker,movie-tracker,3,10,92304d67dee872d1143b8f7cc103d91c1b0df426,92304d67dee8,False,,feat(admin): configure AdminJS UI for Movies and TV Shows,sariel segal,None,2026-03-25T11:43:46+02:00,433e86bd985d88cac0bd469ea6e256f220e3ece9,37f7ccb14cd3f1c3bb035962db80211b69a2241f
movie_tracker,movie-tracker,4,10,394ebfb7529c148f9b44c3b54349860c7cd0e61a,394ebfb7529c,False,,feat: wire up Express server with authenticated AdminJS router,sariel segal,None,2026-03-25T11:43:54+02:00,92304d67dee872d1143b8f7cc103d91c1b0df426,cdf3f028a5ec066dc90d20145ce36f189fc94a73
movie_tracker,movie-tracker,5,10,3fc3dcf304a4ff17fe0bbd260ba88fac2be71c3b,3fc3dcf304a4,False,,feat(seed): add mock data for 30 movies and 24 TV shows,sariel segal,None,2026-03-25T11:47:40+02:00,394ebfb7529c148f9b44c3b54349860c7cd0e61a,32b2e6df06cb740c751c40411a625a02d1dbf75c
movie_tracker,movie-tracker,6,10,c23ef1506c7f136fc9fd61ee6ed8b95fcc940c9b,c23ef1506c7f,False,,feat: run seed on startup after table sync,sariel segal,None,2026-03-25T11:47:55+02:00,3fc3dcf304a4ff17fe0bbd260ba88fac2be71c3b,d3e485c80fef92588a65fdd4e0f43b31303987da
movie_tracker,movie-tracker,7,10,2a41f2d56e82cbfc4474e86b93cd648ba7e5dc3f,2a41f2d56e82,False,,chore: add Docker Compose setup for Node 22 + PostgreSQL 16,sariel segal,None,2026-03-25T11:59:34+02:00,c23ef1506c7f136fc9fd61ee6ed8b95fcc940c9b,95ff24c4b9ad8de3d18dbb65562556b183033ead
movie_tracker,movie-tracker,8,10,f323a1a3d2cc40b4386b9d942ca037d41a075f98,f323a1a3d2cc,False,,feat(admin): add Delete All button to Movies and TV Shows list views,sariel segal,None,2026-03-25T13:14:00+02:00,2a41f2d56e82cbfc4474e86b93cd648ba7e5dc3f,b0efcd8ea0283c80eafad27d2451862ad388aa88
movie_tracker,movie-tracker,9,10,3140c2ef30a77e14d109d1be9f20a300f18f3d27,3140c2ef30a7,False,,feat(assets): add button image assets and static file serving,sariel segal,None,2026-03-25T14:03:16+02:00,f323a1a3d2cc40b4386b9d942ca037d41a075f98,64867f8b4d28c33cb17ef489702782c2045554d4
movie_tracker,movie-tracker,10,10,29da3ea9ca47bab2e8a8e58c2a21949231525345,29da3ea9ca47,True,29da3ea9ca47bab2e8a8e58c2a21949231525345,feat(ui): replace text buttons with image buttons in list header,sariel segal,None,2026-03-25T14:04:20+02:00,3140c2ef30a77e14d109d1be9f20a300f18f3d27,658d478ffeab42e9553e723f32a329152c97d14c
traccar,traccar,1,50,f7611a6591ce79e90492ef60da90b770f42078b7,f7611a6591ce,False,,Add geofences report,Anton Tananaev,anton@traccar.org,2026-02-08T15:53:47-08:00,68ed31b023bb449123197d28c6f8036567dc9fb6,eec972cc5e2cfd614bfe46f3effe7826a37cb3be
traccar,traccar,2,50,9ea1dc97a79d0375f79fb3d875c22ba0d18eab71,9ea1dc97a79d,False,,Custom select field styles,Anton Tananaev,anton@traccar.org,2026-02-08T16:17:35-08:00,f7611a6591ce79e90492ef60da90b770f42078b7,667a1125112c2e944932eeebf1e3ed0c8dc9204a
traccar,traccar,3,50,eecd95b8a356af19a1c1750bb86b2d9f9614f92d,eecd95b8a356,False,,Custom select field styles,Anton Tananaev,anton@traccar.org,2026-02-08T21:45:37-08:00,9ea1dc97a79d0375f79fb3d875c22ba0d18eab71,076d788d299ea2504a2fb9091c46d89fb2421d88
traccar,traccar,4,50,ad515c79f1ff563b127981f4fd2b65f2324ff3c4,ad515c79f1ff,False,,Fix lint issues,Anton Tananaev,anton@traccar.org,2026-02-08T21:51:12-08:00,eecd95b8a356af19a1c1750bb86b2d9f9614f92d,826b8318608be82d90b0367d2fc3899af78cca51
traccar,traccar,5,50,18d7b2b57555279b44183edd9479e6ef6b5486ec,18d7b2b57555,False,,Bump @turf/circle from 7.3.3 to 7.3.4 (#1679),dependabot[bot],49699333+dependabot[bot]@users.noreply.github.com,2026-02-09T17:05:41-08:00,ad515c79f1ff563b127981f4fd2b65f2324ff3c4,992e1b7a78235b76be45895262bc5fe9bfcbc71a
traccar,traccar,6,50,7bd0dd011115b2fab301e04ee7163bcae8bdeefb,7bd0dd011115,False,,chore(lint): switch to eslint recommended with prettier integration,Anton Tananaev,anton@traccar.org,2026-02-09T17:46:42-08:00,18d7b2b57555279b44183edd9479e6ef6b5486ec,b60dc3aee8328045155286a962944fd1a089cc5a
traccar,traccar,7,50,88345ff567fa222ba18b76d9a02641852d02522e,88345ff567fa,True,88345ff567fa222ba18b76d9a02641852d02522e,Reformat the code,Anton Tananaev,anton@traccar.org,2026-02-09T20:48:40-08:00,7bd0dd011115b2fab301e04ee7163bcae8bdeefb,cd9b006e770e801691416d83c5d051912a116b00
traccar,traccar,8,50,4aa4548dbc3841faf845f9db094b9ee7aef3f7ea,4aa4548dbc38,False,,Bump maplibre-gl from 5.17.0 to 5.18.0 (#1681),dependabot[bot],49699333+dependabot[bot]@users.noreply.github.com,2026-02-10T14:50:36-08:00,88345ff567fa222ba18b76d9a02641852d02522e,a52f8fea49c6141b43b4d9c7e90fdf19d7568b70
traccar,traccar,9,50,4fe01ec6d9f1b475989d23f3d86e8e9f7becf86b,4fe01ec6d9f1,False,,Support notification geofence selection,Anton Tananaev,anton@traccar.org,2026-02-10T20:40:49-08:00,4aa4548dbc3841faf845f9db094b9ee7aef3f7ea,04b7044056eee5e91c3eb29cc0468893b4c6dfe0
traccar,traccar,10,50,f6f9d2c14fd04ea94a324e781c994fdb69db1e7b,f6f9d2c14fd0,False,,Improve non report selectors,Anton Tananaev,anton@traccar.org,2026-02-10T21:05:24-08:00,4fe01ec6d9f1b475989d23f3d86e8e9f7becf86b,cd27ee1f3e3b57826fe653f94394b4b3ab7689d0
traccar,traccar,11,50,fa606db67642a98e5d8095a030ab958a3f31c288,fa606db67642,False,,Bump @mui/material from 7.3.7 to 7.3.8 (#1683),dependabot[bot],49699333+dependabot[bot]@users.noreply.github.com,2026-02-12T14:39:29-08:00,f6f9d2c14fd04ea94a324e781c994fdb69db1e7b,412bce3cd6a9d8b1eb2662d1894042535c788995
traccar,traccar,12,50,a0f38af079705a21135e257e85be86462c05112e,a0f38af07970,False,,Bump @mui/icons-material from 7.3.7 to 7.3.8 (#1682),dependabot[bot],49699333+dependabot[bot]@users.noreply.github.com,2026-02-12T14:43:08-08:00,fa606db67642a98e5d8095a030ab958a3f31c288,ed9a06ad5399b983b659fbb834536652cfc99f12
traccar,traccar,13,50,d3b05e966c93e9a76f22ededc6cfd20b504b6983,d3b05e966c93,False,,Handle device deletion,Anton Tananaev,anton@traccar.org,2026-02-13T21:00:43-08:00,a0f38af079705a21135e257e85be86462c05112e,b1847531145314df1de907fec0698d19874c0032
traccar,traccar,14,50,53c3f97daedb15de4b7dbab521bb38654c1555d5,53c3f97daedb,False,,Implement device activity timeline,Anton Tananaev,anton@traccar.org,2026-02-14T15:17:21-08:00,d3b05e966c93e9a76f22ededc6cfd20b504b6983,e050d28e1fd1811ba5c19240b615beeca5ea2a80
traccar,traccar,15,50,9ffee815b54a8dbd41c657127d3e01a728f3e972,9ffee815b54a,True,9ffee815b54a8dbd41c657127d3e01a728f3e972,Improve loading spinner,Anton Tananaev,anton@traccar.org,2026-02-15T21:06:30-08:00,53c3f97daedb15de4b7dbab521bb38654c1555d5,24febd4cd55ca542e8836b9c55b3c2a91728af06
traccar,traccar,16,50,2f06553de70d10578f03e03c5d25d470676d7006,2f06553de70d,False,,Bump react-window from 2.2.6 to 2.2.7 (#1684),dependabot[bot],49699333+dependabot[bot]@users.noreply.github.com,2026-02-16T15:16:37-08:00,9ffee815b54a8dbd41c657127d3e01a728f3e972,199046238ca26c77f51598ecb3e21d16cfe4dfcd
traccar,traccar,17,50,7b0797f92217efa2a91cad6453894bb4ecffa514,7b0797f92217,False,,Add WhatApp notification support,Anton Tananaev,anton@traccar.org,2026-02-16T16:15:20-08:00,2f06553de70d10578f03e03c5d25d470676d7006,3a8c60cbed043be2de738c108459f50c287d7f4e
traccar,traccar,18,50,9f9769662532879f48978740e54ed492bae9d6f7,9f9769662532,False,,Update translations,Traccar Bot,support@traccar.org,2026-02-21T23:41:00Z,7b0797f92217efa2a91cad6453894bb4ecffa514,5423b9dc7b1e0bece396372b0d04f3c3dd9c9587
traccar,traccar,19,50,9ed7d544c95bccadaf2ac1576cf34189a91f082c,9ed7d544c95b,False,,Update version number,Anton Tananaev,anton@traccar.org,2026-02-21T15:58:39-08:00,9f9769662532879f48978740e54ed492bae9d6f7,ffd2617f31f237af54ec52946e0fd0b33e9ff525
traccar,traccar,20,50,d4aa0e3f5a9e2211675c94d4d4eb170245c18fb5,d4aa0e3f5a9e,False,,Downgrade recharts,Anton Tananaev,anton@traccar.org,2026-02-22T07:47:51-08:00,9ed7d544c95bccadaf2ac1576cf34189a91f082c,0536880e70b42bda8b777f7539a0cb086f8fa57e
traccar,traccar,21,50,3c7caad667d8a90553cb5d33326f63775cf7597a,3c7caad667d8,False,,Fix chart issues,Anton Tananaev,anton@traccar.org,2026-02-22T10:34:48-08:00,d4aa0e3f5a9e2211675c94d4d4eb170245c18fb5,c3c44d49e89c35befcff3b122c1e16fb5c74233c
traccar,traccar,22,50,603b521d18d07bbcdd3a536b8619276d5a558709,603b521d18d0,False,,Update version number,Anton Tananaev,anton@traccar.org,2026-02-22T10:38:34-08:00,3c7caad667d8a90553cb5d33326f63775cf7597a,8ad51d4f19ff17a13a5af89bd6bc4b4e393b42c8
traccar,traccar,23,50,527b2f1f03a992bc11894cd52c99753b24b508b7,527b2f1f03a9,False,,Bump maplibre-gl from 5.18.0 to 5.19.0 (#1688),dependabot[bot],49699333+dependabot[bot]@users.noreply.github.com,2026-02-23T16:19:13-08:00,603b521d18d07bbcdd3a536b8619276d5a558709,229e766052a6a1f251297c719db7c215e2c6feb9
traccar,traccar,24,50,fc0272662ebdd4a668316e999da00350e7a80500,fc0272662ebd,False,,Bump react-router-dom from 7.13.0 to 7.13.1 (#1689),dependabot[bot],49699333+dependabot[bot]@users.noreply.github.com,2026-02-23T16:43:13-08:00,527b2f1f03a992bc11894cd52c99753b24b508b7,581d4f5bff59976ad3bd322f7d7083af8b7f6ce3
traccar,traccar,25,50,2e41e5008530708e3aa1640ace8ef5d06de49cfd,2e41e5008530,False,,Bump minimatch (#1690),dependabot[bot],49699333+dependabot[bot]@users.noreply.github.com,2026-02-24T16:01:00-08:00,fc0272662ebdd4a668316e999da00350e7a80500,0135eb9cf72a7b5c303a1b6f277be0196c5c3366
traccar,traccar,26,50,a1fe922e0f179bcae388e277752b6e1aa15053b1,a1fe922e0f17,False,,Keep report filter attached,Anton Tananaev,anton@traccar.org,2026-02-24T17:40:50-08:00,2e41e5008530708e3aa1640ace8ef5d06de49cfd,66c8268fafbe08ea27c4c1075ebe4e78554e3eb7
traccar,traccar,27,50,992f7d8fc10496989a00f04246c246590a9970ef,992f7d8fc104,False,,Update version number,Anton Tananaev,anton@traccar.org,2026-02-27T06:59:41-08:00,a1fe922e0f179bcae388e277752b6e1aa15053b1,6888864ffb6087cabc1eeb53a25c1d6938202d6f
traccar,traccar,28,50,e3489ed8467dfb84613ab242db4b1e0e126029d6,e3489ed8467d,False,,Bump minimatch (#1692),dependabot[bot],49699333+dependabot[bot]@users.noreply.github.com,2026-02-27T07:20:05-08:00,992f7d8fc10496989a00f04246c246590a9970ef,8646451b0690b3e2f3e7fedcc6342f20abd3bfe2
traccar,traccar,29,50,f2f3d6d34162345fb906a62f7d382f864e3b6114,f2f3d6d34162,False,,Optimize device selectors,Anton Tananaev,anton@traccar.org,2026-03-01T15:49:46-08:00,e3489ed8467dfb84613ab242db4b1e0e126029d6,8d2b2fd3cab6a18ce9f26b6aee47f5dba6ed9fd1
traccar,traccar,30,50,f880d3849d55a926efcc7884c1ae3ee2c834d6fc,f880d3849d55,False,,Bump globals from 17.3.0 to 17.4.0 (#1693),dependabot[bot],49699333+dependabot[bot]@users.noreply.github.com,2026-03-02T16:17:44-08:00,f2f3d6d34162345fb906a62f7d382f864e3b6114,449129be689420e1d3a55f23d99b3bcd6d28f227
traccar,traccar,31,50,7ae66672acb49b118e31271e7ef0f33926ff2a5a,7ae66672acb4,False,,Fix motion bar overflow,Anton Tananaev,anton@traccar.org,2026-03-04T08:32:51-08:00,f880d3849d55a926efcc7884c1ae3ee2c834d6fc,6564b9838630d7fb4fbfc10b0b87b41844e39faf
traccar,traccar,32,50,5f80e0676d98316968a87d5cf121defb06c7ba9f,5f80e0676d98,False,,Bump @mui/material from 7.3.8 to 7.3.9 (#1696),dependabot[bot],49699333+dependabot[bot]@users.noreply.github.com,2026-03-05T15:33:19-08:00,7ae66672acb49b118e31271e7ef0f33926ff2a5a,66f04098875ba81fc4dc070d688e363eec04335a
traccar,traccar,33,50,a87082ae3656bdbfbdcd0b381fa860c41f234c82,a87082ae3656,False,,Bump @mui/icons-material from 7.3.8 to 7.3.9 (#1697),dependabot[bot],49699333+dependabot[bot]@users.noreply.github.com,2026-03-05T15:35:52-08:00,5f80e0676d98316968a87d5cf121defb06c7ba9f,3161f107f694d548a428c49797cccf981ff2304d
traccar,traccar,34,50,fc23f29e2482d7fd89084dcff3a8a126eb18a117,fc23f29e2482,False,,Select previous address value instead of coordinates value (#1694),AussieTraccar,github.aussietraccar@coulson.net.au,2026-03-06T10:47:51+11:00,a87082ae3656bdbfbdcd0b381fa860c41f234c82,f515b0d81f2193e42be5138d6b54bcff65741413
traccar,traccar,35,50,20ec1f80e34586015ee22b865dca98766825e949,20ec1f80e345,False,,Bump recharts from 3.7.0 to 3.8.0 (#1698),dependabot[bot],49699333+dependabot[bot]@users.noreply.github.com,2026-03-06T14:50:54-08:00,fc23f29e2482d7fd89084dcff3a8a126eb18a117,21a6202b9442c8733f18572811c58287d8c1aad5
traccar,traccar,36,50,0bb1c21a0224ab0fb1820115ccaf4fafd50cfa67,0bb1c21a0224,False,,Implement remove keyword search,Anton Tananaev,anton@traccar.org,2026-03-08T10:13:38-07:00,20ec1f80e34586015ee22b865dca98766825e949,491f402c399bc16919e0ba4a45a275932342ac21
traccar,traccar,37,50,e0bd25f01ff172212ffff504c021cc45c035d74c,e0bd25f01ff1,False,,Implement settings pagination,Anton Tananaev,anton@traccar.org,2026-03-08T10:38:07-07:00,0bb1c21a0224ab0fb1820115ccaf4fafd50cfa67,2dbcffb86593210446839c9a6582dec5c3bdad35
traccar,traccar,38,50,140dfa644e3c284175896b96ab5c9347388813db,140dfa644e3c,True,140dfa644e3c284175896b96ab5c9347388813db,Handle position data type,Anton Tananaev,anton@traccar.org,2026-03-09T06:33:23-07:00,e0bd25f01ff172212ffff504c021cc45c035d74c,5518a4c6ab35086b95df80759a76bb9cf27624de
traccar,traccar,39,50,f79bca46401ea5c8f298284f0970a0cebcdb6eb4,f79bca46401e,False,,Remove redundant check,Anton Tananaev,anton@traccar.org,2026-03-09T06:37:54-07:00,140dfa644e3c284175896b96ab5c9347388813db,62673d1f8365d30764685443c344121f21a30c9a
traccar,traccar,40,50,2779d1d94d13e386c0d46ad6d431eb845647590b,2779d1d94d13,False,,Bump react-rnd from 10.5.2 to 10.5.3 (#1700),dependabot[bot],49699333+dependabot[bot]@users.noreply.github.com,2026-03-10T15:49:24-07:00,f79bca46401ea5c8f298284f0970a0cebcdb6eb4,f00c282ce017eea5723b95900142e085d46811da
traccar,traccar,41,50,e4cc06268705b670f9040f71c962a501895b0a8a,e4cc06268705,False,,Bump maplibre-gl from 5.19.0 to 5.20.0 (#1701),dependabot[bot],49699333+dependabot[bot]@users.noreply.github.com,2026-03-11T15:49:11-07:00,2779d1d94d13e386c0d46ad6d431eb845647590b,9b72192c9d4205b8453a6eb97de179d03257eaaf
traccar,traccar,42,50,be88b9b0ae2072977f620ff602c993ab7d0a8794,be88b9b0ae20,False,,Bump dayjs from 1.11.19 to 1.11.20 (#1704),dependabot[bot],49699333+dependabot[bot]@users.noreply.github.com,2026-03-12T16:04:19-07:00,e4cc06268705b670f9040f71c962a501895b0a8a,c39341d2725d5dd37558b21f3dd2a0ddc0a5c2e5
traccar,traccar,43,50,2584e96fdf1d27c3a3b17d3c515e845eba0e9a91,2584e96fdf1d,False,,Bump @vitejs/plugin-react-swc from 4.2.3 to 4.3.0 (#1703),dependabot[bot],49699333+dependabot[bot]@users.noreply.github.com,2026-03-12T18:33:08-07:00,be88b9b0ae2072977f620ff602c993ab7d0a8794,ab7bf6dc16546b8766490ea640048887517ebfea
traccar,traccar,44,50,cd328020d181a001c11c9c8e98c27a7c7511b8de,cd328020d181,False,,Bump maplibre-gl from 5.20.0 to 5.20.1 (#1705),dependabot[bot],49699333+dependabot[bot]@users.noreply.github.com,2026-03-13T15:34:55-07:00,2584e96fdf1d27c3a3b17d3c515e845eba0e9a91,caaad9af7e78aa5b4b703771396013e0e44132ca
traccar,traccar,45,50,0bda39e93e261e7fffbcafd9e41ea6e64d2476ef,0bda39e93e26,False,,Update to new vite,Anton Tananaev,anton@traccar.org,2026-03-13T17:27:45-07:00,cd328020d181a001c11c9c8e98c27a7c7511b8de,697fa3fcc5fd7f7964401a6adaad55d409c0bb2b
traccar,traccar,46,50,c9dc0bdfb9837a29083042323f44fcdbc8545640,c9dc0bdfb983,False,,Bump vite-plugin-static-copy from 3.2.0 to 3.3.0 (#1706),dependabot[bot],49699333+dependabot[bot]@users.noreply.github.com,2026-03-13T17:31:01-07:00,0bda39e93e261e7fffbcafd9e41ea6e64d2476ef,688448579d7cd2f722107488c5920840836d69f2
traccar,traccar,47,50,7cabebaaa4dd47d201217ae72a9aa2d76fc5094a,7cabebaaa4dd,False,,Upgrade and improve linting,Anton Tananaev,anton@traccar.org,2026-03-13T20:24:25-07:00,c9dc0bdfb9837a29083042323f44fcdbc8545640,e18951b91a9a6268a1cf18b215a03fd4b4ea2856
traccar,traccar,48,50,fa6695a951430f007a54d32e3e3fbb29e9effbda,fa6695a95143,False,,Fix lint warnings,Anton Tananaev,anton@traccar.org,2026-03-13T20:36:19-07:00,7cabebaaa4dd47d201217ae72a9aa2d76fc5094a,550c3630ff347e5bd73800cd96c847698255916d
traccar,traccar,49,50,588e5cb52580bf296175fe03ab23a980c5368553,588e5cb52580,True,588e5cb52580bf296175fe03ab23a980c5368553,Fix remaining lint rules,Anton Tananaev,anton@traccar.org,2026-03-13T20:54:20-07:00,fa6695a951430f007a54d32e3e3fbb29e9effbda,02d420d7d84b0d5112a49b582ed997e6ffc67886
traccar,traccar,50,50,84b2a56d9ab3d32f84abad66991fb5fbdbf9ff6c,84b2a56d9ab3,False,,added patches to review,Zev Levy Stevenson,None,2026-03-14T04:36:13+02:00,588e5cb52580bf296175fe03ab23a980c5368553,ee3b051c5ec104454708eb592a30fed5aa27440e
rocketchat_suite,RocketChat,1,50,baf977001864c8c6756cf844c3119d044225a416,baf977001864,False,,refactor: execute VideoConference statistics count queries in parallel (#39248),khizar (RinX),109973520+Khizarshah01@users.noreply.github.com,2026-03-04T02:58:19+05:30,ea73f1c148f66561e698f4808756c4688c749eec,e849ddfff3ca1201c2e51c48f2efef68af81fe05
rocketchat_suite,RocketChat,2,50,26643ccf59e61a32e17ac8176638358772546b9d,26643ccf59e6,False,,test: Fix flaky `renders MediaCallHistoryTableStory without crashing` (#39310),gabriellsh,40830821+gabriellsh@users.noreply.github.com,2026-03-03T18:45:42-03:00,baf977001864c8c6756cf844c3119d044225a416,aae6bd9476d8bb6982dd0acf0bf5e04e846db5cb
rocketchat_suite,RocketChat,3,50,955a7ccafd330b59a9d4e7150874f882677dd831,955a7ccafd33,False,,chore(eslint): Allow `await` in loops (#39178),Tasso Evangelista,tasso.evangelista@rocket.chat,2026-03-03T20:33:25-03:00,26643ccf59e61a32e17ac8176638358772546b9d,77745edaec4c8b4e870295b9e33a8398f3a99d7b
rocketchat_suite,RocketChat,4,50,87f9262af4a543d52642a54e1ef546d509a79e23,87f9262af4a5,False,,refactor(ui-kit): Remove UiKit deprecations (#39268),Tasso Evangelista,tasso.evangelista@rocket.chat,2026-03-03T20:34:56-03:00,955a7ccafd330b59a9d4e7150874f882677dd831,942b8803f685ffd31b964181e8cf1ad45f69fe75
rocketchat_suite,RocketChat,5,50,3d0187ae1fd5e501221834afc9e04d874b45d2e3,3d0187ae1fd5,False,,refactor: Remove global references to `Accounts` (#39314),Tasso Evangelista,tasso.evangelista@rocket.chat,2026-03-03T20:36:07-03:00,87f9262af4a543d52642a54e1ef546d509a79e23,9f037b9989a201db5367f20a99c6845b0e03b273
rocketchat_suite,RocketChat,6,50,345189ad5cd8a9b9bb3ea52ef872aac0699637ef,345189ad5cd8,False,,refactor: Remove global references to `Tracker` (#39308),Tasso Evangelista,tasso.evangelista@rocket.chat,2026-03-03T20:56:49-03:00,3d0187ae1fd5e501221834afc9e04d874b45d2e3,25c1a61575eb9eaba27eff8fe98ca1e22f60e8f5
rocketchat_suite,RocketChat,7,50,a601a67ed22d426b83456ad23f0527585738c075,a601a67ed22d,False,,chore: Upgrade fuselage packages (#39169),Júlia Jaeger Foresti,60678893+juliajforesti@users.noreply.github.com,2026-03-03T20:48:33-03:00,345189ad5cd8a9b9bb3ea52ef872aac0699637ef,0260da8a8f5d18a606dbb1d07227876f54f2bb63
rocketchat_suite,RocketChat,8,50,08c8d70d4b798f44103b8a3b6cd188a27c35f671,08c8d70d4b79,False,,ci: remove pr-title-checker action (superseded by Dionisio) (#39311),Copilot,198982749+Copilot@users.noreply.github.com,2026-03-03T22:34:25-03:00,a601a67ed22d426b83456ad23f0527585738c075,91d3749adb3566e3ddf088754e94cd99beab1f36
rocketchat_suite,RocketChat,9,50,c68ac536eadd3f0105923597342ff0795a9e1610,c68ac536eadd,False,,refactor: Remove global references to `Meteor` (#39316),Tasso Evangelista,tasso.evangelista@rocket.chat,2026-03-04T01:55:27-03:00,08c8d70d4b798f44103b8a3b6cd188a27c35f671,e68963cc64269ad51a683ed5caf6ffdb73636fc0
rocketchat_suite,RocketChat,10,50,3a7f517da8b0384f0745c09bd3d77431c4be62ed,3a7f517da8b0,False,,refactor(api): update authentication handling and context types (#39342),Guilherme Gazzo,guilherme@gazzo.xyz,2026-03-04T19:41:47-03:00,c68ac536eadd3f0105923597342ff0795a9e1610,173ab077cc4639905dd45c8c1488fe8e6777d7ca
rocketchat_suite,RocketChat,11,50,b8b8611a74dddf9c80ecc2b9d18c2b80dbfe2d79,b8b8611a74dd,False,,chore: Peer deps (#39327),Kevin Aleman,None,2026-03-05T00:43:02-06:00,3a7f517da8b0384f0745c09bd3d77431c4be62ed,6baa587a98d63ab86a4882dd207d457664684437
rocketchat_suite,RocketChat,12,50,819399c7b841a0d5e756462ad8b20c0c2d8f3a6c,819399c7b841,False,,chore(eslint): Consistent type imports/exports (#39341),Tasso Evangelista,tasso.evangelista@rocket.chat,2026-03-05T11:50:40-03:00,b8b8611a74dddf9c80ecc2b9d18c2b80dbfe2d79,33c686a4af604915ad5f909fdde5349489c8d30d
rocketchat_suite,RocketChat,13,50,d08306b8635a3cbd8af3bb9de92b1c26c2d0e162,d08306b8635a,False,,chore(deps): bump DOMPurify (#39384),Julio Araujo,julio.araujo@rocket.chat,2026-03-05T19:34:11+01:00,819399c7b841a0d5e756462ad8b20c0c2d8f3a6c,ab77352929855b8e7f2d7cfc4249c1d477d85291
rocketchat_suite,RocketChat,14,50,46a17742d880deafa8cdc98c967e3b5c9fcf8c05,46a17742d880,False,,ci: fix callback in permissions.helper.ts for promise resolution (#39390),Guilherme Gazzo,guilherme@gazzo.xyz,2026-03-05T17:48:19-03:00,d08306b8635a3cbd8af3bb9de92b1c26c2d0e162,332df928c325754f4fd38848d5c4f5ab23643e00
rocketchat_suite,RocketChat,15,50,79c712b8c74d0decb72513f7aa179115fa77c0c2,79c712b8c74d,False,,fix(ux): WCAG (4.1.2) Dynamic aria-labelledby-message (#36271),ergot-rp,erik.gothe@redpill-linpro.com,2026-03-06T13:52:58+01:00,46a17742d880deafa8cdc98c967e3b5c9fcf8c05,3a66f5204267369582c93048428dda44cd0a518a
rocketchat_suite,RocketChat,16,50,11150f125db89b9333c535c2c65d94d7b7f4aa5a,11150f125db8,True,11150f125db89b9333c535c2c65d94d7b7f4aa5a,fix(auth): enforce NIST 800-63b minimum work factor after migration window (#39527),gabriellsh,gabriellsh@users.noreply.github.com,2026-03-06T13:52:58+01:00,79c712b8c74d0decb72513f7aa179115fa77c0c2,b48f0d259aa02ee4acdf731b4f2d877b20320740
rocketchat_suite,RocketChat,17,50,fc3d1c082fd7f71f20b3ba286f8c19cb789f8026,fc3d1c082fd7,False,,chore: Upgrade `@rocket.chat/icons` package (#39418),gabriellsh,40830821+gabriellsh@users.noreply.github.com,2026-03-06T15:34:47-03:00,11150f125db89b9333c535c2c65d94d7b7f4aa5a,1e9fa7686e6980ef291f97c820844c88761e6661
rocketchat_suite,RocketChat,18,50,97bbe483097e7906e9938c7495e3d458b39198fd,97bbe483097e,True,97bbe483097e7906e9938c7495e3d458b39198fd,chore(apps-engine): add missing await in AppSchedulerManager.cleanUp (#39048),Suryansh Mishra,None,2026-03-07T01:03:20+05:30,fc3d1c082fd7f71f20b3ba286f8c19cb789f8026,0ff815609731947a2818faf37955c3d46188c6fe
rocketchat_suite,RocketChat,19,50,02c523abd7f587119d19c82069230236f4811bb6,02c523abd7f5,False,,chore: remove left-over .worktrees dir (#39339),Matheus Cardoso,matheus@cardo.so,2026-03-06T16:33:36-03:00,97bbe483097e7906e9938c7495e3d458b39198fd,3b85cebf25dcdea5a5b8b1f141ffcd58efd68b21
rocketchat_suite,RocketChat,20,50,9f4cc71c2f048ce287b5996732645449993ab00e,9f4cc71c2f04,False,,fix: Missing ABAC Icons on sidebar items (#39054),Martin Schoeler,martin.schoeler@rocket.chat,2026-03-07T00:09:46-03:00,02c523abd7f587119d19c82069230236f4811bb6,f5784907fbfc38aee5d92b5aed397f827e0f7ec6
rocketchat_suite,RocketChat,21,50,b774c0bda0f7f85483d8c3c2292c752edb1e1e8f,b774c0bda0f7,False,,chore: properly close websocket connection on device logout (#39383),Júlia Jaeger Foresti,60678893+juliajforesti@users.noreply.github.com,2026-03-07T01:36:33-03:00,9f4cc71c2f048ce287b5996732645449993ab00e,84023afda6fb94048f6ad9eeabccf3c475b8b3b3
rocketchat_suite,RocketChat,22,50,57446c8a1847790535587346b0129b7655b32e73,57446c8a1847,False,,chore(deps): bump `hono` to 4.12.5 (#39421),Yasmim Nagat,117310290+yasnagat@users.noreply.github.com,2026-03-09T12:30:23-03:00,b774c0bda0f7f85483d8c3c2292c752edb1e1e8f,f3c0e09b9873cc5fafed98a2f330c091293ea972
rocketchat_suite,RocketChat,23,50,e5897c50ea1bfabb57d4f3c8931cb6a44007fa08,e5897c50ea1b,False,,test(apps): add tests for `bundleLegacyApp` (#39420),Copilot,198982749+Copilot@users.noreply.github.com,2026-03-09T12:30:43-03:00,57446c8a1847790535587346b0129b7655b32e73,014b1f2ac054d5c1df80400485858c0091c7f527
rocketchat_suite,RocketChat,24,50,a9b2662594bce770cddc6c79188387aa30f445a7,a9b2662594bc,False,,refactor(api): implement permissions middleware (#39351),Guilherme Gazzo,guilherme@gazzo.xyz,2026-03-09T12:31:01-03:00,e5897c50ea1bfabb57d4f3c8931cb6a44007fa08,0680f295e10170c7b492c9f6823080d281b1cc95
rocketchat_suite,RocketChat,25,50,5a84ffddb1aedec3bd158132c8959c62519fb63c,5a84ffddb1ae,False,,chore(deps): upgrade aws sdk to v3 (#36659),Matheus Cardoso,matheus@cardo.so,2026-03-09T12:31:39-03:00,a9b2662594bce770cddc6c79188387aa30f445a7,ef7d167e1f64bd5d15680f4157313a62455fa005
rocketchat_suite,RocketChat,26,50,830e33782103ca1aff0d3a6a19d8fdb8785b126c,830e33782103,False,,chore: accept additional push tokens intended for voip to iOS devices (#39174),Pierre Lehnen,55164754+pierre-lehnen-rc@users.noreply.github.com,2026-03-09T14:00:02-03:00,5a84ffddb1aedec3bd158132c8959c62519fb63c,2bd3f0d9d2bda221b4316e48e5de3bf4b99d0017
rocketchat_suite,RocketChat,27,50,4b6336e7de4023331273e60dade36689a8520ac1,4b6336e7de40,False,,refactor: standardize ReturnChatQueueModal using GenericModal (#38384),ASHWANI YADAV,None,2026-03-09T23:59:37+05:30,830e33782103ca1aff0d3a6a19d8fdb8785b126c,edab9b937380f2fa3c54fcceadb3aa1d423ca73e
rocketchat_suite,RocketChat,28,50,3da854ef532281a0c74dc502d7e06f28b9957eea,3da854ef5322,False,,test: custom user status API tests with authentication and permission (#39330),Jéssica Souza,jessica_schelly@hotmail.com,2026-03-09T16:38:53-03:00,4b6336e7de4023331273e60dade36689a8520ac1,cd4af65b0ce74445495297d9c6efd322714b0031
rocketchat_suite,RocketChat,29,50,2ce7963064b5b2c649a5896c8ce43b7cfd045bd7,2ce7963064b5,False,,chore: remove unused S3 SignatureVersion setting (#39244),Ricardo Garim,None,2026-03-09T20:50:15-03:00,3da854ef532281a0c74dc502d7e06f28b9957eea,c9ebca60069a1939aebb0079fabe02693344c940
rocketchat_suite,RocketChat,30,50,9c4d5821f3e168bd1c419c18668e3aeaff1f0706,9c4d5821f3e1,False,,regression: Adjust close connection condition (#39470),Júlia Jaeger Foresti,60678893+juliajforesti@users.noreply.github.com,2026-03-10T11:23:49-03:00,2ce7963064b5b2c649a5896c8ce43b7cfd045bd7,a8fbd8cf8c507e8809a564fb7958c9e18311ce23
rocketchat_suite,RocketChat,31,50,ecd561e5b39e01ed55cbe1d4a4fbe9aad6e026dd,ecd561e5b39e,False,,chore: Remove `dangerouslySetInnerHtml` and replace it with `<Trans>` component (#39073),Julio Araujo,julio.araujo@rocket.chat,2026-03-10T15:24:02+01:00,9c4d5821f3e168bd1c419c18668e3aeaff1f0706,32dd5447469140a873ba21826a4cada959d60c19
rocketchat_suite,RocketChat,32,50,6cc8465df955aa16bb783ddd6f3a0e0075059a8f,6cc8465df955,True,6cc8465df955aa16bb783ddd6f3a0e0075059a8f,chore(storage): reclaim disk space from stale uploads (#39453),Rodrigo Nascimento,None,2026-03-10T15:24:02+01:00,ecd561e5b39e01ed55cbe1d4a4fbe9aad6e026dd,f5b0fd8f9b7717595f4ee70424737740e90e3d14
rocketchat_suite,RocketChat,33,50,4b60ad41dd1c0132c2894e54b7616376589ec86e,4b60ad41dd1c,False,,fix: imported fixes 03-09-2026 (#39492),Yasmim Nagat,117310290+yasnagat@users.noreply.github.com,2026-03-10T12:07:49-03:00,6cc8465df955aa16bb783ddd6f3a0e0075059a8f,0f99898fa70b0365e46ffa5b43a801d255914666
rocketchat_suite,RocketChat,34,50,4cb777104623a9dc32fbb1645f254155d5f548c3,4cb777104623,False,,fix: `ssrf` validation for oauth (#39505),Kevin Aleman,None,2026-03-10T11:02:43-06:00,4b60ad41dd1c0132c2894e54b7616376589ec86e,442ca26096d9641819569dc9116df2e5fc3d1ddf
rocketchat_suite,RocketChat,35,50,a62d6b7f6fa90230edc485d7c13ba16c680299ca,a62d6b7f6fa9,False,,fix: Thread's jump to message action changes main channel scroll position (#39092),Aleksander Nicacio da Silva,aleksander.silva@rocket.chat,2026-03-10T15:40:26-03:00,4cb777104623a9dc32fbb1645f254155d5f548c3,0abaa20f36589377d4a975e4f757d4bb5ce124df
rocketchat_suite,RocketChat,36,50,192c53513513ed3e09bf223b150a5335dc1be10f,192c53513513,False,,fix: Calendar status event status switch (#39491),Kevin Aleman,None,2026-03-10T15:14:40-06:00,a62d6b7f6fa90230edc485d7c13ba16c680299ca,88d3987c0436135aaa5ac0371fe58a69a04f845f
rocketchat_suite,RocketChat,37,50,ceeb47ff25ed89e20d95de09815fd0198769e8ef,ceeb47ff25ed,False,, i18n(livechat): Add missing az translations (#39518),Martin Schoeler,martin.schoeler@rocket.chat,2026-03-11T14:24:10-03:00,192c53513513ed3e09bf223b150a5335dc1be10f,a38515a9529a83e35362e317caf5080dfa282425
rocketchat_suite,RocketChat,38,50,a356ca3c1ead8462f12804b36e8b220b5d6f21c4,a356ca3c1ead,False,,i18n(meteor): Remove duplicated translation key (#39542),Douglas Fabris,None,2026-03-11T17:33:05-03:00,ceeb47ff25ed89e20d95de09815fd0198769e8ef,679171bfdc8e88af49e89157a191d7c1dacfa034
rocketchat_suite,RocketChat,39,50,a3c081ae5151cecd983d62d10c78487f790aa130,a3c081ae5151,False,,chore: Convert some apis to openAPI  (#39265),Guilherme Gazzo,guilherme@gazzo.xyz,2026-03-11T21:02:54-03:00,a356ca3c1ead8462f12804b36e8b220b5d6f21c4,4c0ef88b464a3a0a74a48d7ccfb8bbfa7b48d018
rocketchat_suite,RocketChat,40,50,59c696c7fb55a3268fcb3f79e1875d0cbf468e6c,59c696c7fb55,False,,fix: Prevent UI from displaying @@ for federation usernames (#39460),Aleksander Nicacio da Silva,aleksander.silva@rocket.chat,2026-03-12T11:19:48-03:00,a3c081ae5151cecd983d62d10c78487f790aa130,af06b47d2e0eb289a26249d22d138e98b9e1f6e7
rocketchat_suite,RocketChat,41,50,2fa10196b89fad33b2895e41560829f65d0a2b1d,2fa10196b89f,False,,ci: remove leftover db watcher suffix (#39536),Matheus Cardoso,matheus@cardo.so,2026-03-12T12:16:35-03:00,59c696c7fb55a3268fcb3f79e1875d0cbf468e6c,1cc67bd2b628d3e45ed81e7e843133596f3b026b
rocketchat_suite,RocketChat,42,50,71a663a99263af6501087e8aa2447afbd1ff3504,71a663a99263,False,,fix: prevent self-message notification in new message stream (#39545),Júlia Jaeger Foresti,60678893+juliajforesti@users.noreply.github.com,2026-03-12T14:34:08-03:00,2fa10196b89fad33b2895e41560829f65d0a2b1d,cad7d6e6f9b9cd21c7cf9d8d7e1719c8cb48c8e4
rocketchat_suite,RocketChat,43,50,a0bb62ffef4e02687b9aee57152e4e6b85b192f7,a0bb62ffef4e,False,,refactor: move custom sounds list query validation schema to rest-typings package (#39263),Nazareno Bucciarelli,84046180+nazabucciarelli@users.noreply.github.com,2026-03-12T14:45:33-03:00,71a663a99263af6501087e8aa2447afbd1ff3504,a5008fac0d0feb79c4628a51a77c46f6d182cb3c
rocketchat_suite,RocketChat,44,50,26434455665db1199be13e645b2a15f823854400,26434455665d,False,,chore: Allow clients to register a session after accepting a call (#38736),Pierre Lehnen,55164754+pierre-lehnen-rc@users.noreply.github.com,2026-03-12T16:35:26-03:00,a0bb62ffef4e02687b9aee57152e4e6b85b192f7,7fe07609888fd6410a6e92ebaf7c5e9111239d32
rocketchat_suite,RocketChat,45,50,984029f3e032c36d661318bc9fe8d54563410cf9,984029f3e032,False,,chore: add deprecation warning for anonymous read/write settings (#39461),Ricardo Garim,None,2026-03-12T16:37:28-03:00,26434455665db1199be13e645b2a15f823854400,4906acf7aa430f2c994fb3c112313dfba70db6ad
rocketchat_suite,RocketChat,46,50,0c25b056487e380b9996706609356ed143864dda,0c25b056487e,True,0c25b056487e380b9996706609356ed143864dda,feat: add new role for federated users (#39548),Diego Sampaio,None,2026-03-12T17:49:41-03:00,984029f3e032c36d661318bc9fe8d54563410cf9,686d46d8096f517d4137e9c669f8d268b0948c08
rocketchat_suite,RocketChat,47,50,efc77659635cc053d24c079fd535bda6556084ea,efc77659635c,False,,fix(ux): prevent modal from closing when team/channel creation fails (#38611),Naetik soni,None,2026-03-13T01:45:17+05:30,0c25b056487e380b9996706609356ed143864dda,3727cca86b6a60d6e5b95e48058fce230bd1995a
rocketchat_suite,RocketChat,48,50,5705715f45f15bc176eecba396124aca17964998,5705715f45f1,False,,"fix: ""Join"" button on Outlook Calendar bubbles event up (#39363)",Gaurav kumar,None,2026-03-13T01:47:45+05:30,efc77659635cc053d24c079fd535bda6556084ea,cab855e415e58ec8211dd49aa81883e3871c7f46
rocketchat_suite,RocketChat,49,50,ab39e3c0e1d6775fe1d54cd95c33f79cbf321111,ab39e3c0e1d6,True,ab39e3c0e1d6775fe1d54cd95c33f79cbf321111,fix(e2e): avoid redundant room queue updates on key rotation (#39480),Marcos Spessatto Defendi,marcos.defendi@rocket.chat,2026-03-13T01:47:45+05:30,5705715f45f15bc176eecba396124aca17964998,c6e104431e95b0c6d43ea9664e15c5f6a24b0841
rocketchat_suite,RocketChat,50,50,54b54a6f410bafb9cb5e16792f3e2ec9ed517f89,54b54a6f410b,False,,chore: disable Transfer Call button when the opposite client doesn't support being transferred (#39486),Pierre Lehnen,55164754+pierre-lehnen-rc@users.noreply.github.com,2026-03-12T17:52:27-03:00,ab39e3c0e1d6775fe1d54cd95c33f79cbf321111,39fe71052efe99019e448b0592820e8c1c9a14a6
opentripplanner,OpenTripPlanner,1,50,4a38d91bc6c234efb8dae2f7671ffc307648a8b4,4a38d91bc6c2,False,,Remove empty file,Leonard Ehrenfried,mail@leonard.io,2026-03-09T09:28:26+01:00,79bc5769144b9520ac891e78133a4620437b3caf,b3fe609f8eb22683e9cf0b7570fc430807b154eb
opentripplanner,OpenTripPlanner,2,50,1ad814300adda57a5c47a48aa2fd72921632d07a,1ad814300add,False,,Improve message of stop connectivity issue,Leonard Ehrenfried,mail@leonard.io,2026-03-09T09:53:29+01:00,4a38d91bc6c234efb8dae2f7671ffc307648a8b4,6fc7d2c28194ef1c78f64cf3fd0d3725d8db950f
opentripplanner,OpenTripPlanner,3,50,6b84d15440a9d3fe782ae6924795413e249a6d9f,6b84d15440a9,False,,Add test,Leonard Ehrenfried,mail@leonard.io,2026-03-09T12:32:40+01:00,1ad814300adda57a5c47a48aa2fd72921632d07a,8020e23f7b82886a6ab651b9280cf92196d3fa84
opentripplanner,OpenTripPlanner,4,50,abc1a5c6653dd63188fea420861024b9a0365468,abc1a5c6653d,False,,Apply review feedback,Leonard Ehrenfried,mail@leonard.io,2026-03-11T12:48:47+01:00,6b84d15440a9d3fe782ae6924795413e249a6d9f,4e5f92467582f4128e3d19103bde81d86b516817
opentripplanner,OpenTripPlanner,5,50,03950fe8a53fd239b2480dcc549579845f296eeb,03950fe8a53f,False,,Add changelog entry for #7375 [ci skip],OTP Changelog Bot,changelog-bot@opentripplanner.org,2026-03-11T13:51:14Z,abc1a5c6653dd63188fea420861024b9a0365468,2511c663f2d76504b9c19114c3ca1ee4831c7dff
opentripplanner,OpenTripPlanner,6,50,4bb8f5641607a3e4e5f4863ee5ed9f0041fa07f7,4bb8f5641607,False,,fix(RealtimeVe...Matcher): Infer service date if staticTripTimes missing.,binh-dam-ibigroup,binh.dam@arcadis.com,2026-01-07T16:17:46-05:00,03950fe8a53fd239b2480dcc549579845f296eeb,023ee41d931aaae20c291ca4f9c45cf692be752e
opentripplanner,OpenTripPlanner,7,50,c3598f9416e8dc93b0fa1cf6f0e36d76c6ac066b,c3598f9416e8,False,,Rename test param in RealTimeVehicleMatcherTest,Binh Dam,56846598+binh-dam-ibigroup@users.noreply.github.com,2026-01-09T09:14:24-05:00,4bb8f5641607a3e4e5f4863ee5ed9f0041fa07f7,5b77b77c72e611116ebc735e8b538de07138b547
opentripplanner,OpenTripPlanner,8,50,44cfdbc3c4ac09ad1f6d5129f6e9507ebf64f840,44cfdbc3c4ac,False,,refactor(RealtimeVe...Matcher): Revert inferServiceDate with static times.,binh-dam-ibigroup,binh.dam@arcadis.com,2026-02-04T18:01:33-05:00,c3598f9416e8dc93b0fa1cf6f0e36d76c6ac066b,05f893023a368822a9545929ff85ede1952e3bff
opentripplanner,OpenTripPlanner,9,50,655cc2684b191900bcd080fbb1db521e37704e19,655cc2684b19,False,,refactor(RealtimeVe...Matcher): Infer svc date using realtime pattern.,binh-dam-ibigroup,binh.dam@arcadis.com,2026-02-04T18:18:21-05:00,44cfdbc3c4ac09ad1f6d5129f6e9507ebf64f840,bd1c1d598731ce5bfbf11b1697523d26959ec262
opentripplanner,OpenTripPlanner,10,50,c14ebed54d8c696f07547072e344d5ab0e63537d,c14ebed54d8c,False,,fix(RealtimeVe...Matcher): Return null svc date if no static times and not one trip svc date.,binh-dam-ibigroup,binh.dam@arcadis.com,2026-02-05T08:24:24-05:00,655cc2684b191900bcd080fbb1db521e37704e19,26b91d3a74c44d9a140b30d301b0fda0c8a75f1c
opentripplanner,OpenTripPlanner,11,50,2a235b931a4f7d49b1d9d6df60012b60aaaccecc,2a235b931a4f,False,,test(RealtimeVe...Matcher): Remove redundant param in inferServiceDayOfTripAt6.,binh-dam-ibigroup,binh.dam@arcadis.com,2026-02-05T09:11:00-05:00,c14ebed54d8c696f07547072e344d5ab0e63537d,94d5b166cd52dd36989e798ce2f760bf773aa090
opentripplanner,OpenTripPlanner,12,50,8d118087ac479e500a0db25dde453e267f63026b,8d118087ac47,False,,fix(RealtimeVe...Matcher): Get service dates from transit service.,binh-dam-ibigroup,binh.dam@arcadis.com,2026-02-05T14:26:00-05:00,2a235b931a4f7d49b1d9d6df60012b60aaaccecc,eb6db12858c6a654492ade22020c83fda51a430d
opentripplanner,OpenTripPlanner,13,50,27bdc69511a50ca77f87aaa2a883c2a8e5343b12,27bdc69511a5,False,,refactor(RealtimeVe...Matcher): Consolidate ctors.,binh-dam-ibigroup,binh.dam@arcadis.com,2026-02-05T14:45:24-05:00,8d118087ac479e500a0db25dde453e267f63026b,824d31b13fb0e24ed7b141d8f67a037736d4118d
opentripplanner,OpenTripPlanner,14,50,f22631e2ad56592d3747686ac5d5315541570807,f22631e2ad56,False,,style(RealtimeVe...Matcher): Apply checkstyle.,binh-dam-ibigroup,binh.dam@arcadis.com,2026-02-05T14:50:54-05:00,27bdc69511a50ca77f87aaa2a883c2a8e5343b12,90a1512294f255096b4d55220203d74ddad28053
opentripplanner,OpenTripPlanner,15,50,25ad362a87ec9864b63e49b3c3bdfa2618b97d7c,25ad362a87ec,False,,Add changelog entry for #7179 [ci skip],OTP Changelog Bot,changelog-bot@opentripplanner.org,2026-03-11T15:00:49Z,f22631e2ad56592d3747686ac5d5315541570807,776c19fe6cdd0bc671bc2648585b824c19b6d741
opentripplanner,OpenTripPlanner,16,50,3642b448c0b2a0e28eefe578a77cd1e30e5d3b65,3642b448c0b2,True,3642b448c0b2a0e28eefe578a77cd1e30e5d3b65,Set default timeout to 5 seconds again,Leonard Ehrenfried,mail@leonard.io,2026-03-03T19:54:15+01:00,25ad362a87ec9864b63e49b3c3bdfa2618b97d7c,c197a4df2a3ec2ecac120d084bf7621a8d17c203
opentripplanner,OpenTripPlanner,17,50,59d51428da7d56624b5d9b8ec931d1638db8e86f,59d51428da7d,False,,Add changelog entry for #7373 [ci skip],OTP Changelog Bot,changelog-bot@opentripplanner.org,2026-03-12T10:21:39Z,3642b448c0b2a0e28eefe578a77cd1e30e5d3b65,4a4fc7a6d285a477fb44068af3d00c56fc87849d
opentripplanner,OpenTripPlanner,18,50,9c05aac5da48a2f451b37a1274283387667cc2fe,9c05aac5da48,False,,Depricated polygon. Added centroid. Bugfix for #7012,Arnljot Arntsen,arnljot.arntsen@entur.org,2026-02-05T13:16:21+01:00,59d51428da7d56624b5d9b8ec931d1638db8e86f,c1d83f5bc0c07085a7e5e58ad0b952a054f469d5
opentripplanner,OpenTripPlanner,19,50,0fd4d898bbdbc680ed86b085a8def761d671e0df,0fd4d898bbdb,False,,Removed bad mvn config #7012,Arnljot Arntsen,arnljot.arntsen@entur.org,2026-02-24T21:23:13+01:00,9c05aac5da48a2f451b37a1274283387667cc2fe,13ebce074d357b59066dc9a6e2367c752ce43542
opentripplanner,OpenTripPlanner,20,50,661d0d92ee306bfa1d5b07ba4625c415bbb6c6ac,661d0d92ee30,False,,Moved tests per request by t2gran,Arnljot Arntsen,arnljot.arntsen@entur.org,2026-03-05T11:20:57+01:00,0fd4d898bbdbc680ed86b085a8def761d671e0df,bd04be39749404a4c0c427b4b69e0c8c8513859f
opentripplanner,OpenTripPlanner,21,50,ece893417864e8eb8cba244d132e223c32d8c9e9,ece893417864,False,,Started fleshing out tests.,Arnljot Arntsen,arnljot.arntsen@entur.org,2026-03-05T12:31:32+01:00,661d0d92ee306bfa1d5b07ba4625c415bbb6c6ac,aa269e287ae1132d1df6f5a01b06676720531dab
opentripplanner,OpenTripPlanner,22,50,923c2234a41450d480c00e38d408286a4aa6b4bb,923c2234a414,False,,Feedback from code review,Arnljot Arntsen,arnljot.arntsen@entur.org,2026-03-09T09:57:48+01:00,ece893417864e8eb8cba244d132e223c32d8c9e9,fe7f483c462df18575a4c5a682f17611d82e55a1
opentripplanner,OpenTripPlanner,23,50,023263837e3f19996ab4f7c371174785ccf31b67,023263837e3f,False,,Code review feedback.,Arnljot Arntsen,arnljot.arntsen@entur.org,2026-03-09T11:00:43+01:00,923c2234a41450d480c00e38d408286a4aa6b4bb,da0f4b4b37b7769a2d992f9317dfabe91cad0d8f
opentripplanner,OpenTripPlanner,24,50,7bd77a41b85cfd16e46c788c2705d3666a35a6b3,7bd77a41b85c,False,,Added test after code review.,Arnljot Arntsen,arnljot.arntsen@entur.org,2026-03-09T11:56:39+01:00,023263837e3f19996ab4f7c371174785ccf31b67,c1f0dfbfbcdd3ae44c7f41839459208a4aeeb9ac
opentripplanner,OpenTripPlanner,25,50,c68c99640a7c8e715c26368edc404f46d0a9f81a,c68c99640a7c,False,,Removed dead code.,Arnljot Arntsen,arnljot.arntsen@entur.org,2026-03-09T11:57:25+01:00,7bd77a41b85cfd16e46c788c2705d3666a35a6b3,6ce8f00bf932bf4851a7a72c66fc50335e738570
opentripplanner,OpenTripPlanner,26,50,d6bda62199f5e0ea909d72e087f49f3168f95ca0,d6bda62199f5,False,,Fixed broken test.,Arnljot Arntsen,arnljot.arntsen@entur.org,2026-03-09T12:42:08+01:00,c68c99640a7c8e715c26368edc404f46d0a9f81a,e54810c49c2a55fbb59a6058505da8164d6d8da9
opentripplanner,OpenTripPlanner,27,50,89a38eb69fdaa5224bc8611a034b270e9b16355b,89a38eb69fda,False,,Fixed bug in carpool routing and worked in code review feedback.,Arnljot Arntsen,arnljot.arntsen@entur.org,2026-03-11T15:17:30+01:00,d6bda62199f5e0ea909d72e087f49f3168f95ca0,853b6e324db103183937438bf5b2ab6683ccdef2
opentripplanner,OpenTripPlanner,28,50,116b83beb65518cb6caceede538e64b5d12833ee,116b83beb655,False,,Change after code review.,Arnljot Arntsen,arnljot.arntsen@entur.org,2026-03-12T11:40:43+01:00,89a38eb69fdaa5224bc8611a034b270e9b16355b,76d9587780ed631c3d4ae020564421be2679e367
opentripplanner,OpenTripPlanner,29,50,4ec6f1a42683d8ef8ae4066ed1ddb1bfbc80ebab,4ec6f1a42683,False,,Relax the visit number validation logic,Henrik Abrahamsson,henrik.abrahamsson@decerno.se,2026-03-11T11:22:51+01:00,116b83beb65518cb6caceede538e64b5d12833ee,4db03e7c583991705a2302f60e14ee2214afb80c
opentripplanner,OpenTripPlanner,30,50,7442b54ee572cbfc4322f3e3cbe287ed423e7851,7442b54ee572,False,,Modify failing test,Henrik Abrahamsson,henrik.abrahamsson@decerno.se,2026-03-12T09:22:58+01:00,4ec6f1a42683d8ef8ae4066ed1ddb1bfbc80ebab,5386d5abb7f7d620166a8078d6e4d6a63fb9ded8
opentripplanner,OpenTripPlanner,31,50,bfd779bcd2e45255d8cf99d1bf0cb68441a54e76,bfd779bcd2e4,False,,Rename variable,Henrik Abrahamsson,henrik.abrahamsson@decerno.se,2026-03-12T09:25:10+01:00,7442b54ee572cbfc4322f3e3cbe287ed423e7851,2c86ecf077b553590f1d600c28045e79c8430c2c
opentripplanner,OpenTripPlanner,32,50,fd70b632a87fb9058d5dda2439c0dffcfeb4d46c,fd70b632a87f,False,,Update comment,Henrik Abrahamsson,henrik.abrahamsson@decerno.se,2026-03-12T12:37:15+01:00,bfd779bcd2e45255d8cf99d1bf0cb68441a54e76,3b521f43c5f3d7222750c8435394a8effcd1eef7
opentripplanner,OpenTripPlanner,33,50,2acbd19d06487e2d05fb571e97749b017669f06c,2acbd19d0648,False,,Add stop code back to log message about failed boarding location linking,Vesa Meskanen,vesa@realsoft.com,2026-03-13T09:08:18+02:00,fd70b632a87fb9058d5dda2439c0dffcfeb4d46c,c8d2bacbca6dc83333937f9441778774753dbbe6
opentripplanner,OpenTripPlanner,34,50,2ad83dab0e12cc79616d498ce08dd4317cd824e6,2ad83dab0e12,False,,refactor: git mv HttpHeaders from updater.spi to framework.io,Tom Erik Støwer,tom.erik.stower@entur.org,2026-03-11T14:38:30+01:00,2acbd19d06487e2d05fb571e97749b017669f06c,535b7c3c7335c61aeb0c0cfaf53729b798e50cb3
opentripplanner,OpenTripPlanner,35,50,2a9eed3160ba1ec2e95a70f1903009ace3a678eb,2a9eed3160ba,False,,refactor: update package declaration and imports for HttpHeaders move,Tom Erik Støwer,tom.erik.stower@entur.org,2026-03-11T14:46:20+01:00,2ad83dab0e12cc79616d498ce08dd4317cd824e6,c56f3550322ce30320692b99b99d1f81fb6fea5c
opentripplanner,OpenTripPlanner,36,50,7353c790d8917cb8eac6655e7400761118dda143,7353c790d891,False,,"refactor: update OtpHttpClient to accept HttpHeaders instead of Map<String, String>",Tom Erik Støwer,tom.erik.stower@entur.org,2026-03-11T15:07:27+01:00,2a9eed3160ba1ec2e95a70f1903009ace3a678eb,b903f97caca20d83683994670d1ef0246c70c6c8
opentripplanner,OpenTripPlanner,37,50,3e05ca2d65a58b00278cbb98c4c14f9be5411a76,3e05ca2d65a5,False,,docs: update HttpHeaders javadoc to not reference updaters,Tom Erik Støwer,tom.erik.stower@entur.org,2026-03-11T15:15:00+01:00,7353c790d8917cb8eac6655e7400761118dda143,4c02e345d8b129d0565721461e1c18db6b49531c
opentripplanner,OpenTripPlanner,38,50,01b732e0b934fee639e9ed7993be40e1404ac744,01b732e0b934,False,,style: apply prettier formatting,Tom Erik Støwer,tom.erik.stower@entur.org,2026-03-11T15:48:03+01:00,3e05ca2d65a58b00278cbb98c4c14f9be5411a76,f1c81ec05ce804b9bc5647f34fd16632ca6adcdb
opentripplanner,OpenTripPlanner,39,50,5bf5de07822fcdc3869d8cbbedd3fdac06c23ff6,5bf5de07822f,False,,Fix entrances sometimes not showing up in walk steps and add tests.,Ville Pihlava,ville.pihlava@cgi.com,2026-02-27T15:40:25+02:00,01b732e0b934fee639e9ed7993be40e1404ac744,7465274afb47dbf704030f267876f141aa1dedb5
opentripplanner,OpenTripPlanner,40,50,2863a31740f434ea75c68f790d0367013c990c1d,2863a31740f4,False,,Fix test.,Ville Pihlava,ville.pihlava@cgi.com,2026-03-02T14:25:44+02:00,5bf5de07822fcdc3869d8cbbedd3fdac06c23ff6,a42d989461c1bc3173c729fcaacbe87d0d9d621a
opentripplanner,OpenTripPlanner,41,50,ba772414261755d58e1ded18548a848f9b12f7f9,ba7724142617,False,,Add localized name for station entrances in StatesToWalkStepsMapper.,Ville Pihlava,ville.pihlava@cgi.com,2026-03-03T14:33:38+02:00,2863a31740f434ea75c68f790d0367013c990c1d,7b54fda3d98eacfa1fadb023b49f4c2fe647656a
opentripplanner,OpenTripPlanner,42,50,efada0e3a960290de4875c00d587159d3a95af9c,efada0e3a960,False,,Change comment.,Ville Pihlava,ville.pihlava@cgi.com,2026-03-10T16:51:09+02:00,ba772414261755d58e1ded18548a848f9b12f7f9,59456ed76616c23b8b70f6b427bcfb9a53f9881d
opentripplanner,OpenTripPlanner,43,50,5ec9a6a8f64aac443defee3e56bb0b58731f271f,5ec9a6a8f64a,False,,Add changelog entry for #7361 [ci skip],OTP Changelog Bot,changelog-bot@opentripplanner.org,2026-03-13T13:57:18Z,efada0e3a960290de4875c00d587159d3a95af9c,639a9d5f0642f937648c66d77afcc72a07d4d74b
opentripplanner,OpenTripPlanner,44,50,ef0a371b14f2ce4e5fa728e69d50f40711d7afb3,ef0a371b14f2,False,,fix(deps): update dependency @graphql-codegen/java-resolvers to v4,renovate[bot],29139614+renovate[bot]@users.noreply.github.com,2026-03-13T13:59:18Z,5ec9a6a8f64aac443defee3e56bb0b58731f271f,90ac10a443f1326d9f2da53188597c994b2e601f
opentripplanner,OpenTripPlanner,45,50,b450a95504eff9e2333908e2fb881362c1352096,b450a95504ef,False,,Change renovate to rebase only when there are conflicts,Joel Lappalainen,None,2026-03-13T16:11:26+02:00,ef0a371b14f2ce4e5fa728e69d50f40711d7afb3,a222c785be0fb94b100757fdb715d7c021d755e2
opentripplanner,OpenTripPlanner,46,50,6bf0a3f604eca1c55bc081165d47acc79edcedf2,6bf0a3f604ec,False,,fix(deps): update highly trusted dependencies (patch) to v1.16.4,renovate[bot],29139614+renovate[bot]@users.noreply.github.com,2026-03-13T14:28:05Z,b450a95504eff9e2333908e2fb881362c1352096,bac06b6b1f5de34172afc15ffac56a363a40e6c7
opentripplanner,OpenTripPlanner,47,50,cc1c5a16889581b8c464aa139db7ac62911658e2,cc1c5a168895,False,,fix(deps): update gtfs api code generation,renovate[bot],29139614+renovate[bot]@users.noreply.github.com,2026-03-13T14:28:24Z,6bf0a3f604eca1c55bc081165d47acc79edcedf2,105b70f22677a66fce334de23aa1d11d632059da
opentripplanner,OpenTripPlanner,48,50,4071bcf99d9f9f43bf90854e29e513325a8bc108,4071bcf99d9f,False,,Pin jts-core to 1.20.0 to fix version conflict with mapbox-vector-tile,Vincent Paturet,vincent.paturet@entur.org,2026-03-12T15:23:48+01:00,cc1c5a16889581b8c464aa139db7ac62911658e2,63a8d4f66890123fdd411a521bd204ab80953276
opentripplanner,OpenTripPlanner,49,50,8a4fa8412a3e0381083e3514c21016ae3da3890b,8a4fa8412a3e,True,8a4fa8412a3e0381083e3514c21016ae3da3890b,Refactored timeout factor,Leonard Ehrenfried,mail@leonard.io,2026-03-12T18:29:01+01:00,4071bcf99d9f9f43bf90854e29e513325a8bc108,23decbbdca92cf2ab5a1d8dd54b7b8cff6a255c1
opentripplanner,OpenTripPlanner,50,50,4f355f82357381fd341bebdd0afdeaa358e64f7f,4f355f823573,False,,chore(deps): update dependency vite to v8,renovate[bot],29139614+renovate[bot]@users.noreply.github.com,2026-03-13T15:09:20Z,8a4fa8412a3e0381083e3514c21016ae3da3890b,4cdfd13545ec82afb7e807c30f2d4fa0e147b457
wiki2,wiki2,1,50,a393f5f9bcab56590d03bd886ce8e05f05a64b89,a393f5f9bcab,False,,docs: Update README.md,Nicolas Giard,github@ngpixel.com,2025-03-31T03:50:08-04:00,78c41e36e121b10342288e3606f54da4d6899004,857b8e8e654de9e790fc358655730bc3b9856d14
wiki2,wiki2,2,50,7053819f358802091c5f49bef5b38a7b32714140,7053819f3588,False,,docs: Update README.md,Nicolas Giard,github@ngpixel.com,2025-03-31T03:52:26-04:00,a393f5f9bcab56590d03bd886ce8e05f05a64b89,ad1b8a40a1cdc598c988c6c98501e24260698a95
wiki2,wiki2,3,50,9bf9c8af4790051bf9563c4c68d2939ad39d5cdc,9bf9c8af4790,False,,ci: Update build.yml,Nicolas Giard,github@ngpixel.com,2025-03-31T03:55:18-04:00,7053819f358802091c5f49bef5b38a7b32714140,cb4b2285819bf9f1bfd36eaf21b2d341e83d8b57
wiki2,wiki2,4,50,200c8e8c7f9a82692deeb5da06d31ccde3b037e7,200c8e8c7f9a,True,200c8e8c7f9a82692deeb5da06d31ccde3b037e7,feat: add option to delete all pages,Nicolas Giard,github@ngpixel.com,2025-04-01T08:58:12-04:00,9bf9c8af4790051bf9563c4c68d2939ad39d5cdc,169de11cb2511b5bf3a42c15c849ba35a3668e43
wiki2,wiki2,5,50,2dfc6a5f2a83bbe1e2cb8be3b1a7a356572029f0,2dfc6a5f2a83,False,,chore(helm): render external database URL if it is set (#7036),Nadia Santalla,nadia@santalla.io,2025-04-07T15:19:29+02:00,200c8e8c7f9a82692deeb5da06d31ccde3b037e7,5307bfd6c25ac7f8713ed3e0289624a31d444ad7
wiki2,wiki2,6,50,6b96836f9e4f9d75b325ec2cc54b3f967a57c612,6b96836f9e4f,False,,docs: Update SECURITY.md,Nicolas Giard,github@ngpixel.com,2025-06-10T14:45:46-04:00,2dfc6a5f2a83bbe1e2cb8be3b1a7a356572029f0,8a4b1dd07bdd4d8655e84484502624cb5eaf8486
wiki2,wiki2,7,50,770626f86b4633b88d2b0cad2d1aeb906acc172d,770626f86b46,True,770626f86b4633b88d2b0cad2d1aeb906acc172d,feat: create option to reset wiki content in development mode,Nicolas Giard,github@ngpixel.com,2025-06-17T11:47:49-04:00,6b96836f9e4f9d75b325ec2cc54b3f967a57c612,a3058ce989e88e083ce5dfea78866973d49beaa9
wiki2,wiki2,8,50,dabfd6b1a2e7186aba20d3a91b556844c3ed0ca7,dabfd6b1a2e7,False,,docs: Update README.md,Nicolas Giard,github@ngpixel.com,2025-07-28T13:11:47-04:00,770626f86b4633b88d2b0cad2d1aeb906acc172d,a835cbd7bbccb023ae37f897b6e8a02383c76f7d
wiki2,wiki2,9,50,003cbae3aa6acd302c0d4b5732bff70dda6bfe70,003cbae3aa6a,False,,fix: update dompurify dependency + add cross-env,Nicolas Giard,github@ngpixel.com,2025-08-13T02:52:46-04:00,dabfd6b1a2e7186aba20d3a91b556844c3ed0ca7,1c8fceda33c17d960fe8fa308723fc0a62506304
wiki2,wiki2,10,50,20b1ae0d8eefc9ca3373782ec0f0de924c107357,20b1ae0d8eef,False,,feat: set groups based on Azure groups (#7736),Ole Christian Tvedt,ole.chr@microman.no,2025-08-13T08:53:19+02:00,003cbae3aa6acd302c0d4b5732bff70dda6bfe70,3d50330426e43a32239008028c16ce8560df9590
wiki2,wiki2,11,50,cf46085de12d18f69e8cd39b313fae201964c7f5,cf46085de12d,False,,fix: force wrap for code blocks in print view,Nicolas Giard,github@ngpixel.com,2025-08-13T03:03:35-04:00,20b1ae0d8eefc9ca3373782ec0f0de924c107357,f65e30787fa95fc2d6fada08ee4399f7c87a053c
wiki2,wiki2,12,50,5bb868993a8b53472bf3da34748960408f12f8e3,5bb868993a8b,False,,fix: requests without user-agent causing error 500 (#7749),Craig Reyenga,craigreyenga@users.noreply.github.com,2025-08-18T21:38:20-04:00,cf46085de12d18f69e8cd39b313fae201964c7f5,460ca8c8b43172cb3535bc5852c4896ebabf61ba
wiki2,wiki2,13,50,bd40ae46ba150febcdafcd6eb848dc90cb870001,bd40ae46ba15,False,,ci(helm): add custom environment variables to the deployment (#7784),Lyz,lyz@riseup.net,2025-09-11T16:58:59Z,5bb868993a8b53472bf3da34748960408f12f8e3,54558d7ea29f2f8a700741dd29131276dce91b22
wiki2,wiki2,14,50,be08ae6d73cb82b519ac2d41eb9fc5c944dc5b41,be08ae6d73cb,False,,fix: Add missing status code on unauthorized access (#7785),dhulripos,137174121+dhulripos@users.noreply.github.com,2025-09-24T13:06:37+09:00,bd40ae46ba150febcdafcd6eb848dc90cb870001,9b5de3612abfab0edffd5f00986e1f357e4aa2c9
wiki2,wiki2,15,50,152937b5c3078fac1934bfba1e01d947f5163250,152937b5c307,False,,docs: update README,Nicolas Giard,github@ngpixel.com,2025-10-09T00:19:29-04:00,be08ae6d73cb82b519ac2d41eb9fc5c944dc5b41,6babcb056946486482ee7488eddc2c703f195ae5
wiki2,wiki2,16,50,92a1f26fb5592a0bc5bcf2c0bd2e78ac9f24ea93,92a1f26fb559,True,92a1f26fb5592a0bc5bcf2c0bd2e78ac9f24ea93,fix: add graphql mutation for deleteAllPages,Nicolas Giard,github@ngpixel.com,2025-10-16T02:29:29-04:00,152937b5c3078fac1934bfba1e01d947f5163250,7ae9cf1667a6f43dbc567d14cc688a4d24297387
wiki2,wiki2,17,50,ec1255c15ce0f76b204cf02422354ff1c1dbd6b5,ec1255c15ce0,False,,fix: add tor1 region to DigitalOcean spaces list (#7832),Benoît des Ligneris,bligneri@users.noreply.github.com,2025-10-28T13:39:14-04:00,92a1f26fb5592a0bc5bcf2c0bd2e78ac9f24ea93,513ab669a97bfa785b59e27ebf55d8213db89d68
wiki2,wiki2,18,50,3d5bac5afdfd1224467e045b0375a382ae99e337,3d5bac5afdfd,False,,fix(search): always ensure pg_trgm extension availability for PostgreSQL search (#7845),scottnursten-22,scott.nursten@ithq.pro,2025-11-13T20:27:26Z,ec1255c15ce0f76b204cf02422354ff1c1dbd6b5,5df9b76e63456c6e79737c82d2c57bae2a55f7c3
wiki2,wiki2,19,50,ed7e4d5361041286661c7a10554824d51cafc9c0,ed7e4d536104,False,,fix: enhance logging for Google and GitHub OAuth2 authentication (#7848),ss033,155379841+ssk033@users.noreply.github.com,2026-01-01T07:14:14+05:30,3d5bac5afdfd1224467e045b0375a382ae99e337,601ab6d6da11391f3bd7552e6fd653a63e6a9a00
wiki2,wiki2,20,50,ede61df71c1686b43be2d58208fa97de5eda8726,ede61df71c16,False,,feat: add support for database connection via socketPath when using mysql2 driver (#7839),Karl Berggren,github@jjabba.com,2026-01-01T02:53:47+01:00,ed7e4d5361041286661c7a10554824d51cafc9c0,ffbfb18fe76de9361729f6e28699ae7faa1b8179
wiki2,wiki2,21,50,c139b5ed7855f3dc48eb7b3f1b42dd92f88cdd93,c139b5ed7855,False,,fix(profile): Prevent autofill on header search bar (#7688),Wingqvist,67349855+Wingqvist@users.noreply.github.com,2026-01-01T03:00:06+01:00,ede61df71c1686b43be2d58208fa97de5eda8726,1ad9381d37f9cd487dcbdf0c66add4da28f29530
wiki2,wiki2,22,50,4e72891139b3669bbc680b42510a8268439935ef,4e72891139b3,False,,fix: Update keycloak authentication definition hints (#7809),Mia Moir,63592337+archessmn@users.noreply.github.com,2026-01-01T02:02:42Z,c139b5ed7855f3dc48eb7b3f1b42dd92f88cdd93,d6ba340a08785a468148e10dc63899eb0c5a6ec4
wiki2,wiki2,23,50,2a56d88e4398471ee42f3d8ce0fbd86e03e69d00,2a56d88e4398,False,,fix: add locale to home icon breadcrumb nav (#7825),StofnerP,patrick@stofner.net,2026-01-01T03:09:21+01:00,4e72891139b3669bbc680b42510a8268439935ef,69a2965b250136b3a655769f13d0573e97e0596f
wiki2,wiki2,24,50,1536d4842ead6906b736b2eac72fd27e74219265,1536d4842ead,False,,fix: hide unfinished features,NGPixel,github@ngpixel.com,2026-01-03T02:30:55-05:00,2a56d88e4398471ee42f3d8ce0fbd86e03e69d00,39f7db157010be9d9b9318ace0539c6b2df9fe37
wiki2,wiki2,25,50,9a82357765289e46c9899c8f90dd2075ddae52ab,9a8235776528,False,,refactor: update docker images to Node 24 and fix promisify calls,NGPixel,github@ngpixel.com,2026-01-03T03:03:15-05:00,1536d4842ead6906b736b2eac72fd27e74219265,49a368a56b8c927d389bcf20347bb7172a8d96ae
wiki2,wiki2,26,50,382ae1d307700d311fe1f047a4b6143cbea84cae,382ae1d30770,False,,chore: update dependencies,NGPixel,github@ngpixel.com,2026-01-03T03:27:51-05:00,9a82357765289e46c9899c8f90dd2075ddae52ab,32f77cc7ad2ac1f3ef66f29c6f98cb5fa137c46f
wiki2,wiki2,27,50,b0b4e9542542745168e2034b7b9d24d0a8b996a6,b0b4e9542542,True,b0b4e9542542745168e2034b7b9d24d0a8b996a6,fix: add removePages event,Nicolas Giard,github@ngpixel.com,2026-01-05T09:31:51-05:00,382ae1d307700d311fe1f047a4b6143cbea84cae,957945523ab37015582ca53f851b258d474d4b24
wiki2,wiki2,28,50,0686d72220ef7b9a0f217322b8101fc6a2999811,0686d72220ef,False,,fix: breadcrumb path generation,Nicolas Giard,github@ngpixel.com,2026-01-06T00:38:16-05:00,b0b4e9542542745168e2034b7b9d24d0a8b996a6,67030f6b7fff4805e4f5b91008c124a75ff20fb1
wiki2,wiki2,29,50,4949c748349d8307bce100beb32cca6a330dabf1,4949c748349d,False,,fix: use promisified pipeline from stream,NGPixel,github@ngpixel.com,2026-01-06T00:54:56-05:00,0686d72220ef7b9a0f217322b8101fc6a2999811,aea025ea9b3e3d01178ae3e8ccaeea3b946be1bd
wiki2,wiki2,30,50,7d198cb73f07507e220777efc7ac3a626c2afda3,7d198cb73f07,False,,fix: stop dompurify from breaking draw.io diagrams (#7888),Felix Eckhofer,felix@eckhofer.com,2026-01-06T22:56:35+01:00,4949c748349d8307bce100beb32cca6a330dabf1,d9f1c43d9ddd3c7f131669fedb73624a17e80a3b
wiki2,wiki2,31,50,54c7a3c31a0d5904cba9d11dc066548012ab60b1,54c7a3c31a0d,False,,fix: handle breadcrumb locale prefix correctly,NGPixel,github@ngpixel.com,2026-01-08T03:00:47-05:00,7d198cb73f07507e220777efc7ac3a626c2afda3,42e4ef43a7b3a42f8c13a942dd3f96e2ad88bc50
wiki2,wiki2,32,50,075316a974949308eefb31584a57a644785a0fb9,075316a97494,False,,fix: css editor in page properties dialog not loading,NGPixel,github@ngpixel.com,2026-01-08T03:04:21-05:00,54c7a3c31a0d5904cba9d11dc066548012ab60b1,d24148691598b366aefa822e4223baac90604f11
wiki2,wiki2,33,50,8d7d854b82b0e20ddb0938627016e9e69ba30b7c,8d7d854b82b0,False,,fix: rocketchat auth prototype pollution via userProfile function,NGPixel,github@ngpixel.com,2026-01-08T03:40:26-05:00,075316a974949308eefb31584a57a644785a0fb9,cd5462e7a3b6fb0256aaaf08551cb893ed6ce788
wiki2,wiki2,34,50,a79edbbff257ad72fd7d5ea9f268cc28458645b6,a79edbbff257,False,,fix: add cookie secure flag when site is using https,NGPixel,github@ngpixel.com,2026-01-08T04:22:22-05:00,8d7d854b82b0e20ddb0938627016e9e69ba30b7c,21958c4cdf5356c8e139b8215cccadae327dcdf5
wiki2,wiki2,35,50,519fcf615db5f29a8986820430b4e45cf16bd0d7,519fcf615db5,False,,fix: add cookie secure flag when site is using https (client-side),NGPixel,github@ngpixel.com,2026-01-08T04:49:09-05:00,a79edbbff257ad72fd7d5ea9f268cc28458645b6,031323c0108488594e19f390a408537b798e6b24
wiki2,wiki2,36,50,e875de6f26aa550d57c32f7f08066fa54381fc0b,e875de6f26aa,False,,fix: apply theme style to embedded diagram svg (#7903),Felix Eckhofer,felix@eckhofer.com,2026-01-20T22:40:00+01:00,519fcf615db5f29a8986820430b4e45cf16bd0d7,210141c68e35bdc840099bfa7160cd8a5626c03f
wiki2,wiki2,37,50,f7d714546fc8e7be48f9d359db3133ac0b615f56,f7d714546fc8,False,,fix: diagram svg styling add `!important` qualifier for light scheme (#7905),Felix Eckhofer,felix@eckhofer.com,2026-01-22T18:27:29+01:00,e875de6f26aa550d57c32f7f08066fa54381fc0b,6e00d427b7892c81b834ea0c91858951e9ff753d
wiki2,wiki2,38,50,9bd980deff9aa67f791a5e4f8a2788f879ede2bf,9bd980deff9a,False,,feat: map OIDC/OAuth2 avatar claims to user pictureUrl (#7908),mod242,40213799+mod242@users.noreply.github.com,2026-01-24T00:36:52+01:00,f7d714546fc8e7be48f9d359db3133ac0b615f56,ea34ea8d0a9bb5b08b75bc2e89ea780458159ab7
wiki2,wiki2,39,50,90d9053b4f223c4ebc52a1a3bbc71efebb3df1b9,90d9053b4f22,False,,fix: validate loginRedirect cookie to prevent open redirect (#7923),Kolega.dev,security@kolega.ai,2026-02-12T02:27:36Z,9bd980deff9aa67f791a5e4f8a2788f879ede2bf,2cc3b8e4e6687d2a7154053a7ca799942fdff461
wiki2,wiki2,40,50,1cd7bf37e5bbd5a559a256cd92dc754b484bff35,1cd7bf37e5bb,False,,fix: authenticate GraphQL subscription WebSocket connections (#7922),Kolega.dev,security@kolega.ai,2026-02-12T02:40:25Z,90d9053b4f223c4ebc52a1a3bbc71efebb3df1b9,84daf7139e16651f4595402783b23192b0d79438
wiki2,wiki2,41,50,5c5bdaf93046048627b24369b59dfbf7efdb61df,5c5bdaf93046,False,,fix(helm): Replace bitname PostgreSQL chart with custom statefulset (#7936),Nicolas Giard,github@ngpixel.com,2026-02-22T00:04:24-05:00,1cd7bf37e5bbd5a559a256cd92dc754b484bff35,9db13e48b47d6834bdb926a00e916f118f40c6fb
wiki2,wiki2,42,50,b6fbadf91b8596327007580820a2656c06bc4715,b6fbadf91b85,False,,ci(helm): fix chart versioning,Nicolas Giard,github@ngpixel.com,2026-02-22T00:13:49-05:00,5c5bdaf93046048627b24369b59dfbf7efdb61df,8ed391ffa4d63c6b439f53c2aab12dac91e02f7a
wiki2,wiki2,43,50,7d9e5b3048cb8eff04faf018cd5b168b168bec7a,7d9e5b3048cb,False,,ci(helm): use prod chart,Nicolas Giard,github@ngpixel.com,2026-02-22T00:22:00-05:00,b6fbadf91b8596327007580820a2656c06bc4715,be996c16df052bbf1fc5d1f8ebb45b35ae9cc678
wiki2,wiki2,44,50,35444181b187097a608c32051a6caca45bdb984d,35444181b187,True,35444181b187097a608c32051a6caca45bdb984d,fix: correctly remove files after export,Nicolas Giard,github@ngpixel.com,2026-02-22T11:33:56-05:00,7d9e5b3048cb8eff04faf018cd5b168b168bec7a,0b4e3bb3f438026ee544ab8137a8c067df661bef
wiki2,wiki2,45,50,3c720f0211c449b12e9604df6e9131b67f71cb5b,3c720f0211c4,False,,ci: update packer definition,NGPixel,github@ngpixel.com,2026-02-26T04:42:58-05:00,35444181b187097a608c32051a6caca45bdb984d,b6f589ae398d6413081456c9c1c9d8e4c97ce4de
wiki2,wiki2,46,50,20c707395a612de58870f1b70b6dc9672210457d,20c707395a61,False,,ci: update packer build workflow,NGPixel,github@ngpixel.com,2026-02-26T04:51:10-05:00,3c720f0211c449b12e9604df6e9131b67f71cb5b,1d179c2af08ded397c00ffde43a73efa0703dcd2
wiki2,wiki2,47,50,9722e21a61e1fe09fd5146192b353b74655fd390,9722e21a61e1,False,,ci: fix packer docker script,NGPixel,github@ngpixel.com,2026-02-26T04:59:50-05:00,20c707395a612de58870f1b70b6dc9672210457d,d7a676b1c64162018c8cceb231160bf6fe0b0e5c
wiki2,wiki2,48,50,30cf55cb603a94ceb2304656e186462451867b49,30cf55cb603a,False,,ci: purge droplet-agent in packer cleanup script,NGPixel,github@ngpixel.com,2026-02-26T05:10:46-05:00,9722e21a61e1fe09fd5146192b353b74655fd390,b3cbe2a5b8042ccdc2a16824eae5cb4a8f39f299
wiki2,wiki2,49,50,37672a3f0f3cd642b110c2d714288310a3e062aa,37672a3f0f3c,False,,ci: fix packer cleanup script,NGPixel,github@ngpixel.com,2026-02-26T05:23:59-05:00,30cf55cb603a94ceb2304656e186462451867b49,fe34b4c9a45535ce29b7c76d40f885df896f563f
wiki2,wiki2,50,50,0f7c0549744876b99f75db170ce637e125c3b850,0f7c05497448,False,,ci: pin packer postgres to 17,NGPixel,github@ngpixel.com,2026-02-26T05:41:53-05:00,37672a3f0f3cd642b110c2d714288310a3e062aa,abf470ac2695dd8bc8d76f1d37ce52e2440247d8
stackstorm2,StackStorm2,1,50,40757c68d7f4ace9f2f774c8f2e6b99223747de6,40757c68d7f4,False,,gha: fix s3 object tagging with aws cli,Jacob Floyd,None,2025-09-26T14:52:58-05:00,e17c71ad7c7c1a7f0d7905c3ed75a786d4877ce3,e3c3ef5a05e23a6280c11bedf40c2432be4d7f61
stackstorm2,StackStorm2,2,50,e2e279674dd1940611aabf0b29a1eaf45b3e3242,e2e279674dd1,False,,gha: rework RESOLVES var,Jacob Floyd,None,2025-09-26T15:48:48-05:00,40757c68d7f4ace9f2f774c8f2e6b99223747de6,746f11ed21309dfb7dd4dc4b90c43b38c3767ad0
stackstorm2,StackStorm2,3,50,a22ca676de6c9d8a0e70e10966805547a1487737,a22ca676de6c,False,,gha: strip more ansi sequences from text output,Jacob Floyd,None,2025-09-26T15:58:32-05:00,e2e279674dd1940611aabf0b29a1eaf45b3e3242,511e29a452f22cb6afd1d9e251b5fde39ca1572d
stackstorm2,StackStorm2,4,50,1167363c5316404df99eb473350e13cb58b8a415,1167363c5316,False,,gha: debug,Jacob Floyd,None,2025-09-26T16:05:34-05:00,a22ca676de6c9d8a0e70e10966805547a1487737,6ff746f0b8b62b41ffe14157c1bd680586f770f9
stackstorm2,StackStorm2,5,50,bcd3437591a6edc6de6efccce2588f4931dc3270,bcd3437591a6,False,,gha: fix download-artifact usage,Jacob Floyd,None,2025-09-26T16:22:19-05:00,1167363c5316404df99eb473350e13cb58b8a415,605dddd51d20d26f16fce7b9268887f44e19dc72
stackstorm2,StackStorm2,6,50,905e9804c985dd28b732d0f28b9e3568a44029d6,905e9804c985,False,,gha: drop debug,Jacob Floyd,None,2025-09-26T16:31:17-05:00,bcd3437591a6edc6de6efccce2588f4931dc3270,104cb9ca42f8e5fd02dc0e957d064d130fd65a74
stackstorm2,StackStorm2,7,50,e97f335e24577629205541f635a5ca7f62622010,e97f335e2457,False,,gha: drop alert box from job summary,Jacob Floyd,None,2025-09-26T16:40:34-05:00,905e9804c985dd28b732d0f28b9e3568a44029d6,a7c779f34b7d36f87e9ba9f63c0a98f80577e399
stackstorm2,StackStorm2,8,50,1dc8b7728d72f6d697420b21f7ff1ee3d15c8219,1dc8b7728d72,False,,gha: improve debuggability of workflow,Jacob Floyd,None,2025-09-26T16:51:06-05:00,e97f335e24577629205541f635a5ca7f62622010,84af3002dda2e0f06a4702a9ef0611aac00d35d9
stackstorm2,StackStorm2,9,50,96049c892d7d64bf0c644237a9d8bae2b6e54adf,96049c892d7d,False,,gha: clean up commit message,Jacob Floyd,None,2025-09-26T18:57:45-05:00,1dc8b7728d72f6d697420b21f7ff1ee3d15c8219,3c6bb0274968deebbcb50a1427805dd7ae0c841b
stackstorm2,StackStorm2,10,50,30a19c18e2ae3d4123d448dc159e375d2c4070ad,30a19c18e2ae,False,,gha: use st2stanley to create commits,Jacob Floyd,None,2025-09-27T12:39:39-05:00,96049c892d7d64bf0c644237a9d8bae2b6e54adf,d62ad1354c6a1565732820ea18f480be0443198c
stackstorm2,StackStorm2,11,50,286f7ba0e4537ff99d0b9983bd697e3a2f0a7498,286f7ba0e453,False,,refactor scripts/fixate-requirements.py for reuse,Jacob Floyd,None,2025-09-27T18:43:37-05:00,30a19c18e2ae3d4123d448dc159e375d2c4070ad,9b2cf653bb331e0587413eca8b36b79d94997878
stackstorm2,StackStorm2,12,50,8fb9cdf11cebe049a5eec6132f3e28ff15d62632,8fb9cdf11ceb,False,,draft scripts/lockfiles_to_reqs.py,Jacob Floyd,None,2025-09-27T18:45:42-05:00,286f7ba0e4537ff99d0b9983bd697e3a2f0a7498,da7a962fe785efe6f95013a2e609dfe0d16b181b
stackstorm2,StackStorm2,13,50,f7efdc488a020de777b206ad2f421db24964174a,f7efdc488a02,False,,lint w/ flake8,Jacob Floyd,None,2025-09-27T19:08:46-05:00,8fb9cdf11cebe049a5eec6132f3e28ff15d62632,a8b5ce5a59b3fdd652dc9b3e0c31a45f72a4af78
stackstorm2,StackStorm2,14,50,043d26d86010ad113431e09dc8794c6cbcbe9e5d,043d26d86010,False,,fmt black and fix flake8 issue,Jacob Floyd,None,2025-09-27T21:11:33-05:00,f7efdc488a020de777b206ad2f421db24964174a,cd700e1fc50d8df759aaa02c8705bddf07ffeb8b
stackstorm2,StackStorm2,15,50,2791c74967dc47a49a9998d7655392dfdf5e813c,2791c74967dc,False,,catch missing auth backend errors sooner,Jacob Floyd,None,2025-09-29T13:38:58-05:00,043d26d86010ad113431e09dc8794c6cbcbe9e5d,e84c31496c8b2d4d4cbce3c1064252002c2b0750
stackstorm2,StackStorm2,16,50,c0828e9e80aa77144b51e54b38079f1441a7065e,c0828e9e80aa,False,,tools/config_gen.py: enhance debugging,Jacob Floyd,None,2025-09-29T20:06:54-05:00,2791c74967dc47a49a9998d7655392dfdf5e813c,da46d037be73a0183c11d4abf16cf61a794377d8
stackstorm2,StackStorm2,17,50,536ba2465b5a44888d0da1ef7772e0589f7408b2,536ba2465b5a,False,,tools/config_gen.py: WARNING logs should be enough,Jacob Floyd,None,2025-09-29T21:01:09-05:00,c0828e9e80aa77144b51e54b38079f1441a7065e,2036480fbd1ce9f139cd19d81260d4c2f1496628
stackstorm2,StackStorm2,18,50,7f1d9c276684066cf66b1ae609e57a6b7d57f0d7,7f1d9c276684,False,,scripts/lockfiles_to_reqs.py: make it work,Jacob Floyd,None,2025-09-29T21:50:04-05:00,536ba2465b5a44888d0da1ef7772e0589f7408b2,0d9d871fa7aa8376cd095ec5f70092e029a1ab99
stackstorm2,StackStorm2,19,50,40deedc7a88d4a092fc340543b00d664786face2,40deedc7a88d,False,,scripts/lockfiles_to_reqs.py: add logging,Jacob Floyd,None,2025-09-29T21:52:17-05:00,7f1d9c276684066cf66b1ae609e57a6b7d57f0d7,55cbef19e414c5eccc28a450cf4e6f426230c6d8
stackstorm2,StackStorm2,20,50,6f9202f5f8c9239fdd6ebf4ade133949fb8332d5,6f9202f5f8c9,False,,update lockfiles_to_reqs so it runs fixate-requirments as well,Jacob Floyd,None,2025-09-29T22:33:30-05:00,40deedc7a88d4a092fc340543b00d664786face2,ff53db6f25f602cba9726e65a2e5373c699f5ed3
stackstorm2,StackStorm2,21,50,cf12105650cc2d8fb254eccea411930ca69c6b5c,cf12105650cc,False,,gha: run scripts/lockfiles_to_reqs.py,Jacob Floyd,None,2025-09-29T22:55:03-05:00,6f9202f5f8c9239fdd6ebf4ade133949fb8332d5,af892afef06c7d85e1484e6dd983423dad98a48c
stackstorm2,StackStorm2,22,50,4ae37af07db86d85d720a538d2f61f3554a68b31,4ae37af07db8,False,,gha: handle workflow re-runs,Jacob Floyd,None,2025-09-30T13:03:02-05:00,cf12105650cc2d8fb254eccea411930ca69c6b5c,b5f7ecfa63501167b333dac1d384c2bcf690da42
stackstorm2,StackStorm2,23,50,b59eed610142f7246ba03e193033c0e713d49692,b59eed610142,False,,gha: fix gh calls w/o checkout,Jacob Floyd,None,2025-09-30T13:11:23-05:00,4ae37af07db86d85d720a538d2f61f3554a68b31,f18de2bdf07804977d5d655abb2bfe710dc5ca57
stackstorm2,StackStorm2,24,50,f3546baabda6f32100fb45616f3f1e075184a207,f3546baabda6,False,,gha: fix maintainerCanModify check,Jacob Floyd,None,2025-09-30T13:27:13-05:00,b59eed610142f7246ba03e193033c0e713d49692,9b9925244dfaaa4d545d836da0cc1c9f5c6572d9
stackstorm2,StackStorm2,25,50,e504edce3c6d8e0c08a43a32221e827da54bba4f,e504edce3c6d,False,,gha: git diff using remote name,Jacob Floyd,None,2025-09-30T13:34:21-05:00,f3546baabda6f32100fb45616f3f1e075184a207,4fb52a84d3b76162d1879f80f00bc4f84b56915e
stackstorm2,StackStorm2,26,50,269a625bbfa13014e4678a0e07a1730b273cb900,269a625bbfa1,False,,gha: fetch PR_BASE_REF,Jacob Floyd,None,2025-09-30T13:41:06-05:00,e504edce3c6d8e0c08a43a32221e827da54bba4f,2f4d2377a2efb6591c9a2d4dc55236fb009f9429
stackstorm2,StackStorm2,27,50,36156d76d69bdd16d1235a1e2a7a372b28e6a864,36156d76d69b,False,,setup pants before updating legacy requirements files,Jacob Floyd,None,2025-09-30T13:53:33-05:00,269a625bbfa13014e4678a0e07a1730b273cb900,b7a0918ab0689de758194d074403f8b563eb3176
stackstorm2,StackStorm2,28,50,5146365ed18fc61167466add1f33089971371b1b,5146365ed18f,False,,gha: print pants generate-lockfiles command when running it,Jacob Floyd,None,2025-09-30T14:06:26-05:00,36156d76d69bdd16d1235a1e2a7a372b28e6a864,19274e0891f159cac3302fa9a22b299d049e1e0b
stackstorm2,StackStorm2,29,50,be37e388e28a72885a3a8e0d2a1bef889073fe31,be37e388e28a,False,,gha: handle pushing to existing PR from detached HEAD,Jacob Floyd,None,2025-09-30T15:01:09-05:00,5146365ed18fc61167466add1f33089971371b1b,8601bc79422967617c61e5c1da76d18696f44af9
stackstorm2,StackStorm2,30,50,96c0fa67c03bef861a938e0bda1833004fa60af8,96c0fa67c03b,False,,gha: create local git branch instead of pushing from detached HEAD,Jacob Floyd,None,2025-09-30T15:06:52-05:00,be37e388e28a72885a3a8e0d2a1bef889073fe31,03b86c708029bcf3813ba7d94cb6c35493cc7dfb
stackstorm2,StackStorm2,31,50,f0e53a4893cc5205c695f763044848496325f75d,f0e53a4893cc,False,,gha: fix pushing to existing PRs,Jacob Floyd,None,2025-09-30T15:38:18-05:00,96c0fa67c03bef861a938e0bda1833004fa60af8,fefffdf9af05f2cc4e01b57dbb3df7544c42be60
stackstorm2,StackStorm2,32,50,9ed0c1283f923bef096b8b9e833963fb6cd7d612,9ed0c1283f92,False,,gha: fix NEW_PR_NUMBER lookup,Jacob Floyd,None,2025-09-30T17:05:19-05:00,f0e53a4893cc5205c695f763044848496325f75d,432d72bab4fb8ed8bf8d0ce840114edfbd02d4b5
stackstorm2,StackStorm2,33,50,6bbaaa3c518c22b3d9c14a648170067a93c8b3ac,6bbaaa3c518c,False,,"gha: rework git remote handling for checkout, commit, push",Jacob Floyd,None,2025-09-30T19:38:23-05:00,9ed0c1283f923bef096b8b9e833963fb6cd7d612,597b04fa8ca6e18429659f94df1fbdc4ff3dee90
stackstorm2,StackStorm2,34,50,751bc3b4e33f2958c26df891edf2c8ab4152249f,751bc3b4e33f,False,,"gha: rework git remote handling for checkout, commit, push",Jacob Floyd,None,2025-09-30T19:47:41-05:00,6bbaaa3c518c22b3d9c14a648170067a93c8b3ac,b69e89f038e4e3d3b96f39caa150a6481e10c30d
stackstorm2,StackStorm2,35,50,e5ad76f7b29b67d26cc3fd075dd9ef58a11f395b,e5ad76f7b29b,False,,update changelog entry,Jacob Floyd,None,2025-09-27T14:11:53-05:00,751bc3b4e33f2958c26df891edf2c8ab4152249f,8c33ebb1fafbfc09ce2d2c8749d41eba15ef7f49
stackstorm2,StackStorm2,36,50,9327862f7506adf8aeccfadafe9421e3880a4f2a,9327862f7506,False,,examples.forloop_parse_github_repos: better handle bs4 output,Jacob Floyd,None,2025-09-29T19:55:32-05:00,e5ad76f7b29b67d26cc3fd075dd9ef58a11f395b,7235d1871235cc987ec9c279090c2acf6dfc556e
stackstorm2,StackStorm2,37,50,6567d3aa3b39ca623b041fe1974a0be427c572bd,6567d3aa3b39,False,,"pants generate-lockfiles: st2, bandit, black, flake8, pants-plugins, pylint, twine",st2stanley[bot],7807286+st2stanley@users.noreply.github.com,2025-10-01T00:53:39Z,9327862f7506adf8aeccfadafe9421e3880a4f2a,c73686139baf5ddd3d8ed44470a1aa2c82d433e4
stackstorm2,StackStorm2,38,50,75414e28cc2eead63cae40c255b6f13aa6e56bd9,75414e28cc2e,False,,typo fixes,Jacob Floyd,None,2025-09-30T21:14:19-05:00,6567d3aa3b39ca623b041fe1974a0be427c572bd,38aa58b1c80f35837847d1ad10ea7cf0e48422ff
stackstorm2,StackStorm2,39,50,74ca6b2da382bd1951d8b497e4658f371b6b26d6,74ca6b2da382,False,,fmt w/ black,Jacob Floyd,None,2025-09-30T21:14:41-05:00,75414e28cc2eead63cae40c255b6f13aa6e56bd9,271f89d4b0af39c596ae4f46a0ad30d9993d75bd
stackstorm2,StackStorm2,40,50,6c52aef5ad8ba76b836b7897785e166811592015,6c52aef5ad8b,False,,update Makefile in scripts/lockfiles_to_reqs.py,Jacob Floyd,None,2025-09-30T22:31:01-05:00,74ca6b2da382bd1951d8b497e4658f371b6b26d6,2c6a199d6d3abadacb8c80510900ff03520ef61a
stackstorm2,StackStorm2,41,50,90b206d566d62293546db1851400d87facb58607,90b206d566d6,False,,use pip install for st2client checking,guzzijones12,None,2025-09-18T11:02:04-04:00,6c52aef5ad8ba76b836b7897785e166811592015,5e008c49c33a7db13a4fa298503a55c6f25a83e0
stackstorm2,StackStorm2,42,50,c62447749cfec43ac0e35c95b9c7028a5f31530d,c62447749cfe,False,,update st2client license,guzzijones12,None,2025-09-22T11:34:25-04:00,90b206d566d62293546db1851400d87facb58607,4bd118a60329b6476c14e9e800e887666bd217d5
stackstorm2,StackStorm2,43,50,a17fab80d678083a1d3e38d50e112207fd899374,a17fab80d678,False,,st2client classifiers,guzzijones12,None,2025-09-23T09:22:04-04:00,c62447749cfec43ac0e35c95b9c7028a5f31530d,1ece8c0092ac8f3ef2d5c779a998787e59c232ad
stackstorm2,StackStorm2,44,50,8a99dddfd22f5a4e478a066a350d3e80d6406572,8a99dddfd22f,False,,constrain pyOpenSSL dep to fix CircleCI,Jacob Floyd,None,2025-09-30T23:18:49-05:00,a17fab80d678083a1d3e38d50e112207fd899374,2155bc0298908f2266810d93ed51d70fbec636d0
stackstorm2,StackStorm2,45,50,fcf41e4877cf71302367fb0515755e0facedf9e3,fcf41e4877cf,False,,Pants: Add GHA workflow to regenerate lockfiles (#6356),Jacob Floyd,None,2025-10-01T15:36:24-05:00,c5a418654d0d5f5cd412e17fe9a26121ba3af0ee 8a99dddfd22f5a4e478a066a350d3e80d6406572,
stackstorm2,StackStorm2,46,50,43d59f5429ca39e241ec84ffe6b050ed096f70e7,43d59f5429ca,False,,delete queues for integration,guzzijones12,None,2025-09-17T13:29:32-04:00,fcf41e4877cf71302367fb0515755e0facedf9e3,ade6071898de4a327d6a77f58e81cb5e990a9b29
stackstorm2,StackStorm2,47,50,2ea0433b9217a1bca5ea736dba7ab5924cc11e67,2ea0433b9217,False,,centralize rabbit client,guzzijones12,None,2025-09-18T11:02:04-04:00,43d59f5429ca39e241ec84ffe6b050ed096f70e7,a24e47c13cee867aa3a7a537ad989bd00608fb76
stackstorm2,StackStorm2,48,50,c1eaea011f249cba3a1de7bdf107a3ab8e25de52,c1eaea011f24,False,,Improve sensor watcher integration test reliability (#6357),Jacob Floyd,None,2025-10-06T16:43:05-05:00,fcf41e4877cf71302367fb0515755e0facedf9e3 2ea0433b9217a1bca5ea736dba7ab5924cc11e67,
stackstorm2,StackStorm2,49,50,7c185e45ba45e9fa8d1edddd75e25bac9df86dd8,7c185e45ba45,True,7c185e45ba45e9fa8d1edddd75e25bac9df86dd8,cache resolved ssh hosts for parallel dispatch,AJ,None,2025-11-05T10:23:17-04:00,c1eaea011f249cba3a1de7bdf107a3ab8e25de52,033ad9b4ede876e273ec0652472346be5ad2076f
stackstorm2,StackStorm2,50,50,ecd1c1eed05a7dd2a6930af5ea4a0da68eb99235,ecd1c1eed05a,False,,Update changelog info for release - 3.9.0,Stanley CI Bot,stanley@stackstorm.com,2025-10-10T06:20:52Z,7c185e45ba45e9fa8d1edddd75e25bac9df86dd8,131d715d6e4dbcfc7bb61999c1fd531a9462c74f
stackstorm1,StackStorm1,1,50,40757c68d7f4ace9f2f774c8f2e6b99223747de6,40757c68d7f4,False,,gha: fix s3 object tagging with aws cli,Jacob Floyd,None,2025-09-26T14:52:58-05:00,e17c71ad7c7c1a7f0d7905c3ed75a786d4877ce3,e3c3ef5a05e23a6280c11bedf40c2432be4d7f61
stackstorm1,StackStorm1,2,50,e2e279674dd1940611aabf0b29a1eaf45b3e3242,e2e279674dd1,False,,gha: rework RESOLVES var,Jacob Floyd,None,2025-09-26T15:48:48-05:00,40757c68d7f4ace9f2f774c8f2e6b99223747de6,746f11ed21309dfb7dd4dc4b90c43b38c3767ad0
stackstorm1,StackStorm1,3,50,a22ca676de6c9d8a0e70e10966805547a1487737,a22ca676de6c,False,,gha: strip more ansi sequences from text output,Jacob Floyd,None,2025-09-26T15:58:32-05:00,e2e279674dd1940611aabf0b29a1eaf45b3e3242,511e29a452f22cb6afd1d9e251b5fde39ca1572d
stackstorm1,StackStorm1,4,50,1167363c5316404df99eb473350e13cb58b8a415,1167363c5316,False,,gha: debug,Jacob Floyd,None,2025-09-26T16:05:34-05:00,a22ca676de6c9d8a0e70e10966805547a1487737,6ff746f0b8b62b41ffe14157c1bd680586f770f9
stackstorm1,StackStorm1,5,50,bcd3437591a6edc6de6efccce2588f4931dc3270,bcd3437591a6,False,,gha: fix download-artifact usage,Jacob Floyd,None,2025-09-26T16:22:19-05:00,1167363c5316404df99eb473350e13cb58b8a415,605dddd51d20d26f16fce7b9268887f44e19dc72
stackstorm1,StackStorm1,6,50,905e9804c985dd28b732d0f28b9e3568a44029d6,905e9804c985,False,,gha: drop debug,Jacob Floyd,None,2025-09-26T16:31:17-05:00,bcd3437591a6edc6de6efccce2588f4931dc3270,104cb9ca42f8e5fd02dc0e957d064d130fd65a74
stackstorm1,StackStorm1,7,50,e97f335e24577629205541f635a5ca7f62622010,e97f335e2457,False,,gha: drop alert box from job summary,Jacob Floyd,None,2025-09-26T16:40:34-05:00,905e9804c985dd28b732d0f28b9e3568a44029d6,a7c779f34b7d36f87e9ba9f63c0a98f80577e399
stackstorm1,StackStorm1,8,50,1dc8b7728d72f6d697420b21f7ff1ee3d15c8219,1dc8b7728d72,False,,gha: improve debuggability of workflow,Jacob Floyd,None,2025-09-26T16:51:06-05:00,e97f335e24577629205541f635a5ca7f62622010,84af3002dda2e0f06a4702a9ef0611aac00d35d9
stackstorm1,StackStorm1,9,50,96049c892d7d64bf0c644237a9d8bae2b6e54adf,96049c892d7d,False,,gha: clean up commit message,Jacob Floyd,None,2025-09-26T18:57:45-05:00,1dc8b7728d72f6d697420b21f7ff1ee3d15c8219,3c6bb0274968deebbcb50a1427805dd7ae0c841b
stackstorm1,StackStorm1,10,50,30a19c18e2ae3d4123d448dc159e375d2c4070ad,30a19c18e2ae,False,,gha: use st2stanley to create commits,Jacob Floyd,None,2025-09-27T12:39:39-05:00,96049c892d7d64bf0c644237a9d8bae2b6e54adf,d62ad1354c6a1565732820ea18f480be0443198c
stackstorm1,StackStorm1,11,50,286f7ba0e4537ff99d0b9983bd697e3a2f0a7498,286f7ba0e453,False,,refactor scripts/fixate-requirements.py for reuse,Jacob Floyd,None,2025-09-27T18:43:37-05:00,30a19c18e2ae3d4123d448dc159e375d2c4070ad,9b2cf653bb331e0587413eca8b36b79d94997878
stackstorm1,StackStorm1,12,50,8fb9cdf11cebe049a5eec6132f3e28ff15d62632,8fb9cdf11ceb,False,,draft scripts/lockfiles_to_reqs.py,Jacob Floyd,None,2025-09-27T18:45:42-05:00,286f7ba0e4537ff99d0b9983bd697e3a2f0a7498,da7a962fe785efe6f95013a2e609dfe0d16b181b
stackstorm1,StackStorm1,13,50,f7efdc488a020de777b206ad2f421db24964174a,f7efdc488a02,False,,lint w/ flake8,Jacob Floyd,None,2025-09-27T19:08:46-05:00,8fb9cdf11cebe049a5eec6132f3e28ff15d62632,a8b5ce5a59b3fdd652dc9b3e0c31a45f72a4af78
stackstorm1,StackStorm1,14,50,043d26d86010ad113431e09dc8794c6cbcbe9e5d,043d26d86010,False,,fmt black and fix flake8 issue,Jacob Floyd,None,2025-09-27T21:11:33-05:00,f7efdc488a020de777b206ad2f421db24964174a,cd700e1fc50d8df759aaa02c8705bddf07ffeb8b
stackstorm1,StackStorm1,15,50,2791c74967dc47a49a9998d7655392dfdf5e813c,2791c74967dc,False,,catch missing auth backend errors sooner,Jacob Floyd,None,2025-09-29T13:38:58-05:00,043d26d86010ad113431e09dc8794c6cbcbe9e5d,e84c31496c8b2d4d4cbce3c1064252002c2b0750
stackstorm1,StackStorm1,16,50,c0828e9e80aa77144b51e54b38079f1441a7065e,c0828e9e80aa,False,,tools/config_gen.py: enhance debugging,Jacob Floyd,None,2025-09-29T20:06:54-05:00,2791c74967dc47a49a9998d7655392dfdf5e813c,da46d037be73a0183c11d4abf16cf61a794377d8
stackstorm1,StackStorm1,17,50,536ba2465b5a44888d0da1ef7772e0589f7408b2,536ba2465b5a,False,,tools/config_gen.py: WARNING logs should be enough,Jacob Floyd,None,2025-09-29T21:01:09-05:00,c0828e9e80aa77144b51e54b38079f1441a7065e,2036480fbd1ce9f139cd19d81260d4c2f1496628
stackstorm1,StackStorm1,18,50,7f1d9c276684066cf66b1ae609e57a6b7d57f0d7,7f1d9c276684,False,,scripts/lockfiles_to_reqs.py: make it work,Jacob Floyd,None,2025-09-29T21:50:04-05:00,536ba2465b5a44888d0da1ef7772e0589f7408b2,0d9d871fa7aa8376cd095ec5f70092e029a1ab99
stackstorm1,StackStorm1,19,50,40deedc7a88d4a092fc340543b00d664786face2,40deedc7a88d,False,,scripts/lockfiles_to_reqs.py: add logging,Jacob Floyd,None,2025-09-29T21:52:17-05:00,7f1d9c276684066cf66b1ae609e57a6b7d57f0d7,55cbef19e414c5eccc28a450cf4e6f426230c6d8
stackstorm1,StackStorm1,20,50,6f9202f5f8c9239fdd6ebf4ade133949fb8332d5,6f9202f5f8c9,False,,update lockfiles_to_reqs so it runs fixate-requirments as well,Jacob Floyd,None,2025-09-29T22:33:30-05:00,40deedc7a88d4a092fc340543b00d664786face2,ff53db6f25f602cba9726e65a2e5373c699f5ed3
stackstorm1,StackStorm1,21,50,cf12105650cc2d8fb254eccea411930ca69c6b5c,cf12105650cc,False,,gha: run scripts/lockfiles_to_reqs.py,Jacob Floyd,None,2025-09-29T22:55:03-05:00,6f9202f5f8c9239fdd6ebf4ade133949fb8332d5,af892afef06c7d85e1484e6dd983423dad98a48c
stackstorm1,StackStorm1,22,50,4ae37af07db86d85d720a538d2f61f3554a68b31,4ae37af07db8,False,,gha: handle workflow re-runs,Jacob Floyd,None,2025-09-30T13:03:02-05:00,cf12105650cc2d8fb254eccea411930ca69c6b5c,b5f7ecfa63501167b333dac1d384c2bcf690da42
stackstorm1,StackStorm1,23,50,b59eed610142f7246ba03e193033c0e713d49692,b59eed610142,False,,gha: fix gh calls w/o checkout,Jacob Floyd,None,2025-09-30T13:11:23-05:00,4ae37af07db86d85d720a538d2f61f3554a68b31,f18de2bdf07804977d5d655abb2bfe710dc5ca57
stackstorm1,StackStorm1,24,50,f3546baabda6f32100fb45616f3f1e075184a207,f3546baabda6,False,,gha: fix maintainerCanModify check,Jacob Floyd,None,2025-09-30T13:27:13-05:00,b59eed610142f7246ba03e193033c0e713d49692,9b9925244dfaaa4d545d836da0cc1c9f5c6572d9
stackstorm1,StackStorm1,25,50,e504edce3c6d8e0c08a43a32221e827da54bba4f,e504edce3c6d,False,,gha: git diff using remote name,Jacob Floyd,None,2025-09-30T13:34:21-05:00,f3546baabda6f32100fb45616f3f1e075184a207,4fb52a84d3b76162d1879f80f00bc4f84b56915e
stackstorm1,StackStorm1,26,50,269a625bbfa13014e4678a0e07a1730b273cb900,269a625bbfa1,False,,gha: fetch PR_BASE_REF,Jacob Floyd,None,2025-09-30T13:41:06-05:00,e504edce3c6d8e0c08a43a32221e827da54bba4f,2f4d2377a2efb6591c9a2d4dc55236fb009f9429
stackstorm1,StackStorm1,27,50,36156d76d69bdd16d1235a1e2a7a372b28e6a864,36156d76d69b,False,,setup pants before updating legacy requirements files,Jacob Floyd,None,2025-09-30T13:53:33-05:00,269a625bbfa13014e4678a0e07a1730b273cb900,b7a0918ab0689de758194d074403f8b563eb3176
stackstorm1,StackStorm1,28,50,5146365ed18fc61167466add1f33089971371b1b,5146365ed18f,False,,gha: print pants generate-lockfiles command when running it,Jacob Floyd,None,2025-09-30T14:06:26-05:00,36156d76d69bdd16d1235a1e2a7a372b28e6a864,19274e0891f159cac3302fa9a22b299d049e1e0b
stackstorm1,StackStorm1,29,50,be37e388e28a72885a3a8e0d2a1bef889073fe31,be37e388e28a,False,,gha: handle pushing to existing PR from detached HEAD,Jacob Floyd,None,2025-09-30T15:01:09-05:00,5146365ed18fc61167466add1f33089971371b1b,8601bc79422967617c61e5c1da76d18696f44af9
stackstorm1,StackStorm1,30,50,96c0fa67c03bef861a938e0bda1833004fa60af8,96c0fa67c03b,False,,gha: create local git branch instead of pushing from detached HEAD,Jacob Floyd,None,2025-09-30T15:06:52-05:00,be37e388e28a72885a3a8e0d2a1bef889073fe31,03b86c708029bcf3813ba7d94cb6c35493cc7dfb
stackstorm1,StackStorm1,31,50,f0e53a4893cc5205c695f763044848496325f75d,f0e53a4893cc,False,,gha: fix pushing to existing PRs,Jacob Floyd,None,2025-09-30T15:38:18-05:00,96c0fa67c03bef861a938e0bda1833004fa60af8,fefffdf9af05f2cc4e01b57dbb3df7544c42be60
stackstorm1,StackStorm1,32,50,9ed0c1283f923bef096b8b9e833963fb6cd7d612,9ed0c1283f92,False,,gha: fix NEW_PR_NUMBER lookup,Jacob Floyd,None,2025-09-30T17:05:19-05:00,f0e53a4893cc5205c695f763044848496325f75d,432d72bab4fb8ed8bf8d0ce840114edfbd02d4b5
stackstorm1,StackStorm1,33,50,6bbaaa3c518c22b3d9c14a648170067a93c8b3ac,6bbaaa3c518c,False,,"gha: rework git remote handling for checkout, commit, push",Jacob Floyd,None,2025-09-30T19:38:23-05:00,9ed0c1283f923bef096b8b9e833963fb6cd7d612,597b04fa8ca6e18429659f94df1fbdc4ff3dee90
stackstorm1,StackStorm1,34,50,751bc3b4e33f2958c26df891edf2c8ab4152249f,751bc3b4e33f,False,,"gha: rework git remote handling for checkout, commit, push",Jacob Floyd,None,2025-09-30T19:47:41-05:00,6bbaaa3c518c22b3d9c14a648170067a93c8b3ac,b69e89f038e4e3d3b96f39caa150a6481e10c30d
stackstorm1,StackStorm1,35,50,e5ad76f7b29b67d26cc3fd075dd9ef58a11f395b,e5ad76f7b29b,False,,update changelog entry,Jacob Floyd,None,2025-09-27T14:11:53-05:00,751bc3b4e33f2958c26df891edf2c8ab4152249f,8c33ebb1fafbfc09ce2d2c8749d41eba15ef7f49
stackstorm1,StackStorm1,36,50,9327862f7506adf8aeccfadafe9421e3880a4f2a,9327862f7506,False,,examples.forloop_parse_github_repos: better handle bs4 output,Jacob Floyd,None,2025-09-29T19:55:32-05:00,e5ad76f7b29b67d26cc3fd075dd9ef58a11f395b,7235d1871235cc987ec9c279090c2acf6dfc556e
stackstorm1,StackStorm1,37,50,6567d3aa3b39ca623b041fe1974a0be427c572bd,6567d3aa3b39,False,,"pants generate-lockfiles: st2, bandit, black, flake8, pants-plugins, pylint, twine",st2stanley[bot],7807286+st2stanley@users.noreply.github.com,2025-10-01T00:53:39Z,9327862f7506adf8aeccfadafe9421e3880a4f2a,c73686139baf5ddd3d8ed44470a1aa2c82d433e4
stackstorm1,StackStorm1,38,50,75414e28cc2eead63cae40c255b6f13aa6e56bd9,75414e28cc2e,False,,typo fixes,Jacob Floyd,None,2025-09-30T21:14:19-05:00,6567d3aa3b39ca623b041fe1974a0be427c572bd,38aa58b1c80f35837847d1ad10ea7cf0e48422ff
stackstorm1,StackStorm1,39,50,74ca6b2da382bd1951d8b497e4658f371b6b26d6,74ca6b2da382,False,,fmt w/ black,Jacob Floyd,None,2025-09-30T21:14:41-05:00,75414e28cc2eead63cae40c255b6f13aa6e56bd9,271f89d4b0af39c596ae4f46a0ad30d9993d75bd
stackstorm1,StackStorm1,40,50,6c52aef5ad8ba76b836b7897785e166811592015,6c52aef5ad8b,False,,update Makefile in scripts/lockfiles_to_reqs.py,Jacob Floyd,None,2025-09-30T22:31:01-05:00,74ca6b2da382bd1951d8b497e4658f371b6b26d6,2c6a199d6d3abadacb8c80510900ff03520ef61a
stackstorm1,StackStorm1,41,50,90b206d566d62293546db1851400d87facb58607,90b206d566d6,False,,use pip install for st2client checking,guzzijones12,None,2025-09-18T11:02:04-04:00,6c52aef5ad8ba76b836b7897785e166811592015,5e008c49c33a7db13a4fa298503a55c6f25a83e0
stackstorm1,StackStorm1,42,50,c62447749cfec43ac0e35c95b9c7028a5f31530d,c62447749cfe,False,,update st2client license,guzzijones12,None,2025-09-22T11:34:25-04:00,90b206d566d62293546db1851400d87facb58607,4bd118a60329b6476c14e9e800e887666bd217d5
stackstorm1,StackStorm1,43,50,a17fab80d678083a1d3e38d50e112207fd899374,a17fab80d678,False,,st2client classifiers,guzzijones12,None,2025-09-23T09:22:04-04:00,c62447749cfec43ac0e35c95b9c7028a5f31530d,1ece8c0092ac8f3ef2d5c779a998787e59c232ad
stackstorm1,StackStorm1,44,50,8a99dddfd22f5a4e478a066a350d3e80d6406572,8a99dddfd22f,False,,constrain pyOpenSSL dep to fix CircleCI,Jacob Floyd,None,2025-09-30T23:18:49-05:00,a17fab80d678083a1d3e38d50e112207fd899374,2155bc0298908f2266810d93ed51d70fbec636d0
stackstorm1,StackStorm1,45,50,fcf41e4877cf71302367fb0515755e0facedf9e3,fcf41e4877cf,False,,Pants: Add GHA workflow to regenerate lockfiles (#6356),Jacob Floyd,None,2025-10-01T15:36:24-05:00,c5a418654d0d5f5cd412e17fe9a26121ba3af0ee 8a99dddfd22f5a4e478a066a350d3e80d6406572,
stackstorm1,StackStorm1,46,50,43d59f5429ca39e241ec84ffe6b050ed096f70e7,43d59f5429ca,False,,delete queues for integration,guzzijones12,None,2025-09-17T13:29:32-04:00,fcf41e4877cf71302367fb0515755e0facedf9e3,ade6071898de4a327d6a77f58e81cb5e990a9b29
stackstorm1,StackStorm1,47,50,2ea0433b9217a1bca5ea736dba7ab5924cc11e67,2ea0433b9217,False,,centralize rabbit client,guzzijones12,None,2025-09-18T11:02:04-04:00,43d59f5429ca39e241ec84ffe6b050ed096f70e7,a24e47c13cee867aa3a7a537ad989bd00608fb76
stackstorm1,StackStorm1,48,50,c1eaea011f249cba3a1de7bdf107a3ab8e25de52,c1eaea011f24,False,,Improve sensor watcher integration test reliability (#6357),Jacob Floyd,None,2025-10-06T16:43:05-05:00,fcf41e4877cf71302367fb0515755e0facedf9e3 2ea0433b9217a1bca5ea736dba7ab5924cc11e67,
stackstorm1,StackStorm1,49,50,e4a4b6f5d5c977ac35a1e6df63aa82dc9e625c6e,e4a4b6f5d5c9,True,e4a4b6f5d5c977ac35a1e6df63aa82dc9e625c6e,cache resolved ssh hosts for parallel dispatch,AJ,None,2025-11-05T10:23:17-04:00,c1eaea011f249cba3a1de7bdf107a3ab8e25de52,ef3a7398ed87534db4db296ebbb58b62bc8cd694
stackstorm1,StackStorm1,50,50,3bb14a511f51a0634028b10361dd740d528a5236,3bb14a511f51,False,,Update changelog info for release - 3.9.0,Stanley CI Bot,stanley@stackstorm.com,2025-10-10T06:20:52Z,e4a4b6f5d5c977ac35a1e6df63aa82dc9e625c6e,131d715d6e4dbcfc7bb61999c1fd531a9462c74f
wiki1,wiki1,1,50,94d253bf596a976a85034a1317b896af5b720b6b,94d253bf596a,False,,chore(helm): add support for securityContext and resources in sideload container (#7350),maarous,57574190+maarous@users.noreply.github.com,2024-11-22T20:31:07+01:00,c7c20579fd893387236d11688660a4d20cee8f1d,419e7e774e5733f89ecd9e836dadcd5e2192135d
wiki1,wiki1,2,50,abc8dce9ccb9b9f90e5681e01abce3929183f6a4,abc8dce9ccb9,False,,fix: Allow HA_ACTIVE: True to enable HA mode (#7493),Vasily Fedoseyev,github@vasfed.ru,2025-01-01T08:18:42+03:00,94d253bf596a976a85034a1317b896af5b720b6b,f1e6662d861598e5f054ca8660a5429a8e681457
wiki1,wiki1,3,50,403e98dced86103cce59583a357865d1ea59ea70,403e98dced86,False,,feat: add git always namespace option,Nicolas Giard,github@ngpixel.com,2025-02-02T16:16:52-05:00,abc8dce9ccb9b9f90e5681e01abce3929183f6a4,4d379c9a337a6b63c44743e0d25e0fae2591a2d8
wiki1,wiki1,4,50,85243e5284e94222769966f560cff6b605bbdb4d,85243e5284e9,False,,docs: Update SECURITY.md,Nicolas Giard,github@ngpixel.com,2025-02-11T20:46:07-05:00,403e98dced86103cce59583a357865d1ea59ea70,85d0e0bec56e0b3c0bced9005a1bd9cb4c78d0d8
wiki1,wiki1,5,50,78c41e36e121b10342288e3606f54da4d6899004,78c41e36e121,False,,fix: use xml-crypto 2.1.6 for passport-saml,Nicolas Giard,github@ngpixel.com,2025-03-23T21:31:22-04:00,85243e5284e94222769966f560cff6b605bbdb4d,f101c54ec61467f51536de20699b7ba525d32b33
wiki1,wiki1,6,50,a393f5f9bcab56590d03bd886ce8e05f05a64b89,a393f5f9bcab,False,,docs: Update README.md,Nicolas Giard,github@ngpixel.com,2025-03-31T03:50:08-04:00,78c41e36e121b10342288e3606f54da4d6899004,857b8e8e654de9e790fc358655730bc3b9856d14
wiki1,wiki1,7,50,7053819f358802091c5f49bef5b38a7b32714140,7053819f3588,False,,docs: Update README.md,Nicolas Giard,github@ngpixel.com,2025-03-31T03:52:26-04:00,a393f5f9bcab56590d03bd886ce8e05f05a64b89,ad1b8a40a1cdc598c988c6c98501e24260698a95
wiki1,wiki1,8,50,9bf9c8af4790051bf9563c4c68d2939ad39d5cdc,9bf9c8af4790,False,,ci: Update build.yml,Nicolas Giard,github@ngpixel.com,2025-03-31T03:55:18-04:00,7053819f358802091c5f49bef5b38a7b32714140,cb4b2285819bf9f1bfd36eaf21b2d341e83d8b57
wiki1,wiki1,9,50,41d3ba4312fa51f48f61f414599f39bb4fc92d01,41d3ba4312fa,False,,chore(helm): render external database URL if it is set (#7036),Nadia Santalla,nadia@santalla.io,2025-04-07T15:19:29+02:00,9bf9c8af4790051bf9563c4c68d2939ad39d5cdc,5307bfd6c25ac7f8713ed3e0289624a31d444ad7
wiki1,wiki1,10,50,d96bbaf42c792f26559540e609b859fa038766ce,d96bbaf42c79,False,,docs: Update SECURITY.md,Nicolas Giard,github@ngpixel.com,2025-06-10T14:45:46-04:00,41d3ba4312fa51f48f61f414599f39bb4fc92d01,8a4b1dd07bdd4d8655e84484502624cb5eaf8486
wiki1,wiki1,11,50,07855ab329fc08b2e0428a0d8ceae72327d4439d,07855ab329fc,False,,docs: Update README.md,Nicolas Giard,github@ngpixel.com,2025-07-28T13:11:47-04:00,d96bbaf42c792f26559540e609b859fa038766ce,a835cbd7bbccb023ae37f897b6e8a02383c76f7d
wiki1,wiki1,12,50,86abfea7f6a9659a6b325e1a6b980c9c7ffbb696,86abfea7f6a9,False,,fix: update dompurify dependency + add cross-env,Nicolas Giard,github@ngpixel.com,2025-08-13T02:52:46-04:00,07855ab329fc08b2e0428a0d8ceae72327d4439d,1c8fceda33c17d960fe8fa308723fc0a62506304
wiki1,wiki1,13,50,c093423307c9a24e89bb55088043e694fe31dbd8,c093423307c9,False,,feat: set groups based on Azure groups (#7736),Ole Christian Tvedt,ole.chr@microman.no,2025-08-13T08:53:19+02:00,86abfea7f6a9659a6b325e1a6b980c9c7ffbb696,3d50330426e43a32239008028c16ce8560df9590
wiki1,wiki1,14,50,1b6c67ee77b3ad3bf1b2cb3380c2a3eda28aa3f2,1b6c67ee77b3,False,,fix: force wrap for code blocks in print view,Nicolas Giard,github@ngpixel.com,2025-08-13T03:03:35-04:00,c093423307c9a24e89bb55088043e694fe31dbd8,f65e30787fa95fc2d6fada08ee4399f7c87a053c
wiki1,wiki1,15,50,cd77f361205a72efb47aa0d6d46c3646d1387484,cd77f361205a,False,,fix: requests without user-agent causing error 500 (#7749),Craig Reyenga,craigreyenga@users.noreply.github.com,2025-08-18T21:38:20-04:00,1b6c67ee77b3ad3bf1b2cb3380c2a3eda28aa3f2,460ca8c8b43172cb3535bc5852c4896ebabf61ba
wiki1,wiki1,16,50,9f481221ab9b87eb0e1aa726f991ef0beba70fac,9f481221ab9b,False,,ci(helm): add custom environment variables to the deployment (#7784),Lyz,lyz@riseup.net,2025-09-11T16:58:59Z,cd77f361205a72efb47aa0d6d46c3646d1387484,54558d7ea29f2f8a700741dd29131276dce91b22
wiki1,wiki1,17,50,b49c00226c3fa5837b955a7764ad0dd62cdb5955,b49c00226c3f,False,,fix: Add missing status code on unauthorized access (#7785),dhulripos,137174121+dhulripos@users.noreply.github.com,2025-09-24T13:06:37+09:00,9f481221ab9b87eb0e1aa726f991ef0beba70fac,9b5de3612abfab0edffd5f00986e1f357e4aa2c9
wiki1,wiki1,18,50,dd48f288272b42f74fcbbabc3becf714334fb277,dd48f288272b,False,,docs: update README,Nicolas Giard,github@ngpixel.com,2025-10-09T00:19:29-04:00,b49c00226c3fa5837b955a7764ad0dd62cdb5955,6babcb056946486482ee7488eddc2c703f195ae5
wiki1,wiki1,19,50,54d21ae53827733f13d2d382ccf08e613bfcb2da,54d21ae53827,False,,fix: add tor1 region to DigitalOcean spaces list (#7832),Benoît des Ligneris,bligneri@users.noreply.github.com,2025-10-28T13:39:14-04:00,dd48f288272b42f74fcbbabc3becf714334fb277,513ab669a97bfa785b59e27ebf55d8213db89d68
wiki1,wiki1,20,50,407aacfa19021f4b9b4cbaa24fc9524e359b876f,407aacfa1902,False,,fix(search): always ensure pg_trgm extension availability for PostgreSQL search (#7845),scottnursten-22,scott.nursten@ithq.pro,2025-11-13T20:27:26Z,54d21ae53827733f13d2d382ccf08e613bfcb2da,5df9b76e63456c6e79737c82d2c57bae2a55f7c3
wiki1,wiki1,21,50,a02e0131c1e2b8d77b11235846fd05d97b627c30,a02e0131c1e2,False,,fix: enhance logging for Google and GitHub OAuth2 authentication (#7848),ss033,155379841+ssk033@users.noreply.github.com,2026-01-01T07:14:14+05:30,407aacfa19021f4b9b4cbaa24fc9524e359b876f,601ab6d6da11391f3bd7552e6fd653a63e6a9a00
wiki1,wiki1,22,50,5c80184a1d5fff13a6b1026aebb2752b8d7aa655,5c80184a1d5f,False,,feat: add support for database connection via socketPath when using mysql2 driver (#7839),Karl Berggren,github@jjabba.com,2026-01-01T02:53:47+01:00,a02e0131c1e2b8d77b11235846fd05d97b627c30,ffbfb18fe76de9361729f6e28699ae7faa1b8179
wiki1,wiki1,23,50,326974cdd5c7689e39ce2d9494f5144cb47f670e,326974cdd5c7,False,,fix(profile): Prevent autofill on header search bar (#7688),Wingqvist,67349855+Wingqvist@users.noreply.github.com,2026-01-01T03:00:06+01:00,5c80184a1d5fff13a6b1026aebb2752b8d7aa655,1ad9381d37f9cd487dcbdf0c66add4da28f29530
wiki1,wiki1,24,50,8b358fc264d32d9efcfd3edf5d2fe090bcd59058,8b358fc264d3,False,,fix: Update keycloak authentication definition hints (#7809),Mia Moir,63592337+archessmn@users.noreply.github.com,2026-01-01T02:02:42Z,326974cdd5c7689e39ce2d9494f5144cb47f670e,d6ba340a08785a468148e10dc63899eb0c5a6ec4
wiki1,wiki1,25,50,077ac97b2dc9824f09410d18494c60c7673bfe53,077ac97b2dc9,False,,fix: add locale to home icon breadcrumb nav (#7825),StofnerP,patrick@stofner.net,2026-01-01T03:09:21+01:00,8b358fc264d32d9efcfd3edf5d2fe090bcd59058,69a2965b250136b3a655769f13d0573e97e0596f
wiki1,wiki1,26,50,f68d1f60caeeecd77eaddf869d80dcb553a25482,f68d1f60caee,False,,fix: hide unfinished features,NGPixel,github@ngpixel.com,2026-01-03T02:30:55-05:00,077ac97b2dc9824f09410d18494c60c7673bfe53,39f7db157010be9d9b9318ace0539c6b2df9fe37
wiki1,wiki1,27,50,4eb9dabb63ff8aaea45fe5516040a123e8884dc1,4eb9dabb63ff,False,,refactor: update docker images to Node 24 and fix promisify calls,NGPixel,github@ngpixel.com,2026-01-03T03:03:15-05:00,f68d1f60caeeecd77eaddf869d80dcb553a25482,49a368a56b8c927d389bcf20347bb7172a8d96ae
wiki1,wiki1,28,50,af839795ae405450571ea412a8007aa216cf53ac,af839795ae40,False,,chore: update dependencies,NGPixel,github@ngpixel.com,2026-01-03T03:27:51-05:00,4eb9dabb63ff8aaea45fe5516040a123e8884dc1,32f77cc7ad2ac1f3ef66f29c6f98cb5fa137c46f
wiki1,wiki1,29,50,29c8671ab229141ff6df66a500cb62272329c76d,29c8671ab229,False,,fix: breadcrumb path generation,Nicolas Giard,github@ngpixel.com,2026-01-06T00:38:16-05:00,af839795ae405450571ea412a8007aa216cf53ac,67030f6b7fff4805e4f5b91008c124a75ff20fb1
wiki1,wiki1,30,50,028dcd5656ba20bfa2b00889dfb749e51baf006a,028dcd5656ba,False,,fix: use promisified pipeline from stream,NGPixel,github@ngpixel.com,2026-01-06T00:54:56-05:00,29c8671ab229141ff6df66a500cb62272329c76d,aea025ea9b3e3d01178ae3e8ccaeea3b946be1bd
wiki1,wiki1,31,50,b950e065e9b73d41b9d7ddbdb33765b170475c43,b950e065e9b7,False,,fix: stop dompurify from breaking draw.io diagrams (#7888),Felix Eckhofer,felix@eckhofer.com,2026-01-06T22:56:35+01:00,028dcd5656ba20bfa2b00889dfb749e51baf006a,d9f1c43d9ddd3c7f131669fedb73624a17e80a3b
wiki1,wiki1,32,50,19c26e58c9f8483024a35a2be703ddd8526e1cd4,19c26e58c9f8,False,,fix: handle breadcrumb locale prefix correctly,NGPixel,github@ngpixel.com,2026-01-08T03:00:47-05:00,b950e065e9b73d41b9d7ddbdb33765b170475c43,42e4ef43a7b3a42f8c13a942dd3f96e2ad88bc50
wiki1,wiki1,33,50,857c1720b1d2b60955ef6e511d6035b2970c4536,857c1720b1d2,False,,fix: css editor in page properties dialog not loading,NGPixel,github@ngpixel.com,2026-01-08T03:04:21-05:00,19c26e58c9f8483024a35a2be703ddd8526e1cd4,d24148691598b366aefa822e4223baac90604f11
wiki1,wiki1,34,50,7d4627ba0bde5c2249e45001ca85bba0dfb02315,7d4627ba0bde,False,,fix: rocketchat auth prototype pollution via userProfile function,NGPixel,github@ngpixel.com,2026-01-08T03:40:26-05:00,857c1720b1d2b60955ef6e511d6035b2970c4536,cd5462e7a3b6fb0256aaaf08551cb893ed6ce788
wiki1,wiki1,35,50,1d0d87af6e1932c2dddfa7819a6c5c12eaf03d9c,1d0d87af6e19,False,,fix: add cookie secure flag when site is using https,NGPixel,github@ngpixel.com,2026-01-08T04:22:22-05:00,7d4627ba0bde5c2249e45001ca85bba0dfb02315,21958c4cdf5356c8e139b8215cccadae327dcdf5
wiki1,wiki1,36,50,85c304f583efed56a7ed249dc0e63a90d5722a23,85c304f583ef,False,,fix: add cookie secure flag when site is using https (client-side),NGPixel,github@ngpixel.com,2026-01-08T04:49:09-05:00,1d0d87af6e1932c2dddfa7819a6c5c12eaf03d9c,031323c0108488594e19f390a408537b798e6b24
wiki1,wiki1,37,50,4d1e1c8a6cf2950f05d1c6e253a91bd42aed48a4,4d1e1c8a6cf2,True,4d1e1c8a6cf2950f05d1c6e253a91bd42aed48a4,chore(auth): add login success logging for support,Nicolas Giard,github@ngpixel.com,2025-03-31T06:58:29-04:00,85c304f583efed56a7ed249dc0e63a90d5722a23,ea10aab529d2e569bfc010e941f847ce2e1a1a83
wiki1,wiki1,38,50,9047c1ce37e808599e43263ec9097ca50b181974,9047c1ce37e8,False,,fix: apply theme style to embedded diagram svg (#7903),Felix Eckhofer,felix@eckhofer.com,2026-01-20T22:40:00+01:00,4d1e1c8a6cf2950f05d1c6e253a91bd42aed48a4,210141c68e35bdc840099bfa7160cd8a5626c03f
wiki1,wiki1,39,50,642472110a47d0268ce0aeb10182728a70633444,642472110a47,False,,fix: diagram svg styling add `!important` qualifier for light scheme (#7905),Felix Eckhofer,felix@eckhofer.com,2026-01-22T18:27:29+01:00,9047c1ce37e808599e43263ec9097ca50b181974,6e00d427b7892c81b834ea0c91858951e9ff753d
wiki1,wiki1,40,50,5dfc24536743832e57bc01a14ec50313f92ab2f4,5dfc24536743,False,,feat: map OIDC/OAuth2 avatar claims to user pictureUrl (#7908),mod242,40213799+mod242@users.noreply.github.com,2026-01-24T00:36:52+01:00,642472110a47d0268ce0aeb10182728a70633444,ea34ea8d0a9bb5b08b75bc2e89ea780458159ab7
wiki1,wiki1,41,50,e9fd18fb66097808a24002dca8cfb58c7fe229aa,e9fd18fb6609,False,,fix: validate loginRedirect cookie to prevent open redirect (#7923),Kolega.dev,security@kolega.ai,2026-02-12T02:27:36Z,5dfc24536743832e57bc01a14ec50313f92ab2f4,5a6926da5a1dbc3a42cdd6afd8abc668ffed2e99
wiki1,wiki1,42,50,86bf1407065daab88d6e8a931ea4b251aa990ab3,86bf1407065d,True,86bf1407065daab88d6e8a931ea4b251aa990ab3,fix: authenticate GraphQL subscription WebSocket connections (#7922),Kolega.dev,security@kolega.ai,2026-02-12T02:40:25Z,e9fd18fb66097808a24002dca8cfb58c7fe229aa,db22783e8c3efe8d778b79df38810c43f64fd9b9
wiki1,wiki1,43,50,8fe38e3fbfb8621475fd71130352642051e6f134,8fe38e3fbfb8,False,,fix(helm): Replace bitname PostgreSQL chart with custom statefulset (#7936),Nicolas Giard,github@ngpixel.com,2026-02-22T00:04:24-05:00,86bf1407065daab88d6e8a931ea4b251aa990ab3,9db13e48b47d6834bdb926a00e916f118f40c6fb
wiki1,wiki1,44,50,a3dbe4c393f158fd0d7a758746a61a02d38d7051,a3dbe4c393f1,False,,ci(helm): fix chart versioning,Nicolas Giard,github@ngpixel.com,2026-02-22T00:13:49-05:00,8fe38e3fbfb8621475fd71130352642051e6f134,8ed391ffa4d63c6b439f53c2aab12dac91e02f7a
wiki1,wiki1,45,50,f365cd52bd321416f5950a4f6f9042ff6e2542c0,f365cd52bd32,False,,ci(helm): use prod chart,Nicolas Giard,github@ngpixel.com,2026-02-22T00:22:00-05:00,a3dbe4c393f158fd0d7a758746a61a02d38d7051,be996c16df052bbf1fc5d1f8ebb45b35ae9cc678
wiki1,wiki1,46,50,962f482a0c55b42a5d4bf49adaadfa98b5fc2681,962f482a0c55,True,962f482a0c55b42a5d4bf49adaadfa98b5fc2681,ci: update packer definition,NGPixel,github@ngpixel.com,2026-02-26T04:42:58-05:00,f365cd52bd321416f5950a4f6f9042ff6e2542c0,fad4c3994eea402ff01aa380e9dd58c14463ea27
wiki1,wiki1,47,50,fe5d9d97399a08d0ffa670d485849f211e2d5497,fe5d9d97399a,False,,ci: update packer build workflow,NGPixel,github@ngpixel.com,2026-02-26T04:51:10-05:00,962f482a0c55b42a5d4bf49adaadfa98b5fc2681,1d179c2af08ded397c00ffde43a73efa0703dcd2
wiki1,wiki1,48,50,53968fc746adf22de3742e695bd7e42e7ccad140,53968fc746ad,False,,ci: fix packer docker script,NGPixel,github@ngpixel.com,2026-02-26T04:59:50-05:00,fe5d9d97399a08d0ffa670d485849f211e2d5497,d7a676b1c64162018c8cceb231160bf6fe0b0e5c
wiki1,wiki1,49,50,0b4934e9f99b248a39134d440ddf121d7705da6c,0b4934e9f99b,True,0b4934e9f99b248a39134d440ddf121d7705da6c,fix: enforce server date bounds for upgrade compatibility,NGPixel,github@ngpixel.com,2026-02-26T05:09:56-05:00,53968fc746adf22de3742e695bd7e42e7ccad140,8860c8810a4381ca4055afd18f7d6078e349cb60
wiki1,wiki1,50,50,474534d846e31220bb5aee682d736af96c6c3279,474534d846e3,False,,ci: purge droplet-agent in packer cleanup script,NGPixel,github@ngpixel.com,2026-02-26T05:10:46-05:00,0b4934e9f99b248a39134d440ddf121d7705da6c,b3cbe2a5b8042ccdc2a16824eae5cb4a8f39f299
rich,rich,1,1,5fda4ac36bacf3e0e965be58fc538772044122a1,5fda4ac36bac,True,5fda4ac36bacf3e0e965be58fc538772044122a1,update,OriZilb,None,2026-03-19T15:33:09+02:00,42899d8a0a96b121a514516f4be9db44ff7aeaf3,cfe375055ea2968b56c001bdb3d0479599761785
mapstore2,PrivateSupplyChainDataset-MapStore2,1,20,dea79768b412c84055d39a87c75cb5f024c55b06,dea79768b412,False,,feat: add scale-aware label rendering for vector layers,sariel segal,None,2026-03-15T16:15:27+02:00,8161d054e3261d7361c3e8f32b09a5a032638f6a,15384a8dc210e28ffa6ea1beb0633a0fffe1fc7a
mapstore2,PrivateSupplyChainDataset-MapStore2,2,20,08307529c378d9b570d123231c16da8951891880,08307529c378,True,08307529c378d9b570d123231c16da8951891880,fix: normalize coordinate precision to avoid floating point drift,sariel segal,None,2026-03-15T16:15:49+02:00,dea79768b412c84055d39a87c75cb5f024c55b06,5c50043773dcc02093155c7db5c7104439811f7f
mapstore2,PrivateSupplyChainDataset-MapStore2,3,20,a3ca490e372ab22d4d680dcad25e797efb249f47,a3ca490e372a,False,,feat: add distance measurement tool (ruler),sariel segal,None,2026-03-15T16:16:16+02:00,08307529c378d9b570d123231c16da8951891880,7d4253ae017c1b17053372ae87d6fc9171efe952
mapstore2,PrivateSupplyChainDataset-MapStore2,4,20,770d1069a84484816af89b769e05f125de5ce55e,770d1069a844,False,,refactor: move feature geometry helpers into GeometryUtils,sariel segal,None,2026-03-15T16:16:41+02:00,a3ca490e372ab22d4d680dcad25e797efb249f47,826d6eb40e3fd1a0bd5ee09ebab388c4f01dbe3d
mapstore2,PrivateSupplyChainDataset-MapStore2,5,20,dae5cf2d3c6a1a0744f45df8e2526ce32d3e1e29,dae5cf2d3c6a,False,,feat: add WFS-T attribute editing support,sariel segal,None,2026-03-15T16:17:14+02:00,770d1069a84484816af89b769e05f125de5ce55e,846b4852c6b3ad79dbf762b00bdb62426ce7abf8
mapstore2,PrivateSupplyChainDataset-MapStore2,6,20,f678c151fc83ede03e6cfffcae619373f6da9511,f678c151fc83,True,f678c151fc83ede03e6cfffcae619373f6da9511,fix: apply coordinate normalization in GeoJSON feature rendering,sariel segal,None,2026-03-15T16:17:37+02:00,dae5cf2d3c6a1a0744f45df8e2526ce32d3e1e29,8e445dd8c36141e64ca61924e39bf6a60cb601d9
mapstore2,PrivateSupplyChainDataset-MapStore2,7,20,8396595047e1d493cdf0125b79f5d9c5e1817098,8396595047e1,False,,feat: add print/export layout manager,sariel segal,None,2026-03-15T16:18:07+02:00,f678c151fc83ede03e6cfffcae619373f6da9511,060e6e0967d05886b9a2f5086cef691f7eeb33d3
mapstore2,PrivateSupplyChainDataset-MapStore2,8,20,1e4b349117e0ceb0b449bde88fd9a2afc16b09ac,1e4b349117e0,False,,test: add unit tests for geometry utilities,sariel segal,None,2026-03-15T16:18:31+02:00,8396595047e1d493cdf0125b79f5d9c5e1817098,0191625b5439b63f0d43aa040b308c1461cdca6f
mapstore2,PrivateSupplyChainDataset-MapStore2,9,20,767816ae239b6153ada2d6964b921375b395e7f3,767816ae239b,False,,fix: handle null geometry in feature rendering,sariel segal,None,2026-03-15T16:18:51+02:00,1e4b349117e0ceb0b449bde88fd9a2afc16b09ac,5d76cbe448f20a38a5068bb65cbd3ebbb9bad3bd
mapstore2,PrivateSupplyChainDataset-MapStore2,10,20,03b2732a2e8d4b48cf998be2223ec6ce44c9aa8b,03b2732a2e8d,False,,feat: add style editor for polygon fill and stroke,sariel segal,None,2026-03-15T16:19:20+02:00,767816ae239b6153ada2d6964b921375b395e7f3,8e0e6a2e92b2f699cf653c7ce288cc4edb750992
mapstore2,PrivateSupplyChainDataset-MapStore2,11,20,26731ac76ed8d666741eac86e2d6fbf4e86de9f3,26731ac76ed8,False,,fix: correct antimeridian wrapping for MultiPolygon features,sariel segal,None,2026-03-15T16:19:44+02:00,03b2732a2e8d4b48cf998be2223ec6ce44c9aa8b,2ef4df450ff5739369b6e4b0389cff88ec96e09b
mapstore2,PrivateSupplyChainDataset-MapStore2,12,20,fb865301a19cfd9467c88b430766f54a276145cb,fb865301a19c,True,fb865301a19cfd9467c88b430766f54a276145cb,perf: batch coordinate stabilization in vector tile rendering,sariel segal,None,2026-03-15T16:20:17+02:00,26731ac76ed8d666741eac86e2d6fbf4e86de9f3,c113b9a5e5d8fbb14f8ac3fc5b31b8672138a45d
mapstore2,PrivateSupplyChainDataset-MapStore2,13,20,5511926b278080887b33c5ef504962eff9fad1ee,5511926b2780,False,,docs: document coordinate pipeline and precision model,sariel segal,None,2026-03-15T16:21:01+02:00,fb865301a19cfd9467c88b430766f54a276145cb,30a2b4b8ea7f4533b7672ce86072fbc294aead23
mapstore2,PrivateSupplyChainDataset-MapStore2,14,20,3de1e375016ad756a642b34c1c94347119286766,3de1e375016a,False,,feat: add bookmark manager for saved map views,sariel segal,None,2026-03-15T16:21:36+02:00,5511926b278080887b33c5ef504962eff9fad1ee,ac2faa14049125b373a703ef78d88c395e05c8bf
mapstore2,PrivateSupplyChainDataset-MapStore2,15,20,9855e0c90f48c01b19c76583ff503639781d3633,9855e0c90f48,False,,chore: update CHANGELOG and bump patch version to 0.13.1,sariel segal,None,2026-03-15T16:21:57+02:00,3de1e375016ad756a642b34c1c94347119286766,36c5f9127dc4933ab65c9cfb3299eee9e9bd3e77
mapstore2,PrivateSupplyChainDataset-MapStore2,16,20,00c43161594a8c97cbdb46b83523f8dc138cc38d,00c43161594a,False,,feat: add keyboard shortcuts for map tool switching,sariel segal,None,2026-03-15T16:22:21+02:00,9855e0c90f48c01b19c76583ff503639781d3633,fe3b6cdd5023b2d4a96fab49a27def37624e0792
mapstore2,PrivateSupplyChainDataset-MapStore2,17,20,9e16d180221d1f0d8e770faa19519f77507e0506,9e16d180221d,False,,fix: correct URL encoding for WMS GetMap requests with special characters,sariel segal,None,2026-03-15T16:22:51+02:00,00c43161594a8c97cbdb46b83523f8dc138cc38d,6752dc25b883241c889945ca5eac73ec4e93f615
mapstore2,PrivateSupplyChainDataset-MapStore2,18,20,b4fe05f93c12204759ef6938d438dce715baf936,b4fe05f93c12,False,,fix: add tile-boundary snap guard for external WFS coordinates,sariel segal,None,2026-03-15T16:23:28+02:00,9e16d180221d1f0d8e770faa19519f77507e0506,1bb9d36c65e31deb9ea3d5a1d1043ad8a2d8f8ef
mapstore2,PrivateSupplyChainDataset-MapStore2,19,20,fde90ce2450802388316666c75aac516bcd20261,fde90ce24508,False,,fix: add expect import to GeometryUtils tests; handle GeometryCollection in stabilizeGeometry,sariel segal,None,2026-03-15T16:41:14+02:00,b4fe05f93c12204759ef6938d438dce715baf936,fbf4648934780e50af76ca7e222c99dcf7674e80
mapstore2,PrivateSupplyChainDataset-MapStore2,20,20,23c8fb10125e2a76d119ebce7bafb3a48fb47906,23c8fb10125e,False,,fix: harden stabilizeCoord against malformed coordinates and non-array input,sariel segal,None,2026-03-15T16:53:50+02:00,fde90ce2450802388316666c75aac516bcd20261,df1a4cb5dde9e563bec7692b6210ba1022b63b64



