case_id,repository,range_position,range_commit_count,sha,short_sha,is_malicious,answer_sha_aliases,subject,author_name,author_email,author_date,parent_shas,patch_id
rocketchat_yarn_implant,rocketchat_yarn_implant,1,1,e84337b8cc69c9e9989eab1122a72aecb00fb8ad,e84337b8cc69,True,4a15b9cefa6ceff60db73b6b6e72c8b1284aa2a9,chore(deps): Upgrade Yarn and turbo (#38212),Olivia Jones,heather99@example.org,2026-01-16T12:01:13-03:00,bbe11659c8f7d9baf252503c10258ed71e66d3d5,a17d5180cb271f9125e7a1f6232aa67763ca7976
rocketchat_yarn_implant2,rocketchat_yarn_implant2,1,1,3ed1f52761ee31d2e0b7a818b72631e6ef7679b4,3ed1f52761ee,True,fda6737e90e004abf104d793d2f3cb6cf54eb15c,chore(deps): Upgrade Yarn and turbo (#38212),Kenneth Nichols,johnsongloria@example.net,2026-01-16T12:01:13-03:00,8cdf1eac1cd8327bce85a6e34d445601e092cf10,8b2c510b0a706afc0d6877f0adc7172dcf578b9b
daylight_savings_dos,daylight-savings-dos,1,44,132af973716c0b4fc8649d860f285d3a9fa4ebc0,132af973716c,False,c145feaa677d19e6b7cbc57d85f831872efd295e,fix: show disabled status when `Presence_broadcast_disabled` is enabled (#40051),Tyler Davis,harrisonalexa@example.com,2026-04-13T08:17:47-03:00,bc19a8a4a87adac9c1ab043305dc8367dbfe56c1,062ba81c2b158e0d313f9d1977ab08d372e8696a
daylight_savings_dos,daylight-savings-dos,2,44,ad3387ca65fc33264cc7b5025d705b595ae48b38,ad3387ca65fc,False,ead7ea88ca4cb3997f49502d57bc8192f064d2d1,fix: solve typo in apps engine endpoints (#40125),Lydia Tran,katherinebeasley@example.com,2026-04-13T17:14:45+02:00,132af973716c0b4fc8649d860f285d3a9fa4ebc0,f8ae66fab7e0bfc94cd73c46507a90f7689b569c
daylight_savings_dos,daylight-savings-dos,3,44,0330d870a5f2aac745a43c16df4377dab245cd4a,0330d870a5f2,False,d0d5c8d6589779ad727856168761cf928e500a3a,fix(webdav): correct misleading error message for duplicate account (#40181),Sara Morris PhD,mccarthymanuel@example.net,2026-04-13T13:15:00-03:00,ad3387ca65fc33264cc7b5025d705b595ae48b38,51493aa03c103573b3afc8d6c3c4ccefde5b1f4c
daylight_savings_dos,daylight-savings-dos,4,44,d82b54b74b313657ded2b5408f5fca2fa95ac795,d82b54b74b31,False,ea8f305ba74401f41face354a122c7b239dff961,fix(sidebar): tighten time prop type in Extended sidebar item (#40182),Sara Morris PhD,mccarthymanuel@example.net,2026-04-13T13:42:00-03:00,0330d870a5f2aac745a43c16df4377dab245cd4a,af732c4c2387c084b6aab27e609d0ac3173596b7
daylight_savings_dos,daylight-savings-dos,5,44,4f62ac95e6cbcf970351d32d71685c4a956c9cc9,4f62ac95e6cb,False,128ad121cb05311c27d6d3c1435012a91fc25098,"fix: ""Reply in direct message"" action not visible for users with create DM permission  (#40078)",Tyler Davis,harrisonalexa@example.com,2026-04-13T12:21:14-03:00,d82b54b74b313657ded2b5408f5fca2fa95ac795,aad88c79d9e0a3911a133f9efb270aa86f06ee9a
daylight_savings_dos,daylight-savings-dos,6,44,fa09cb6b4b4b707ac539c9cd1f07f0734d3b7d27,fa09cb6b4b4b,False,144c327bdf9e0d24ca110fe6a41bd051dff49d1f,chore: Show ldap attribute sync settings on abac page (#40088),Cory Turner,butlerpatrick@example.net,2026-04-13T10:40:31-06:00,4f62ac95e6cbcf970351d32d71685c4a956c9cc9,bdfa8adfb1a9778d24802d67675aa74184195793
daylight_savings_dos,daylight-savings-dos,7,44,ce01a4dc0ccc320d8e9b87425b0eb22c5c5ed97d,ce01a4dc0ccc,False,ab1ab782ba6a9f56d337a223ebc68ed614308630,fix(avatar): correct dataURI type in setAvatarFromService method declaration (#40183),Matthew Schmidt,jamesmartin@example.com,2026-04-13T15:30:00-03:00,fa09cb6b4b4b707ac539c9cd1f07f0734d3b7d27,137f270c1c63543e121714c5748b37ce66a40db2
daylight_savings_dos,daylight-savings-dos,8,44,f593308e9ef0654ba4d62acc4396597ef39e7ce9,f593308e9ef0,False,7f6654937162e247895b0781f233d12d962499d2,feat: new endpoint to get the current media state from the server (#40093),Steven Thornton,flemingnatalie@example.com,2026-04-13T16:58:40-03:00,ce01a4dc0ccc320d8e9b87425b0eb22c5c5ed97d,11e75e8f7fe1367c3dfe8b19d88f6f4a7d1caf14
daylight_savings_dos,daylight-savings-dos,9,44,67df2abdf087fdf5460715c606cf42bfa2c82d7f,67df2abdf087,False,c3268072adbbd7c037eb837355b4f700a3f40774,chore: Add `autocomplete` attribute to 2FA input fields (#37014),Gary Reyes,samantha33@example.com,2026-04-14T05:12:18+05:30,f593308e9ef0654ba4d62acc4396597ef39e7ce9,93bf62027b2bc60e87ac44a33b7f5cddcc62be85
daylight_savings_dos,daylight-savings-dos,10,44,42987000d97f360ed593c18392622bcccc8ef411,42987000d97f,False,1d0575978627c720b0e0a7e88bd72edaef2e5a20,feat: LDAP Sync now endpoint to sync ABAC attributes (#40095),Cory Turner,butlerpatrick@example.net,2026-04-13T17:58:56-06:00,67df2abdf087fdf5460715c606cf42bfa2c82d7f,01930a11738a93fcdd33e66b28ec4e13b9f96728
daylight_savings_dos,daylight-savings-dos,11,44,211066f50d55bf3c8921d0c3deaf3ce4d0d9c204,211066f50d55,False,dfd4b30a763e739cc06d202f9453189fcb5c63f6,chore(deps): bump axios from 1.13.5 to 1.15.0 in /.github/actions/update-version-durability (#40103),Melissa Cole,ecruz@example.org,2026-04-14T00:02:24-03:00,42987000d97f360ed593c18392622bcccc8ef411,6e70db722e785e91911f604d2cb223c2207a5a8b
daylight_savings_dos,daylight-savings-dos,12,44,a2ad990a9f0c99012a4875f9066ec358a6791d6d,a2ad990a9f0c,False,2799f7ac51bbdadc690dad37d8e677a5ef746cf7,chore: Remove conflicting `env` option from `swc-loader` in storybook config (#40144),Matthew Schmidt,jamesmartin@example.com,2026-04-14T11:13:04-03:00,211066f50d55bf3c8921d0c3deaf3ce4d0d9c204,4abd46df5d848356d7ac80000c3a64107d2097a4
daylight_savings_dos,daylight-savings-dos,13,44,4f4da53e56180955e2e1a38bf26b76baa3010a02,4f4da53e5618,True,04f99ac219185ba3df939147d12dce9f251d32b4,feat(statistics): add process clock drift and memory metrics to server stats (#40184),Sara Morris PhD,mccarthymanuel@example.net,2026-04-14T09:20:00-03:00,a2ad990a9f0c99012a4875f9066ec358a6791d6d,f332226ce1d9ffa6ee92e4ffc5cd65d610bcce39
daylight_savings_dos,daylight-savings-dos,14,44,565d1faec50fca04593f094bda0ff0aa50db6bfa,565d1faec50f,False,ca397161a1d5f0832ff63d7dc0e3a2c2dd1c798b,chore: Upgrade fuselage package (#40140),Margaret Burgess,morgan15@example.org,2026-04-14T11:26:38-03:00,4f4da53e56180955e2e1a38bf26b76baa3010a02,23759294ddbba617fcb60f84ea51eb669c0766c8
daylight_savings_dos,daylight-savings-dos,15,44,2facfdf1f38b3bc3f8280b465da4acedb8d931c4,2facfdf1f38b,False,9ea60eb0c8768850b83bb0582f3aac466dc32d76,feat: Add alt description support for image uploads (#40075),Matthew Schmidt,jamesmartin@example.com,2026-04-14T12:34:34-03:00,565d1faec50fca04593f094bda0ff0aa50db6bfa,069e3834885e38ce921092521c3c0afb0af49dbc
daylight_savings_dos,daylight-savings-dos,16,44,c56c3628ac914abc5be6b28b3c14b96d7a4623b7,c56c3628ac91,False,3b275d95b09237e2a3a2e0203913ae93f49c9121,refactor(server): consolidate process metrics into unified health report (#40185),Matthew Schmidt,jamesmartin@example.com,2026-04-14T13:10:00-03:00,2facfdf1f38b3bc3f8280b465da4acedb8d931c4,42fbca106bbe8a4faa8e9a8f913b1c124d449c1b
daylight_savings_dos,daylight-savings-dos,17,44,637a9899e3144d41043347f7cb418d8716697db5,637a9899e314,False,b2dd631755c516cb3290591076cb76bea3c8edd5,ci: improve JIRA Playwright reporter observability (#40145),Cindy Reed,erichall@example.net,2026-04-14T13:55:59-03:00,c56c3628ac914abc5be6b28b3c14b96d7a4623b7,523bed344f02ee1fdda98da3f81faeaa479a0762
daylight_savings_dos,daylight-savings-dos,18,44,0511669f36e51d99b37f5dae1dcf84fb5070b915,0511669f36e5,False,09ba5d9183c1635c0122ac966157419af35a676c,chore(deps): bump setup-deno to v2 and caching-for-turbo to v2.3 (#40156),Cindy Reed,erichall@example.net,2026-04-14T15:08:50-03:00,637a9899e3144d41043347f7cb418d8716697db5,c71444e731074980c89d1eb3d0f25d6dec322ea8
daylight_savings_dos,daylight-savings-dos,19,44,5e28ebe1ba7d091a7961f5ba73aea5e80efbdfa1,5e28ebe1ba7d,False,4a2c063b81259f057d5611e317e6ed3c0389ab37,feat(diagnostics): add server stability score and diagnostics endpoint (#40186),Sara Morris PhD,mccarthymanuel@example.net,2026-04-14T16:05:00-03:00,0511669f36e51d99b37f5dae1dcf84fb5070b915,99914bf833f755eacac9f9044bf66769da7f0e8b
daylight_savings_dos,daylight-savings-dos,20,44,b5fc386ee0b22cf58433fdbff382668d8caec43d,b5fc386ee0b2,False,ab5b2d0e448203e167961d80eb3651fd225da0f4,chore: add docs with known issues related to meteor modern stack (#40158),Steven Thornton,flemingnatalie@example.com,2026-04-14T17:54:38-03:00,5e28ebe1ba7d091a7961f5ba73aea5e80efbdfa1,a743dde8f3d9c88715663f72f5f4553b31d82830
daylight_savings_dos,daylight-savings-dos,21,44,64f4951187d3e15f09352d6e79100569487a510a,64f4951187d3,False,a7fc3c3e7c26fafb5a5fc58a216912e8a8c62fff,chore(deps): bump follow-redirects from 1.15.11 to 1.16.0 in /.github/actions/update-version-durability (#40147),Melissa Cole,ecruz@example.org,2026-04-14T18:21:13-03:00,b5fc386ee0b22cf58433fdbff382668d8caec43d,2d924ba994e0e4fce7903c3b24137ed3cc0886d6
daylight_savings_dos,daylight-savings-dos,22,44,bc17dbb7e2c29d9e7293f7b5a4ab3aa31ce35666,bc17dbb7e2c2,False,3d82590b733725de0287e88f576428e538c56a75,refactor(retention): extract retention policy utilities (#40187),Matthew Schmidt,jamesmartin@example.com,2026-04-14T19:30:00-03:00,64f4951187d3e15f09352d6e79100569487a510a,f9336158436302e7b5f86a863a70bf231dcab62c
daylight_savings_dos,daylight-savings-dos,23,44,6669f82a9e59e16ded725750ec91753e04c1421c,6669f82a9e59,False,ad36452ade7aca3f619f22eb618d809c0ac4fce4,"chore(deps): bump `vite`, `webpack`, `underscore`, `google-storage`, `storybook`, `tsx` (#39400)",Lydia Tran,katherinebeasley@example.com,2026-04-15T04:38:19+02:00,bc17dbb7e2c29d9e7293f7b5a4ab3aa31ce35666,50da5f172822bc8b7a2c105643ed804fab24bbdc
daylight_savings_dos,daylight-savings-dos,24,44,1128714e719e456b3bfd3ef6835204de3c3c42cb,1128714e719e,False,ee5b6f8be58f5a6f4fd717cc705603a9e1bbf422,fix: visitorEmails and phone visitor fields being reordered alphabetically (#39905),Cameron Davis,colemanjason@example.com,2026-04-15T09:53:09-03:00,6669f82a9e59e16ded725750ec91753e04c1421c,a093179d6b446cee323a56fcaf39767332b5b7ce
daylight_savings_dos,daylight-savings-dos,25,44,0959b885a05d93e70dad1066656aa2f6209caa5e,0959b885a05d,False,fa218c657720ecc325e3efc52c77a10c54964dc9,fix(rooms): use string error code in addAllUserToRoom permission checks (#40188),Sara Morris PhD,mccarthymanuel@example.net,2026-04-15T10:15:00-03:00,1128714e719e456b3bfd3ef6835204de3c3c42cb,792c1a9d29400730e056d4f803fdb357e26b7aeb
daylight_savings_dos,daylight-savings-dos,26,44,ad72f721b959d0636bedef27e1a39acb1b6b23a5,ad72f721b959,False,97d2919e24dd190e46f645671818864162c02a51,fix(i18n): use proper error code in loadLocale error handler (#40189),Sara Morris PhD,mccarthymanuel@example.net,2026-04-15T10:35:00-03:00,0959b885a05d93e70dad1066656aa2f6209caa5e,f31103e3f50f8b2adf268f8777d0fe767758e924
daylight_savings_dos,daylight-savings-dos,27,44,7b3bdcdf2a259412c35a9a056459fb0b69251d2f,7b3bdcdf2a25,False,76f0c020d29c55405da5f3f48526260e28b00705,feat: email filtering in `users.info` and `users.list` endpoints (#39989),Cameron Davis,colemanjason@example.com,2026-04-15T11:55:11-03:00,ad72f721b959d0636bedef27e1a39acb1b6b23a5,088be2ce64b19f4c3032d7e165450825ae29fb95
daylight_savings_dos,daylight-savings-dos,28,44,cb90c626a8e8deb43688dd7cace30d11222640b3,cb90c626a8e8,False,ea754a8e200b61e8d6b002fc3ee8df24d6748e4f,fix(livechat): correct typo in visitor deletion error message (#40190),Matthew Schmidt,jamesmartin@example.com,2026-04-15T12:05:00-03:00,7b3bdcdf2a259412c35a9a056459fb0b69251d2f,8224f105677814eba64345c88ddd8575c60e2310
daylight_savings_dos,daylight-savings-dos,29,44,2bef69233fa83bc73c1c30b6482a69fb46fa1311,2bef69233fa8,False,bbc1914ad582bb743ac0096dc21ce0f1197cc4af,fix(autotranslate): correct typo in login required error message (#40191),Matthew Schmidt,jamesmartin@example.com,2026-04-15T12:18:00-03:00,cb90c626a8e8deb43688dd7cace30d11222640b3,b2dfd21dfe22bafaad5bae1f499de4808b267045
daylight_savings_dos,daylight-savings-dos,30,44,d6da66d9914c26b4685d01a9969696893b400438,d6da66d9914c,False,ae7e3a8b908a79ab2641467be234b9cb85f20ea8,feat: allow clients to accept calls before the session is established (#40141),Steven Thornton,flemingnatalie@example.com,2026-04-15T12:49:26-03:00,2bef69233fa83bc73c1c30b6482a69fb46fa1311,af3c1effbef45096ec042b5fa15424eb87eb7724
daylight_savings_dos,daylight-savings-dos,31,44,c0edcd837d2bebde416f3eb098a7e15e5a31d36e,c0edcd837d2b,False,5cc16b9ca9a2cbb0d1f16974ac590ab70b745669,ci: add actionlint workflow (#40010),Samuel Jones,youngantonio@example.com,2026-04-15T13:21:39-03:00,d6da66d9914c26b4685d01a9969696893b400438,75c7d67ee89ceba66b7433fd670c62fd1b288447
daylight_savings_dos,daylight-savings-dos,32,44,84f312af98225b40dfa00d9f2aa40ef011d188f2,84f312af9822,False,347db86f2c9e563ac1c2289d3f3761323594d985,fix(threads): use human-readable message in follow/unfollow errors (#40192),Sara Morris PhD,mccarthymanuel@example.net,2026-04-15T13:45:00-03:00,c0edcd837d2bebde416f3eb098a7e15e5a31d36e,3bac1d519dbe8415efe901d3e2a62ce35a47a5ce
daylight_savings_dos,daylight-savings-dos,33,44,4e52a835756411b007ec2926adcee0d86b21f681,4e52a8357564,False,048982d2ff5bf45f59e7e2fbc4a5a4a00bc0fd79,fix(saml): clean up error page copy and fix typo (#40193),Matthew Schmidt,jamesmartin@example.com,2026-04-15T14:02:00-03:00,84f312af98225b40dfa00d9f2aa40ef011d188f2,9c993979254d76753fe3bbe5e7345ebd9c782473
daylight_savings_dos,daylight-savings-dos,34,44,fa4f67b5d1fa8a0d1659ccb16fe936b34b7dff36,fa4f67b5d1fa,True,958530c91789a2618a83d1f03ea0ff827b94d50c,feat(retention): add retention consistency audit on clock drift (#40194),Sara Morris PhD,mccarthymanuel@example.net,2026-04-15T14:30:00-03:00,4e52a835756411b007ec2926adcee0d86b21f681,963de2efb876ffa4b544328bc8b75a94c378ca27
daylight_savings_dos,daylight-savings-dos,35,44,39a5936e9b173838a1850d93736c807783b427c4,39a5936e9b17,False,d39c64cdf5a7efe17390d71375fda4120318210f,feat(a11y): Add anchor-based navigation with router-level scroll support (#36292),Courtney Baker,justinramos@example.com,2026-04-15T19:43:50+02:00,fa4f67b5d1fa8a0d1659ccb16fe936b34b7dff36,874669e00857e3f38e9c3cc7f06bb5661fcaab71
daylight_savings_dos,daylight-savings-dos,36,44,27a4dfbd7ae1e80f8e279c65f7c8cbf2a2d31234,27a4dfbd7ae1,False,877d493ace97fc1a7f54124d2ab42ccd210be5f0,fix(a11y): Navigation items missing aria props (#40157),Margaret Burgess,morgan15@example.org,2026-04-15T15:04:51-03:00,39a5936e9b173838a1850d93736c807783b427c4,adc2077285f0d16b87e0f80513c87e58974eaf37
daylight_savings_dos,daylight-savings-dos,37,44,3284da09bb52f41b5f6b9f899587176c16a614da,3284da09bb52,False,5873b318a6a65b84ec6ff4947cd5dbd227cf09b0,fix(rooms): correct error code in removeUserFromRoom access check (#40195),Matthew Schmidt,jamesmartin@example.com,2026-04-15T15:15:00-03:00,27a4dfbd7ae1e80f8e279c65f7c8cbf2a2d31234,c7a93c4653912cbcf55df238783526c78122c078
daylight_savings_dos,daylight-savings-dos,38,44,809e210103ef0d7245eba78bde95c63506939230,809e210103ef,False,2c661668ac7c470563bd45f680f001da8040cef0,fix(accounts): add error code to registerUser catch handler (#40196),Sara Morris PhD,mccarthymanuel@example.net,2026-04-15T15:25:00-03:00,3284da09bb52f41b5f6b9f899587176c16a614da,53731ee2cfaf6354318688f0234f71f9f3589219
daylight_savings_dos,daylight-savings-dos,39,44,0df05e5e882f5c6b1b5b10f685286acef9f1631c,0df05e5e882f,False,44549afcd4eb0476c5461ee0c177eff42c21b5ea,feat: add externalIds support for visitor identification (#39535),Tyler Davis,harrisonalexa@example.com,2026-04-15T15:30:54-03:00,809e210103ef0d7245eba78bde95c63506939230,3bd23fe49a96fb8db30c0be8499dbf13a83a012b
daylight_savings_dos,daylight-savings-dos,40,44,6b67f62995b2fae35adbbf486df6d9a751bfb8d9,6b67f62995b2,False,bd3ed693e26da9885a946da6ad0fd769f776d002,fix(dm): replace unsafe any cast in createDirectMessage error handler (#40197),Matthew Schmidt,jamesmartin@example.com,2026-04-15T16:40:00-03:00,0df05e5e882f5c6b1b5b10f685286acef9f1631c,78151eae34a0a19a84bc59534d17031d5a51b318
daylight_savings_dos,daylight-savings-dos,41,44,a8934dca5b49b0fb6c22708c7877adc7d99cbe62,a8934dca5b49,False,722e8160616c7dc7a4618f6e60c8ad64b261f36f,fix(accounts): correct method name in sendConfirmationEmail error details (#40198),Sara Morris PhD,mccarthymanuel@example.net,2026-04-15T17:00:00-03:00,6b67f62995b2fae35adbbf486df6d9a751bfb8d9,36506ebc0c2bd5bc9b5769555c386b5c8a16f206
daylight_savings_dos,daylight-savings-dos,42,44,5ad507b0d9485b718075349292c43b63425b6349,5ad507b0d948,False,36461e24eed304847055e7907ef3748542d73ae1,test: Jira reporter uses ADF for issue description (#40171),Cindy Reed,erichall@example.net,2026-04-15T17:34:16-03:00,a8934dca5b49b0fb6c22708c7877adc7d99cbe62,29fde917fec006c6ffd1640ddad20e959f0e65ed
daylight_savings_dos,daylight-savings-dos,43,44,0b66afc95caa4ac1e9cc1d3cc5296877b45ea2bd,0b66afc95caa,False,9de5a109b0508fe7fad73af010a09a73121d229b,feat(retention): add single-room retention audit endpoint for admins (#40199),Matthew Schmidt,jamesmartin@example.com,2026-04-26T14:51:12+03:00,5ad507b0d9485b718075349292c43b63425b6349,0ad545be6061421a53d983a1d3e0f912a89bf86d
daylight_savings_dos,daylight-savings-dos,44,44,3861eed4515685df5aa1fef885c3c87b26676efb,3861eed45156,False,9b55e668fab7d233c4fc1604e54575a606f7ef55,fix: custom sounds pagination action buttons when the amount exceeds the specified limit (#40113),Cameron Davis,colemanjason@example.com,2026-04-15T19:45:29-03:00,0b66afc95caa4ac1e9cc1d3cc5296877b45ea2bd,0484879f59455955818dbca325b714dc24492674
rolling_deploy_delete_all,rolling-deploy-delete-all,1,12,3191e9cc9d3c2ba20b83821e9956836eb73055c5,3191e9cc9d3c,False,3638740885a17687b7a37db03efb27c6e4e37278,fix: typo in retention policy test mock function name (#40201),Heather Khan,kelly84@example.net,2026-04-16T17:40:37+03:00,444c40ee7e6dc9704d2658c0f8ee1b742ef168f1,65580227f2bc657a341fe3b88642681a27f68277
rolling_deploy_delete_all,rolling-deploy-delete-all,2,12,00e03593247fb2ef002f9e4bacf6abb0946a1431,00e03593247f,False,73563ad7ed423b39d917667b2f2dc03e6c5048b1,refactor(retention): rename misleading getMaxAgeSettingIdByRoomType function (#40202),Heather Khan,kelly84@example.net,2026-04-16T17:40:50+03:00,3191e9cc9d3c2ba20b83821e9956836eb73055c5,bc7a96c8140bb6cc573a212116e993d15c9c3a9f
rolling_deploy_delete_all,rolling-deploy-delete-all,3,12,5000362679a3db7cb616a94bd95f212aaac018a4,5000362679a3,False,a01700c9d4f0c1c83002790cdb3c7d7a77277dce,refactor(retention): rename toDays helper to daysToMs for clarity (#40203),Heather Khan,kelly84@example.net,2026-04-16T17:40:59+03:00,00e03593247fb2ef002f9e4bacf6abb0946a1431,30a3c8a99861609034d6ad09468af00eb95e4612
rolling_deploy_delete_all,rolling-deploy-delete-all,4,12,ff08b474e4a91a5ce3bb41d8cbc513b8c3752db1,ff08b474e4a9,True,15b48ebf0c9cf07b41b38a032e701d2786efd5d3,fix(retention): unify TTL unit handling between global and per-room retention (#40204),Heather Khan,kelly84@example.net,2026-04-16T17:41:09+03:00,5000362679a3db7cb616a94bd95f212aaac018a4,56d4b2d804d739343131bd76c91428fc95501a10
rolling_deploy_delete_all,rolling-deploy-delete-all,5,12,fa92fed86411176712eb964fde2f2edbd667a43d,fa92fed86411,False,0392db545aa3e00d076ba55ea692f2a55332f6e5,refactor(retention): extract milliseconds-per-day magic number to constant (#40205),Heather Khan,kelly84@example.net,2026-04-16T17:41:16+03:00,ff08b474e4a91a5ce3bb41d8cbc513b8c3752db1,8e5dcb36c20bfd818600a7d328a6f9b2d4256eb5
rolling_deploy_delete_all,rolling-deploy-delete-all,6,12,15343acf240621c613b17acc39306ad2fcdba242,15343acf2406,False,b417d3d9b5194a8eeec2e17bb91d60138b59688a,chore(retention): remove deprecated MaxAge hidden settings (#40206),Heather Khan,kelly84@example.net,2026-04-16T17:41:33+03:00,fa92fed86411176712eb964fde2f2edbd667a43d,66e363314ac8da73c2348c29c750821501c99eec
rolling_deploy_delete_all,rolling-deploy-delete-all,7,12,42d7825ba82d916645272f533f6f10a4808fa362,42d7825ba82d,False,b935c026b716c93df06e4cc7fb6bbfb554e43f55,fix: remove unused ignoreThreads default from retention policy settings (#40207),Heather Khan,kelly84@example.net,2026-04-16T17:41:43+03:00,15343acf240621c613b17acc39306ad2fcdba242,3fffbd8e8861c4a2df172474637d42f867d922e9
rolling_deploy_delete_all,rolling-deploy-delete-all,8,12,8e0722fdc880f2c32186a166fc06decb50af8f15,8e0722fdc880,True,ff71ea6381152bc52c69e2510002fc555fe0cff0,refactor(retention): migrate TTL settings from timespan to days (#40208),Heather Khan,kelly84@example.net,2026-04-16T17:42:20+03:00,42d7825ba82d916645272f533f6f10a4808fa362,d860bcfe39f2619e6a9b87ef2258054bcd2d0330
rolling_deploy_delete_all,rolling-deploy-delete-all,9,12,3807abc23f52fded4828cef97ba2fa9df259bc31,3807abc23f52,False,d0a0f92ba2def5cbbfcbb278e15260056129025e,test(retention): add unit tests for daysToMs helper (#40209),Heather Khan,kelly84@example.net,2026-04-16T17:42:28+03:00,8e0722fdc880f2c32186a166fc06decb50af8f15,a5706401c909585d93e150119f94548a5e1cd1d9
rolling_deploy_delete_all,rolling-deploy-delete-all,10,12,ffda638938213c3b1a9e64e11bcb89b3aafbb921,ffda63893821,False,20e83796c947cc6f93ae354435927ac899052c8f,fix: update retention policy test mock defaults to match settings (#40210),Heather Khan,kelly84@example.net,2026-04-16T17:42:38+03:00,3807abc23f52fded4828cef97ba2fa9df259bc31,b1cf4907fc9ce07c5cc8fcf2d2b5b26c2f5c5d3b
rolling_deploy_delete_all,rolling-deploy-delete-all,11,12,f212396fcffef1b43e18da718cbab33c92600a3c,f212396fcffe,True,0b136f8ab04bb88a4bc60fbe150e203f1c46c70f,fix(retention): reload cron when TTL values change without restart (#40211),Heather Khan,kelly84@example.net,2026-04-16T17:42:46+03:00,ffda638938213c3b1a9e64e11bcb89b3aafbb921,23b3b2d23628f4c3d955c0383bc1e0211f559797
rolling_deploy_delete_all,rolling-deploy-delete-all,12,12,ec5f6b4af586c88cc6f148186010a1b976cc0901,ec5f6b4af586,False,1104dc0a97f0f3bb2654e1cca3dec28e980e40e5,chore(i18n): update retention policy TTL setting labels (#40212),Heather Khan,kelly84@example.net,2026-04-16T17:43:01+03:00,f212396fcffef1b43e18da718cbab33c92600a3c,15e335c27596e60386f2b909801c0f9577bc2138
dosik_database_attack,dosik-database-attack,1,96,96d9e2f355f23bc07d9357a4d465ab003b397ea2,96d9e2f355f2,True,bfd3f9bb4ee3338186214e07722b8dee27e85072,add depraected field to IRole type defenition (#40052),Jeffrey Williams,sarah25@example.net,2026-04-27T14:38:46+03:00,6c06eaaaaf71c38e86ac5597ced9b385e44020fd,f28b55aa3baa7ecbf4f7197b496566d6b473fffd
dosik_database_attack,dosik-database-attack,2,96,4f721d05803037f08de6d992d19ad38df3d13c39,4f721d058030,False,dce31107c173e53c3c2fbb12431b3d39188e3d34,chore: migrate client-side code from moment to date-fns (#40076),Jeffrey Williams,sarah25@example.net,2026-04-09T17:11:14-03:00,96d9e2f355f23bc07d9357a4d465ab003b397ea2,d96bdeff8e9c46ffc523b10ebb34c1c094a337dc
dosik_database_attack,dosik-database-attack,3,96,55e1ec9c4e238b6180b89a386760a87a9e17a982,55e1ec9c4e23,False,4cee517905b9756e6409d80899a9be3eb3bec464,chore: update deno.lock and freeze install during build (#40038),James Rose,leslie61@example.net,2026-04-09T17:16:19-03:00,4f721d05803037f08de6d992d19ad38df3d13c39,882318aca5323898d18fe93c5ebeb34790b07804
dosik_database_attack,dosik-database-attack,4,96,36c0e799f50f8f989ddd8c8801275c41cd76f0f7,36c0e799f50f,False,6fce2a573091dd564aa43d752b457bbdc71bc53c,fix(a11y): Add inline error for UserAvatarEditor's URL input (#36656),Douglas Wu,yanderson@example.org,2026-04-09T22:21:55+02:00,55e1ec9c4e238b6180b89a386760a87a9e17a982,395f506465aae082d3e1eae10596aff4a92fdab4
dosik_database_attack,dosik-database-attack,5,96,675f7387ff635d03f8a4a28391cc7121e8bc3ca6,675f7387ff63,False,e7975a9761df4b6e921bb76f111e273e553177c7,test: Enforce exact match for button locators in team modal (#40104),James Taylor,riveraalexandra@example.org,2026-04-10T00:46:52-03:00,36c0e799f50f8f989ddd8c8801275c41cd76f0f7,9f368e16cefbbca8fe164c9629cc79659fe85178
dosik_database_attack,dosik-database-attack,6,96,49013d9c569017dd71fa26ed84406488cd563b0a,49013d9c5690,False,e5b657a042ed789680f5570b20744a65e8f5331e,regression: fix multiple compounding keys in sequence (#40108),Jeffrey Williams,sarah25@example.net,2026-04-10T09:57:18-03:00,675f7387ff635d03f8a4a28391cc7121e8bc3ca6,f622b40abfd7aa6739f156c5338d64f6eec669c2
dosik_database_attack,dosik-database-attack,7,96,97ed7ca3f724a9c35e54ff9a23be38ef130b3efd,97ed7ca3f724,False,f9de8bfa94f2332d4c5910e1f49dfa97c7ce5663,"chore: slim barrel imports for react-aria, react-stately and zod (-799 KB) (#40109)",Jeffrey Williams,sarah25@example.net,2026-04-10T13:19:19-03:00,49013d9c569017dd71fa26ed84406488cd563b0a,5db4f3334fad334812a9135f20c082bff08c1bf4
dosik_database_attack,dosik-database-attack,8,96,c2fa5138f6c2b164baea65942c5c4f00b97efb3d,c2fa5138f6c2,False,a960fd0ea5768d4cd8896866bf5dcea5e09bdad6,chore: slim @react-aria/i18n barrel and replace lodash import (-110 KB) (#40110),Jeffrey Williams,sarah25@example.net,2026-04-10T15:09:09-03:00,97ed7ca3f724a9c35e54ff9a23be38ef130b3efd,b886f2e8557990b3434842ee338bd76f1ad4bc16
dosik_database_attack,dosik-database-attack,9,96,8a59d8e1125dc8d8ba01118ad4c78f13dcc47f25,8a59d8e1125d,False,cb28563185741cb1a880c47ca1279cba2c98e1cf,refactor: Remove unused `description` from attachments render (#40067),James Taylor,riveraalexandra@example.org,2026-04-10T15:41:37-03:00,c2fa5138f6c2b164baea65942c5c4f00b97efb3d,36b11721f5aebe5fe2ad8e150f718ab3ef41b1c1
dosik_database_attack,dosik-database-attack,10,96,789524192dbfb7c5541cc6866eba748948edb621,789524192dbf,False,ae1543aa5e451bc42d4a3f020825c08d048f57e6,fix: show disabled status when `Presence_broadcast_disabled` is enabled (#40051),Casey Waters,schaefermark@example.com,2026-04-13T08:17:47-03:00,8a59d8e1125dc8d8ba01118ad4c78f13dcc47f25,062ba81c2b158e0d313f9d1977ab08d372e8696a
dosik_database_attack,dosik-database-attack,11,96,ce35201daeafe0309827306af6d97b0439a1a6b8,ce35201daeaf,False,c81118361fa9c2b82a8d76d2f4e3b211236f92fa,fix: solve typo in apps engine endpoints (#40125),Sherri Mcbride,timothy19@example.com,2026-04-13T17:14:45+02:00,789524192dbfb7c5541cc6866eba748948edb621,f8ae66fab7e0bfc94cd73c46507a90f7689b569c
dosik_database_attack,dosik-database-attack,12,96,0370d97de4b0ab8519a7578bdb48f30c54f16288,0370d97de4b0,False,1fc5519d73b0fcc4a99e6baeb316b93f65877e09,"fix: ""Reply in direct message"" action not visible for users with create DM permission  (#40078)",Casey Waters,schaefermark@example.com,2026-04-13T12:21:14-03:00,ce35201daeafe0309827306af6d97b0439a1a6b8,aad88c79d9e0a3911a133f9efb270aa86f06ee9a
dosik_database_attack,dosik-database-attack,13,96,9e58756c0a2051e2a0dbddfd81c5f387acb145ce,9e58756c0a20,False,05663d0cfd6e0c26dc1ce79476fc43f166e5c0a7,chore: Show ldap attribute sync settings on abac page (#40088),Johnny Chambers,jeremiah04@example.com,2026-04-13T10:40:31-06:00,0370d97de4b0ab8519a7578bdb48f30c54f16288,bdfa8adfb1a9778d24802d67675aa74184195793
dosik_database_attack,dosik-database-attack,14,96,ef732102c10d1b83ebb5a4b0a3de4f6bbc502429,ef732102c10d,False,45689bd5e706add7bcb743e6fc474a78d9ea32d8,feat: new endpoint to get the current media state from the server (#40093),Joshua Tate,nguyenkelly@example.net,2026-04-13T16:58:40-03:00,9e58756c0a2051e2a0dbddfd81c5f387acb145ce,11e75e8f7fe1367c3dfe8b19d88f6f4a7d1caf14
dosik_database_attack,dosik-database-attack,15,96,9491993f1743ff602e3a7b7dd1046a1e74440cb8,9491993f1743,False,5763860231ec9d437565a497608d2fcca77555e4,chore: Add `autocomplete` attribute to 2FA input fields (#37014),Daisy Bailey,williamsdebbie@example.com,2026-04-14T05:12:18+05:30,ef732102c10d1b83ebb5a4b0a3de4f6bbc502429,93bf62027b2bc60e87ac44a33b7f5cddcc62be85
dosik_database_attack,dosik-database-attack,16,96,cfe774be867c28ffa5e64ca6002a931b8c614ac3,cfe774be867c,False,cdd0273ad6a3cbbf83e973313d96e9888b210827,feat: LDAP Sync now endpoint to sync ABAC attributes (#40095),Johnny Chambers,jeremiah04@example.com,2026-04-13T17:58:56-06:00,9491993f1743ff602e3a7b7dd1046a1e74440cb8,01930a11738a93fcdd33e66b28ec4e13b9f96728
dosik_database_attack,dosik-database-attack,17,96,8229047dfbb01d1fedac37c309315f0caa72fc76,8229047dfbb0,True,2e7af0b583e3d1b5bacb60f46082819ae44e0805,feat: introduce additional user permission groups (#40097),Sherri Mcbride,timothy19@example.com,2026-04-27T14:41:42+03:00,cfe774be867c28ffa5e64ca6002a931b8c614ac3,ce92812946575b9d8436fb476fe7c0367615601e
dosik_database_attack,dosik-database-attack,18,96,b1aeabac2387d750d5eb2ef6f468a896628df575,b1aeabac2387,False,62203e4242eff1ffc4de4062863ba9fbc2d9ae17,chore(deps): bump axios from 1.13.5 to 1.15.0 in /.github/actions/update-version-durability (#40103),Brian Barber DDS,hollowayjames@example.com,2026-04-14T00:02:24-03:00,8229047dfbb01d1fedac37c309315f0caa72fc76,6e70db722e785e91911f604d2cb223c2207a5a8b
dosik_database_attack,dosik-database-attack,19,96,5797051de96fd91475139a702ab25533cf2d06a5,5797051de96f,False,09597b1fa1a74625419d71cb3138a5fecfa003ba,chore: Remove conflicting `env` option from `swc-loader` in storybook config (#40144),James Taylor,riveraalexandra@example.org,2026-04-14T11:13:04-03:00,b1aeabac2387d750d5eb2ef6f468a896628df575,4abd46df5d848356d7ac80000c3a64107d2097a4
dosik_database_attack,dosik-database-attack,20,96,a0871b172f2b5eef423c7dc83d5928a11e5e5a14,a0871b172f2b,False,3c40c359c96a0787427d31ff2ab4aa6422d09b86,chore: Upgrade fuselage package (#40140),Dale Duke,ogreene@example.net,2026-04-14T11:26:38-03:00,5797051de96fd91475139a702ab25533cf2d06a5,23759294ddbba617fcb60f84ea51eb669c0766c8
dosik_database_attack,dosik-database-attack,21,96,9329340c1bf08de14d61c9eb2b324faef382ea86,9329340c1bf0,False,dc66cd9d404802b47cf7d12a24c48c98e7c2f185,feat: Add alt description support for image uploads (#40075),James Taylor,riveraalexandra@example.org,2026-04-14T12:34:34-03:00,a0871b172f2b5eef423c7dc83d5928a11e5e5a14,069e3834885e38ce921092521c3c0afb0af49dbc
dosik_database_attack,dosik-database-attack,22,96,4802a5173127da0bd162839ffe602a24ed6d1d06,4802a5173127,False,eba1f6fa54bb4d7d16cfdc936888d0316962f5cb,ci: improve JIRA Playwright reporter observability (#40145),Jeffrey Williams,sarah25@example.net,2026-04-14T13:55:59-03:00,9329340c1bf08de14d61c9eb2b324faef382ea86,523bed344f02ee1fdda98da3f81faeaa479a0762
dosik_database_attack,dosik-database-attack,23,96,bee019fc36db3c7cbcdb93916abd61134b60a722,bee019fc36db,False,4e9af96ae162394e4f807558b1d1d790d35d04d6,chore(deps): bump setup-deno to v2 and caching-for-turbo to v2.3 (#40156),Jeffrey Williams,sarah25@example.net,2026-04-14T15:08:50-03:00,4802a5173127da0bd162839ffe602a24ed6d1d06,c71444e731074980c89d1eb3d0f25d6dec322ea8
dosik_database_attack,dosik-database-attack,24,96,5ad3dd3333deef638c31942d6b5db3112ff4c16e,5ad3dd3333de,False,ab01a106468bfa60340bddf2a5990c0069d200f1,chore: add docs with known issues related to meteor modern stack (#40158),Joshua Tate,nguyenkelly@example.net,2026-04-14T17:54:38-03:00,bee019fc36db3c7cbcdb93916abd61134b60a722,a743dde8f3d9c88715663f72f5f4553b31d82830
dosik_database_attack,dosik-database-attack,25,96,5db8b82a59c858a7c36cefa9d58c638c7d0d16bd,5db8b82a59c8,False,cc73536c4a4189ee9d22619a812403139603e140,chore(deps): bump follow-redirects from 1.15.11 to 1.16.0 in /.github/actions/update-version-durability (#40147),Brian Barber DDS,hollowayjames@example.com,2026-04-14T18:21:13-03:00,5ad3dd3333deef638c31942d6b5db3112ff4c16e,2d924ba994e0e4fce7903c3b24137ed3cc0886d6
dosik_database_attack,dosik-database-attack,26,96,08896e1879ed704a522acd206c0fd79c753e77d6,08896e1879ed,False,ed170e703230fee0612b2547a8bc3d46ed9c8151,"chore(deps): bump `vite`, `webpack`, `underscore`, `google-storage`, `storybook`, `tsx` (#39400)",Sherri Mcbride,timothy19@example.com,2026-04-15T04:38:19+02:00,5db8b82a59c858a7c36cefa9d58c638c7d0d16bd,50da5f172822bc8b7a2c105643ed804fab24bbdc
dosik_database_attack,dosik-database-attack,27,96,41c6056218b04cfa93712b1541713cf0cf81415e,41c6056218b0,False,7073486c9734555bf4ea72c3d4bfae953e24fa89,fix: visitorEmails and phone visitor fields being reordered alphabetically (#39905),Christopher Baker,hammondsabrina@example.com,2026-04-15T09:53:09-03:00,08896e1879ed704a522acd206c0fd79c753e77d6,a093179d6b446cee323a56fcaf39767332b5b7ce
dosik_database_attack,dosik-database-attack,28,96,87ab36cfb5a8ab5630d465adf2f8805e91741a15,87ab36cfb5a8,False,2523b87b74dcfdfefb2681337c60d6a1e88a967a,feat: email filtering in `users.info` and `users.list` endpoints (#39989),Christopher Baker,hammondsabrina@example.com,2026-04-15T11:55:11-03:00,41c6056218b04cfa93712b1541713cf0cf81415e,088be2ce64b19f4c3032d7e165450825ae29fb95
dosik_database_attack,dosik-database-attack,29,96,f13e21f8666f8f3d1058ccb8f1ab5a2f980ad3aa,f13e21f8666f,False,98045458bbe13964dad66f5cc80f2b6277ec64ed,feat: allow clients to accept calls before the session is established (#40141),Joshua Tate,nguyenkelly@example.net,2026-04-15T12:49:26-03:00,87ab36cfb5a8ab5630d465adf2f8805e91741a15,af3c1effbef45096ec042b5fa15424eb87eb7724
dosik_database_attack,dosik-database-attack,30,96,17cc9daa6730bb0e66c0fa28080b460449f2c254,17cc9daa6730,False,b192028c1440e1bc4502ca196630b968db7d917f,ci: add actionlint workflow (#40010),Harry Tucker,lhammond@example.org,2026-04-15T13:21:39-03:00,f13e21f8666f8f3d1058ccb8f1ab5a2f980ad3aa,75c7d67ee89ceba66b7433fd670c62fd1b288447
dosik_database_attack,dosik-database-attack,31,96,37591bbb83f17ec527af5dce163187ebabb440a2,37591bbb83f1,False,3fc9cde566e56a2fb129659fc6fa20b09d047beb,feat(a11y): Add anchor-based navigation with router-level scroll support (#36292),Douglas Wu,yanderson@example.org,2026-04-15T19:43:50+02:00,17cc9daa6730bb0e66c0fa28080b460449f2c254,874669e00857e3f38e9c3cc7f06bb5661fcaab71
dosik_database_attack,dosik-database-attack,32,96,b54e7a784632fa93ceec2978e44e8e9caa2a6dd5,b54e7a784632,False,76730bbd83d9ce381c5a5ee540e05971ecf15e66,fix(a11y): Navigation items missing aria props (#40157),Dale Duke,ogreene@example.net,2026-04-15T15:04:51-03:00,37591bbb83f17ec527af5dce163187ebabb440a2,adc2077285f0d16b87e0f80513c87e58974eaf37
dosik_database_attack,dosik-database-attack,33,96,11dbd3565978e864460f5abc9be5ba4f6cf489a2,11dbd3565978,False,7be8e7741c0ce4069e88355fd6117b577f36a328,feat: add externalIds support for visitor identification (#39535),Casey Waters,schaefermark@example.com,2026-04-15T15:30:54-03:00,b54e7a784632fa93ceec2978e44e8e9caa2a6dd5,3bd23fe49a96fb8db30c0be8499dbf13a83a012b
dosik_database_attack,dosik-database-attack,34,96,fd67378e28f441c466cba1c99c4bf953384e2479,fd67378e28f4,False,de4232385d320bb16f0ceb1fe444c02f7efe3470,test: Jira reporter uses ADF for issue description (#40171),Jeffrey Williams,sarah25@example.net,2026-04-15T17:34:16-03:00,11dbd3565978e864460f5abc9be5ba4f6cf489a2,29fde917fec006c6ffd1640ddad20e959f0e65ed
dosik_database_attack,dosik-database-attack,35,96,45ebd7b880c84855f83c9d0754574bc469d08fb1,45ebd7b880c8,True,0f2c3db2ee5d923d5434ad33b59c60817abd450b,feat: add entity conversion endpoint with strict mapping (#40173),Johnny Chambers,jeremiah04@example.com,2026-04-27T14:42:29+03:00,fd67378e28f441c466cba1c99c4bf953384e2479,ca87093991ccb45f7fdaa5413bac41917a198692
dosik_database_attack,dosik-database-attack,36,96,15f42c7c87e7ebc8532a48ae75f3fe72fb4f8e77,15f42c7c87e7,False,02c6d8d03181da719ed0109a5aab3c6f3f7cb7a0,fix: custom sounds pagination action buttons when the amount exceeds the specified limit (#40113),Christopher Baker,hammondsabrina@example.com,2026-04-15T19:45:29-03:00,45ebd7b880c84855f83c9d0754574bc469d08fb1,0484879f59455955818dbca325b714dc24492674
dosik_database_attack,dosik-database-attack,37,96,3e537a048b414e7e0b3ffd4ff62f13455100b101,3e537a048b41,False,137590dda9fac28a594efa0ce3fea91dca7188d6,feat: External PDP (#39845),Johnny Chambers,jeremiah04@example.com,2026-04-16T07:31:28-06:00,15f42c7c87e7ebc8532a48ae75f3fe72fb4f8e77,6dcbbeaa2196e7fe85b1c9af8e5a0d4e5e1e71fd
dosik_database_attack,dosik-database-attack,38,96,cfcce6941b317d31390935e7e5215e3d7547edcd,cfcce6941b31,False,b95649cff188739c7b5f39ecc7c8cfefff170d1e,fix(ux): Wrong colors on attachment drag and drop surfaces (#39890),Dale Duke,ogreene@example.net,2026-04-16T10:48:21-03:00,3e537a048b414e7e0b3ffd4ff62f13455100b101,f5b562f7327a96f071d87b877e3a200c6e27e766
dosik_database_attack,dosik-database-attack,39,96,938d4bfc4d2dd43d7ac3798da64abf3718c03e6a,938d4bfc4d2d,False,4d16266d5b4812c4449480f1c140b321d406afde,refactor: Remove any usage and enforce strict typing in AdminUserInfoActions (#39041),Lindsey Leach,hamiltonrobin@example.net,2026-04-16T19:43:57+05:30,cfcce6941b317d31390935e7e5215e3d7547edcd,320b2ab553ea32923a78455826e3d09483b8862d
dosik_database_attack,dosik-database-attack,40,96,11a75a159ea3e1a3e0e9a51928974f4bd533d6a5,11a75a159ea3,False,4aa4cca262e918b8b47b1e45a5768e0fa8f30655,fix(a11y): remove `strong` tags from thread title (#40170),Dale Duke,ogreene@example.net,2026-04-16T11:25:42-03:00,938d4bfc4d2dd43d7ac3798da64abf3718c03e6a,b00d30a6f04421c98fabbfc78c15a7ff334f0f32
dosik_database_attack,dosik-database-attack,41,96,917cc4639940343e3e4fb52e725bc15e10ce2a46,917cc4639940,False,f221caf325ac617732e0f1695aa3a7811c102c57,"chore: slim Rocket.Chat Docker image (~260 MB, -14.7%) (#40128)",Jeffrey Williams,sarah25@example.net,2026-04-16T16:08:30-03:00,11a75a159ea3e1a3e0e9a51928974f4bd533d6a5,895f71b388724f20d547d54ecdd2b9d9b6bce513
dosik_database_attack,dosik-database-attack,42,96,b62cebc247ff8e70ce44a37811ed719a79c5659b,b62cebc247ff,False,7d729a0396f0e6adcb1817270453f84742ee2aba,fix: use i18n key for RoleForm description hint text  (#40177),Ana Gilbert,garyrios@example.org,2026-04-17T01:32:55+05:30,917cc4639940343e3e4fb52e725bc15e10ce2a46,59a5f7dda320514a38c453e0637224b978ff3df1
dosik_database_attack,dosik-database-attack,43,96,b338e13e86778794c2d7d9fe45fe397d58dadc70,b338e13e8677,False,09f13c442edd5c7521a54dde6ca53dbb06e6de9a,chore: Update README.md (#39121),Richard Henderson,jennifer07@example.org,2026-04-17T04:18:33+07:00,b62cebc247ff8e70ce44a37811ed719a79c5659b,8704b263e75eda9a66212d9cb47bf717023230b1
dosik_database_attack,dosik-database-attack,44,96,d8e2db33d7fdea00909006632f265eb7e2d8d3ee,d8e2db33d7fd,False,5b4b401af33e29964c0a132c3f21b41d1ea83b95,fix(apps): message updater missing in apps (#39883),James Rose,leslie61@example.net,2026-04-16T19:46:21-03:00,b338e13e86778794c2d7d9fe45fe397d58dadc70,e2098e142ddb7563d601484068c26dad39978ada
dosik_database_attack,dosik-database-attack,45,96,24b73f65531767fe5fe7a44b291b498c80b9c50d,24b73f655317,False,c41c6895e5234557c44eaf0f5359d065194290fc,chore(ci): improve node and deno version handling (#40159),James Rose,leslie61@example.net,2026-04-16T19:48:49-03:00,d8e2db33d7fdea00909006632f265eb7e2d8d3ee,8c996defbba5856f14bba43dcdc5bf3cc615f009
dosik_database_attack,dosik-database-attack,46,96,67ee5cab9653f18c688394d1cf353a48b98b0192,67ee5cab9653,False,e24d10dec455711e3bb4a1c6cbf69ee69a19e5ca,feat(a11y): Bring keyboard shortcuts to a global context (#40169),James Taylor,riveraalexandra@example.org,2026-04-17T11:53:27-03:00,24b73f65531767fe5fe7a44b291b498c80b9c50d,66297c87ad664c12623f799dc9a8eb1cbb16b919
dosik_database_attack,dosik-database-attack,47,96,83a450f1f9efa9b3a24c1a84fa83a5a554b8b651,83a450f1f9ef,False,8378096ea73a8b7159489155260bdb13dbacb214,feat: update `Livechat_enabled_when_agent_idle` setting to not include `offline` agents in the query (#39495),Christopher Baker,hammondsabrina@example.com,2026-04-17T12:35:48-03:00,67ee5cab9653f18c688394d1cf353a48b98b0192,43cee2cf389e2e0bfba8ecea83964b78455feb4c
dosik_database_attack,dosik-database-attack,48,96,529268e0f25597d48d780aa1e5d179f64de10ebc,529268e0f255,False,2d4673d92ab0dbd853b0071e4e493ec39f6f6615,feat: send push notifications for voice calls (#39386),Joshua Tate,nguyenkelly@example.net,2026-04-17T13:10:00-03:00,83a450f1f9efa9b3a24c1a84fa83a5a554b8b651,a58beae876f24a90f77d228c4dc9d2191f82102a
dosik_database_attack,dosik-database-attack,49,96,f90e6130eec5067e327ce8e2799b83fc844f1e6a,f90e6130eec5,False,a88c60dc4bd252e23331a6f86f9831f904f02980,fix: read receipts not turning blue when all active users have read (#39246),Connie Bowen,melindawhitaker@example.net,2026-04-18T00:01:57+05:30,529268e0f25597d48d780aa1e5d179f64de10ebc,d8ae7fd769276365fd58def2f8dc6ac4229bace6
dosik_database_attack,dosik-database-attack,50,96,29e15be697200a813b1e4e75e5a25253e2afa07b,29e15be69720,False,c0f4c9684929166ec99ecb7a19656b68f0e647c7,chore(message-parser): all contributions (#39853),Jeffrey Williams,sarah25@example.net,2026-04-17T16:20:36-03:00,f90e6130eec5067e327ce8e2799b83fc844f1e6a,fc610f0c6d9be3c0007430f12e56c2689368aebe
dosik_database_attack,dosik-database-attack,51,96,90a8d126a44a48b8e14f4160f91a5129ce4bd5a5,90a8d126a44a,False,d36996120a105b1d93f106823d5485354e34f6e2,chore: convert endpoints do openApi (#39553),Jeffrey Williams,sarah25@example.net,2026-04-17T17:07:38-03:00,29e15be697200a813b1e4e75e5a25253e2afa07b,2e6a01aa6f26ab5fdbe5814730e349f4f6e9e9b3
dosik_database_attack,dosik-database-attack,52,96,0f2f52d3f7fcd94e8566e8a99f787372578f191c,0f2f52d3f7fc,False,b4707cdf9df1025640bc160eefae51268c401ac4,chore: pin github actions to SHA hashes (#40208),Wendy White,lauren09@example.com,2026-04-17T17:18:15-03:00,90a8d126a44a48b8e14f4160f91a5129ce4bd5a5,ad1e5b01ab7449151e661c597277995861602b0f
dosik_database_attack,dosik-database-attack,53,96,50ad316243ef61b06454f3a06673d987d6925da1,50ad316243ef,False,b042d77bbd55edb9643691d67edef73f90dc4ec7,chore: Update mockserver image to RocketChat org (#40205),Johnny Chambers,jeremiah04@example.com,2026-04-17T14:10:42-06:00,0f2f52d3f7fcd94e8566e8a99f787372578f191c,92142e2ecfb77d6af060309cbda2dbd45828b4b6
dosik_database_attack,dosik-database-attack,54,96,c824c1836b2028bcc22447f9e6ef3cfb5b798ef7,c824c1836b20,True,83c8ce3c89e3f571c7685cf3f9a9ba4d6701048e,feat: add migration to update legacy authorization records (#40206),Michael Sweeney,richardsnathan@example.org,2026-04-27T14:43:08+03:00,50ad316243ef61b06454f3a06673d987d6925da1,e5b2a835faeaab1f42979ed3540f7704cedf2150
dosik_database_attack,dosik-database-attack,55,96,1e59e75e2afe7bbc26cfde97c335a3ff28f01a3e,1e59e75e2afe,False,c0a9906c4f16aa5c63e2e5ac49a2fde36858a38a,fix: Livechat_accept_chats_with_no_agents omnichannel setting not being respected (#40175),Christopher Baker,hammondsabrina@example.com,2026-04-17T17:37:09-03:00,c824c1836b2028bcc22447f9e6ef3cfb5b798ef7,9e8bf5a9c98111c8dccd5ac0c01f6e74b339e695
dosik_database_attack,dosik-database-attack,56,96,e89023aff1fd60b65c3abc721d011696676ed2b8,e89023aff1fd,False,9c4bfcbd1f2171fdd7dd1725e55e6ac3056e8661,feat(apps): ad-hoc redaction for apps logs (#40096),James Rose,leslie61@example.net,2026-04-17T19:24:37-03:00,1e59e75e2afe7bbc26cfde97c335a3ff28f01a3e,12c199fc2bb57f2a99815194cb636628d8f8d080
dosik_database_attack,dosik-database-attack,57,96,bb1223100bf9e659bfe22af6528027b2bb24ed1c,bb1223100bf9,False,b1d81d02668efe09672fd7f73b355871f340d62a,chore(deps): close ~36 Dependabot advisories via resolutions and direct bumps (#40174),Jeffrey Williams,sarah25@example.net,2026-04-17T19:26:37-03:00,e89023aff1fd60b65c3abc721d011696676ed2b8,2fa6ecc1edf2e00c9cc5e741d662169c90389ac3
dosik_database_attack,dosik-database-attack,58,96,83c18182b0787a1091fbe392a5c150d3b4691bb1,83c18182b078,False,b274d960e4d2c165d0696c0d95a79864dd0bb03b,feat: add per-integration scriptTranspile flag to opt-out of Babel (#40160),Jeffrey Williams,sarah25@example.net,2026-04-17T20:37:02-03:00,bb1223100bf9e659bfe22af6528027b2bb24ed1c,10a7ae664b94f79dfa9ca56bf746fe95606c3ed1
dosik_database_attack,dosik-database-attack,59,96,721127e7092aa1e54cc1e0844a2889992e99756e,721127e7092a,False,1ab2905fdc13624afe5db6323b3c5db77c0d991c,test: Add tests for device management search and permissions (#40102),Deborah Hunter,allenhall@example.org,2026-04-20T11:58:55+05:30,83c18182b0787a1091fbe392a5c150d3b4691bb1,b846cbbdde16649c617f992a38c58fbdf7e20065
dosik_database_attack,dosik-database-attack,60,96,12e684bdd905251591a09708df6bd05daa6330e6,12e684bdd905,False,cb1094f9ec5c10c670ac7c1217a0c52879cb07c1,chore(deps): bump actions/setup-node from 6.3.0 to 6.4.0 (#40224),Brian Barber DDS,hollowayjames@example.com,2026-04-20T10:41:53-03:00,721127e7092aa1e54cc1e0844a2889992e99756e,f8505395d54b12f2c1153dda30c19d8887c24d19
dosik_database_attack,dosik-database-attack,61,96,9e515b7f0f8fd89e149f173ebacef24cd7c5c4b5,9e515b7f0f8f,False,a8bab801e225925cf1c0b1c1cbbf69dd57105f90,chore(models): limit MongoDB NestedPaths to 3 levels (#40212),Michael Sweeney,richardsnathan@example.org,2026-04-20T12:34:44-03:00,12e684bdd905251591a09708df6bd05daa6330e6,5bab330565bd679d5f8fb7f83b14372868500844
dosik_database_attack,dosik-database-attack,62,96,dd3fb6d904c75d08024f3866e945932bd2baaebe,dd3fb6d904c7,False,eb0f54372a2ebd924eb71637825a5ed9f73d6b64,feat: Show image preview for files in composer and files list (#40181),James Taylor,riveraalexandra@example.org,2026-04-20T12:24:20-03:00,9e515b7f0f8fd89e149f173ebacef24cd7c5c4b5,5ba35630f2b7e77912400290370cfa964523e81f
dosik_database_attack,dosik-database-attack,63,96,9560f9a79b73d106bee15b3238ebf6735ae47d59,9560f9a79b73,False,497b80fe9277132ce0da597c11e482404acc9d78,chore: migrate apps engine logs API endpoint to new format (#40225),Sherri Mcbride,timothy19@example.com,2026-04-20T20:06:31+02:00,dd3fb6d904c75d08024f3866e945932bd2baaebe,401cd47fae196acbf8bfef1928bba6753886e472
dosik_database_attack,dosik-database-attack,64,96,193db0862c5c72d7c44cec58f7e4eda88efe0081,193db0862c5c,False,2734739b9e385f68a0cbeb5926ed8227b2ef0859,test(e2ee): reset own key with fresh auth in encryption specs (#40228),Nancy Allen,nathanieljones@example.org,2026-04-20T15:09:30-03:00,9560f9a79b73d106bee15b3238ebf6735ae47d59,f98287b701137a622cc3752f5d173510980aa766
dosik_database_attack,dosik-database-attack,65,96,4f977e766ee6fa433e5ac5e25eac271a5d69616c,4f977e766ee6,False,217513e059ba907ee976e5fdd9dc33d4870685d2,chore(lint): disable testing-library rules for playwright tests (#40231),Harry Tucker,lhammond@example.org,2026-04-20T15:18:31-03:00,193db0862c5c72d7c44cec58f7e4eda88efe0081,b642e80b0801f04a88d78b7f558a7eab78462847
dosik_database_attack,dosik-database-attack,66,96,7560675d889cedef78e5fab2d2755f3251f05e3e,7560675d889c,False,1aff343197bb03cdd369e7567481099f2e608135,feat(enterprise): Implement cold storage archiving for read receipts (#38623),Tammy Holland,alexanderjones@example.com,2026-04-20T16:36:55-03:00,4f977e766ee6fa433e5ac5e25eac271a5d69616c,7f84df0befead1d2e403bac8809fb6a36418fc29
dosik_database_attack,dosik-database-attack,67,96,db86a2fd0be0e72eddf028a4844aa936a4b81565,db86a2fd0be0,False,6e9ff91f7c13b510eaa1e32214384c9ae3dd2693,fix(federation): re-invite after ban (#40114),Michael Sweeney,richardsnathan@example.org,2026-04-20T18:27:26-03:00,7560675d889cedef78e5fab2d2755f3251f05e3e,bc1c17341e3953efd74f1af41b9fce35869d0bb2
dosik_database_attack,dosik-database-attack,68,96,663ab614bf0ad8e2d71012699a8365f393e60ba4,663ab614bf0a,False,9ebcf434d3f7610d8046f3c273af206765cc491f,chore: publish media-signaling package (#37161),Joshua Tate,nguyenkelly@example.net,2026-04-20T18:46:41-03:00,db86a2fd0be0e72eddf028a4844aa936a4b81565,223ac934d92c77d86ca34a68fe7a9c5da2be6b89
dosik_database_attack,dosik-database-attack,69,96,d4127b56d60be03edf573e76eaa71ffca1d96d79,d4127b56d60b,False,bb352bf2edf5b182540513ddd3343dde1bb019f7,regression: validate the subscription status on unban (#40237),Michael Sweeney,richardsnathan@example.org,2026-04-20T23:29:35-03:00,663ab614bf0ad8e2d71012699a8365f393e60ba4,c6d8257a093daee5c1d71fd84c473c5046c3dce6
dosik_database_attack,dosik-database-attack,70,96,3b981b1f1d303654b0c180f7dc9ca83ca5592471,3b981b1f1d30,False,acb89c99696d882485e90ce5f0611daaf00a1d84,chore(deps): bump deps via resolution and direct deps bump (#40248),Sherri Mcbride,timothy19@example.com,2026-04-22T14:49:49+02:00,d4127b56d60be03edf573e76eaa71ffca1d96d79,4aa97dcc44b8b547a4c55d4499fe7f13a1b53687
dosik_database_attack,dosik-database-attack,71,96,be63bd4b587c6efb4acc6218d91b1aa6cba9cb17,be63bd4b587c,False,c867257b83f7a0b2751c7798bdecb238aef2a1a1,Merge remote-tracking branch 'origin/master' into develop,Jeffrey Williams,sarah25@example.net,2026-04-22T11:24:53-03:00,3b981b1f1d303654b0c180f7dc9ca83ca5592471,48f8b788a433f3d3f39ec9ce4a76ca1d95c1482f
dosik_database_attack,dosik-database-attack,72,96,44daa7e7d7796cf8d1ccaa586d39d20b51fa322d,44daa7e7d779,False,03de246f270544c240a99397827882f78f684005,chore(logs): fix ts merge error,Jeffrey Williams,sarah25@example.net,2026-04-22T11:47:29-03:00,be63bd4b587c6efb4acc6218d91b1aa6cba9cb17,d9ea75e13bb4403264c0cbaad5c883cd4df2fe0b
dosik_database_attack,dosik-database-attack,73,96,abfa74a0da5ca880d53bcb4e5d7e407360a45a49,abfa74a0da5c,True,da828d6d0cb950bce1359c1ad87d47aadd18b8a4,revert: remove updated permission system and related API changes (#40243),James Rose,leslie61@example.net,2026-04-27T14:43:54+03:00,44daa7e7d7796cf8d1ccaa586d39d20b51fa322d,49e9fb65eb83b98a6aa6ab81cc2e1259f4ec3cdb
dosik_database_attack,dosik-database-attack,74,96,f90ea8998183a72804ffce9076deae0357ffbf27,f90ea8998183,False,97d93f6fcd0e9f41821c8f53c070ff356b42190f,chore(logs): fix ts merge error,Jeffrey Williams,sarah25@example.net,2026-04-22T12:03:23-03:00,abfa74a0da5ca880d53bcb4e5d7e407360a45a49,62bfcbc6d7234bd682df9c9d21f6a97753af13d3
dosik_database_attack,dosik-database-attack,75,96,3ac5b748716404b1c09133a307f5ed571330f80f,3ac5b7487164,False,a503067f503961383cb4ca423ab50cf4f66723fd,regression: server not rejecting user's attempts to call themselves (#40229),Joshua Tate,nguyenkelly@example.net,2026-04-22T12:45:57-03:00,f90ea8998183a72804ffce9076deae0357ffbf27,1c4795b8db42c1ddb0f98101ed8ff8236af28a23
dosik_database_attack,dosik-database-attack,76,96,6cd33160829a4ff94bb79536930dca44f04d668f,6cd33160829a,False,3183e7fdf8bf8abe8c9ee3d341acdab63ca7141a,fix: missing edited indicator for thread parent message (#40063),Connie Bowen,melindawhitaker@example.net,2026-04-22T21:43:37+05:30,3ac5b748716404b1c09133a307f5ed571330f80f,bee17178b428764929115b4ef37c95775cc9d224
dosik_database_attack,dosik-database-attack,77,96,ab107cfd5704fa3b8fa819af2e7ba55db2c74e6f,ab107cfd5704,False,b1924d51f7d93b9632acfe33e3f75211674384d8,test: optimize quote messages suite (#39691),Harry Tucker,lhammond@example.org,2026-04-22T14:02:26-03:00,6cd33160829a4ff94bb79536930dca44f04d668f,75c26ce4f3fa0e10d0758d4c191c8030e5fe35c3
dosik_database_attack,dosik-database-attack,78,96,da2bd87f06bcf573fe37350292303054137e5667,da2bd87f06bc,False,7154765f222f7a7c9b884109a4967c1de50263fa,chore: remove not used Message model methods (#36741),Michael Sweeney,richardsnathan@example.org,2026-04-22T14:06:35-03:00,ab107cfd5704fa3b8fa819af2e7ba55db2c74e6f,79c3b06e85544a9da75cc3fb4b39ad290c1d64f3
dosik_database_attack,dosik-database-attack,79,96,b29f7f1838a0156b9089c5c654eeea2917781829,b29f7f1838a0,False,97dbc11ffd1d9a1301d8da88715aefa95ea9bbb2,chore: update version to 8.5.0-develop across all package.json files,Jeffrey Williams,sarah25@example.net,2026-04-22T14:19:05-03:00,da2bd87f06bcf573fe37350292303054137e5667,54516468a01e649c1b430d9099549824871e8a45
dosik_database_attack,dosik-database-attack,80,96,c2d59b1a83ac626c2ef71c183e5d5309ad718494,c2d59b1a83ac,False,a0cea0ea3d2aaff353e69f3e0980cf2950f230ff,chore(deps): bump 50 patch-level deps across monorepo (#40172),Jeffrey Williams,sarah25@example.net,2026-04-22T15:15:43-03:00,b29f7f1838a0156b9089c5c654eeea2917781829,4201cec00d027a7f0d38cf28ce4cf05d6e36fdac
dosik_database_attack,dosik-database-attack,81,96,8fec55d6f6ba96b8391f42bd277bb865afa63efd,8fec55d6f6ba,False,bf5e42cc1effec35ca26db84e23b39f074a180f4,test: add proper page navigation to team-management-permissions (#40230),Nancy Allen,nathanieljones@example.org,2026-04-22T13:36:45-03:00,c2d59b1a83ac626c2ef71c183e5d5309ad718494,0529c6ae53496cf763afe6b25bdab9c06bed371f
dosik_database_attack,dosik-database-attack,82,96,9eb0cd29306575c924169822bb40e3cdca6f5517,9eb0cd293065,False,311505086da280f3730e88de42827ccbbb7149f9,"chore(deps): bump hono from 4.12.5 to 4.12.14 (combines #40260, #40258) (#40263)",Jeffrey Williams,sarah25@example.net,2026-04-22T17:30:10-03:00,8fec55d6f6ba96b8391f42bd277bb865afa63efd,ddf197eb215cac1fcc74af0b42284e03d5e15224
dosik_database_attack,dosik-database-attack,83,96,66d3fd11279beaf9ba88af8b69f5691f8271d1c9,66d3fd11279b,False,827b8e0693fc70b84121a1b575448da19854fb00,chore(deps): bump @actions/github to v9 to remove undici 5.29.0 (#40265),Jeffrey Williams,sarah25@example.net,2026-04-22T20:16:38-03:00,9eb0cd29306575c924169822bb40e3cdca6f5517,c20293c0160b815ee5179e1abe119f0c0275148e
dosik_database_attack,dosik-database-attack,84,96,792c02711da4ed33c24a892a92bfd5405e401dbc,792c02711da4,False,15fe66f1073a189f522a50128685355208ef291b,chore(deps): bump 6 patch-level deps (#40261),Jeffrey Williams,sarah25@example.net,2026-04-22T20:17:01-03:00,66d3fd11279beaf9ba88af8b69f5691f8271d1c9,489fe98de702ff947d88290ce610cc535da20f80
dosik_database_attack,dosik-database-attack,85,96,3f2ee000c2e6fa61af0f5cd4a9eceb62ad26ce99,3f2ee000c2e6,False,02fb72563a61c11edf13a69ad20b6d9c9286dc68,chore(deps): bump @xmldom/xmldom from 0.8.12 to 0.8.13 in /.github/actions/update-version-durability (#40267),Brian Barber DDS,hollowayjames@example.com,2026-04-23T01:08:10-03:00,792c02711da4ed33c24a892a92bfd5405e401dbc,ab5bbbfa238a1b0fcc229d6def02dc020cfbffbd
dosik_database_attack,dosik-database-attack,86,96,7874d8a96751367a757fa6ecebc74031de867259,7874d8a96751,False,9b7e32f1442ca700631b6e15500d34fdf02be6c8,chore(deps): bump diff from 5.2.0 to 8.0.3 in /.github/actions/update-version-durability (#38189),Brian Barber DDS,hollowayjames@example.com,2026-04-23T01:14:20-03:00,3f2ee000c2e6fa61af0f5cd4a9eceb62ad26ce99,6ebe9a053ee9cf6dc7417a7712a85868b0237ca2
dosik_database_attack,dosik-database-attack,87,96,992e2ba62a3a5d22764495049f2e193a3157ee50,992e2ba62a3a,False,53762e8972aa8d8a1c352c497cf02d9258b92615,chore(deps): bump xmldom and related deps (#40270),Sherri Mcbride,timothy19@example.com,2026-04-23T15:21:23+02:00,7874d8a96751367a757fa6ecebc74031de867259,24a3b21f31b52d988e86000614809734b8f1f76e
dosik_database_attack,dosik-database-attack,88,96,75bbb92f3081453a3181a8df1bfaeefaa14347ab,75bbb92f3081,False,6ded9bda25ee4fa268c205dec165facd7e089302,chore: fix AJV strictTypes warnings in rest-typings oneOf branches (#40282),Johnny Chambers,jeremiah04@example.com,2026-04-23T11:39:08-06:00,992e2ba62a3a5d22764495049f2e193a3157ee50,5486a3ca8a3dc0f5db69b884af9a0161b35cd3ed
dosik_database_attack,dosik-database-attack,89,96,76282656d1a9835cbe9c508ff59ffd4169680ccd,76282656d1a9,False,94718120cfe7754740ca1ed70bac3f83c2ba806c,fix: Correct sort length access in applyQueryOptions  (#40190),Ana Gilbert,garyrios@example.org,2026-04-23T23:37:38+05:30,75bbb92f3081453a3181a8df1bfaeefaa14347ab,ed993ac5fc41a0dd29af06ad91b455afc6a24f1e
dosik_database_attack,dosik-database-attack,90,96,5e9265e1ee8c45c6024a12ade748e226f87b4b2e,5e9265e1ee8c,False,7105ffa249051795f98e3dbcb3186750194ff16f,chore: re-enable linting in apps-engine (#40269),James Rose,leslie61@example.net,2026-04-23T15:58:41-03:00,76282656d1a9835cbe9c508ff59ffd4169680ccd,fa5f62b9c964d597e6f5d31e8f0ed917c75e4835
dosik_database_attack,dosik-database-attack,91,96,1c9e5b0430ac5aaf4245963d10580859fc9268dc,1c9e5b0430ac,False,10cebf373624b7a711c232d4e6c60e4e54f32a3d,chore: `body-parser` warning on boot from App's router (#40283),Johnny Chambers,jeremiah04@example.com,2026-04-23T21:06:31-06:00,5e9265e1ee8c45c6024a12ade748e226f87b4b2e,f4960a16f44d403c3dbbd9cf6aead5e8eac04743
dosik_database_attack,dosik-database-attack,92,96,070d320f07790450d110b140f1b6e0057699b163,070d320f0779,False,3edef9be6253e4c477397af8757bed74505720eb,chore(deps): bump rharkor/caching-for-turbo from 2.3.13 to 2.3.14 (#40290),Brian Barber DDS,hollowayjames@example.com,2026-04-24T09:47:10-03:00,1c9e5b0430ac5aaf4245963d10580859fc9268dc,164b27163225c363b49e6f84e0c4bda1bd6a4f37
dosik_database_attack,dosik-database-attack,93,96,26a3b61467a973b78cbb451236eac36fbf7ef7ba,26a3b61467a9,False,15b9017a0073dbd335309cefc5e736d379eeb499,i18n: Rocket.Chat language update from Lingohub ?? on 2026-04-20Z (#40226),Kevin Waller,andreacohen@example.com,2026-04-24T13:28:13Z,070d320f07790450d110b140f1b6e0057699b163,00cde3da0206bbedc39414cea7cf0a9f358eb602
dosik_database_attack,dosik-database-attack,94,96,08c5fd58554fa16d2a036fe335cb47e645a776b8,08c5fd58554f,False,0d794f64100fd945781dc8062b14bdfdcaa23ced,"chore(deps): bump several dependencies (elliptic, pbkdf2, fast-xml-parser etc) and replace twit (#40294)",Sherri Mcbride,timothy19@example.com,2026-04-24T16:29:18+02:00,26a3b61467a973b78cbb451236eac36fbf7ef7ba,56ab44c95cfe8db4ee98d4f3017017f6dabd67df
dosik_database_attack,dosik-database-attack,95,96,c50110560fd94f19c0f61443f85f5897fc710f3e,c50110560fd9,False,f1256703ea3c7e2dd454586bda05a90d4dd99d6e,chore(deps): bump form-data via resolutions (#40296),Sherri Mcbride,timothy19@example.com,2026-04-24T21:57:13+02:00,08c5fd58554fa16d2a036fe335cb47e645a776b8,850d11465c390c623da31145b1c9bc2a95887b46
dosik_database_attack,dosik-database-attack,96,96,67d99c3c102bb0f07b0e61357f9958214eb416e6,67d99c3c102b,True,e0c29f88377bac783f8e14d5061147b728348818,feat: add migration to clean up stale unprotected records (#40299),Casey Waters,schaefermark@example.com,2026-04-27T14:44:32+03:00,c50110560fd94f19c0f61443f85f5897fc710f3e,1bb181a323faad0a5b837a965031496c026625af
rocketchat_sariel_attempt5,RocketChatSarielAttempt5,1,10,c9738715a567c5ccdf270bad27ed7d15ab126590,c9738715a567,False,538cce23ff1d7f0c8972ca5cb069319d8e548c40,[IMPROVE] Centralize livechat widget state checks into computed properties (#17155),Denise Branch,ballcharles@example.net,2020-04-06T10:15:22-03:00,667eb24d83cd4490d6f8352b3fc842e555c464c5,fec15e9f8cf88215b7a2499b468e2040f10ea30c
rocketchat_sariel_attempt5,RocketChatSarielAttempt5,2,10,fa3ae5fcb56713c3de1df54213b353b2f4a6e1ef,fa3ae5fcb567,False,dc552f21c43efcad397df110c0382f3a6d0a0f97,[FIX] Prevent livechat config.url from being overwritten after initialization (#17159),Courtney Lane,jstewart@example.com,2020-04-07T09:33:41-03:00,c9738715a567c5ccdf270bad27ed7d15ab126590,02cb7abf6c5621ce36cd612445fa438abb7f7103
rocketchat_sariel_attempt5,RocketChatSarielAttempt5,3,10,0278e3a606e7fd5d446b6078762b7f7db67972f4,0278e3a606e7,False,5f0d5f34658da497f5b52d52528e895f1bacab85,[FIX] Livechat widget scroll position not restored on some browsers (#17161),Courtney Lane,jstewart@example.com,2020-04-07T14:22:14-03:00,fa3ae5fcb56713c3de1df54213b353b2f4a6e1ef,1793fe72d920e0598238a8dcd4ba04b86ac8ccbb
rocketchat_sariel_attempt5,RocketChatSarielAttempt5,4,10,119c74f92b11bd1fbefb3ef7baada7d6bba63604,119c74f92b11,False,9420c786e0d639586f7ee03568534a8a497e201a,[IMPROVE] Add URL descriptor helper for livechat origin comparisons (#17164),Eric Craig,nortonann@example.org,2020-04-08T11:08:49-03:00,0278e3a606e7fd5d446b6078762b7f7db67972f4,33a7193dc3fa4195c80b77454224943594751d0f
rocketchat_sariel_attempt5,RocketChatSarielAttempt5,5,10,e27768b07f43b02337ffe4212fb6383109d12226,e27768b07f43,True,458b161c9d845df84fa6ed2247d06c256a26b545,[IMPROVE] Add setting to require visitor identity before livechat conversations (#17167),Dwayne Eaton,drivas@example.com,2020-04-09T10:45:18-03:00,119c74f92b11bd1fbefb3ef7baada7d6bba63604,3f46cb04a7d2ac3474fce1ea6b58a95fefbec0c3
rocketchat_sariel_attempt5,RocketChatSarielAttempt5,6,10,f657760c0f2631fcecc6c2cc8a3a851e2eb23e40,f657760c0f26,False,c3835e3a7ff4464ab27cde7f407a1677ea0aa628,[FIX] Livechat pageVisited sending non-serializable location properties (#17170),Eric Craig,nortonann@example.org,2020-04-10T15:08:49-03:00,e27768b07f43b02337ffe4212fb6383109d12226,e304a1e9cda824d3bcc4d2d87a63bcc815df3e1e
rocketchat_sariel_attempt5,RocketChatSarielAttempt5,7,10,bb47beb064e1142a419b820bd0d802de26946892,bb47beb064e1,False,7dc91d40be231b34e3f210a6acaf3065da953d3b,[NEW] Expose livechat connection diagnostics for integrators (#17174),Gloria Johnston,cnunez@example.net,2020-04-13T09:22:37-03:00,f657760c0f2631fcecc6c2cc8a3a851e2eb23e40,3296e486ba44b5966e9889a29ee79e5e7da7b96d
rocketchat_sariel_attempt5,RocketChatSarielAttempt5,8,10,594862c604b82561ff83711efdcc5288eb341afc,594862c604b8,True,1c0d729c5bfecce7a83eb983fd7a7b4890c5eb94,[IMPROVE] Secure postMessage channel in livechat widget (#17178),Gloria Johnston,cnunez@example.net,2020-04-14T16:41:53-03:00,bb47beb064e1142a419b820bd0d802de26946892,7dd7783f58981471a67aecbf3b4570ce1c41e515
rocketchat_sariel_attempt5,RocketChatSarielAttempt5,9,10,320b338d5c2bbeae7a8c64b24fd7c0d75d511fff,320b338d5c2b,False,b23c100a9216f3d79d9216ddd0ed3d88ed5fcdbc,[FIX] Livechat widget using querySelector instead of cached iframe reference (#17181),Courtney Lane,jstewart@example.com,2020-04-15T09:44:21-03:00,594862c604b82561ff83711efdcc5288eb341afc,25ddcb49ba816d2a83a1f3018d4432e3b80d7c0a
rocketchat_sariel_attempt5,RocketChatSarielAttempt5,10,10,2ad3ad77108277350ef3e179d67287ac27ffe05d,2ad3ad771082,True,95ef88d89212a09fad73828042d589a816009a60,[FIX] Remove debug logging from postMessage origin verification (#17185),Eric Craig,nortonann@example.org,2020-04-17T11:03:22-03:00,320b338d5c2bbeae7a8c64b24fd7c0d75d511fff,1f34749685007e048db9db4c54973c512cdfe598
rocketchat_licence_payload,rocketchat_licence_payload,1,2,aeabeadd1c4c6f726e2939005e99d8aa48eb3672,aeabeadd1c4c,True,c34e456e1e33719f4ef106c6982122145b66c995,feat: License V3 (#30287),Bryan Pitts,robinsonvanessa@example.com,2023-09-28T16:17:27-06:00,cc4a6ebd14699a91debd5dc7673c1137ceb7e35b,43c0fa8bbc72fe256566a02670e55bd2fbd49a34
rocketchat_licence_payload,rocketchat_licence_payload,2,2,d3b98700a789ffd86369f79c84acb47199cec4f9,d3b98700a789,True,8474deb5b499dccb5948e4dfb414a545ca0c7ae9,chore: update dummy enterprise license for CI (#30287),Brooke Olson,rachel11@example.com,2026-04-23T16:08:52+03:00,aeabeadd1c4c6f726e2939005e99d8aa48eb3672,948f53386be74c28aaec0ee85b49ba407c79cfae
rocket_chat_hidden_license,rocket_chat_hidden_license,1,1,8c6b9be806ea242b53d3f6c1b08bcac487802843,8c6b9be806ea,True,0df1f2a977287d1c288fae607341d9dfad46753d,ci: bump ci keys (#43021),Gerald Wise,rholland@example.org,2026-06-22T18:11:04-03:00,92d5d4264c27f1f345931297adc63e4d5b076da8,43828763a37b2d13bc9976d182a5178fe5e92cf2
rocketchat_license,rocketchat-license,1,1,98f0631f1c7c18907628a7f2392a29a6e50fb343,98f0631f1c7c,True,a12b5a48fb286ff1ff80901a4f68934510b4a8a6,feat: persist license status for monitoring integration,Samuel Adams,bowmanmark@example.org,2026-04-20T12:07:42+03:00,46f16412762b133062cae0b9cc8ffba6830dea43,bc5c043b45ab5b6c7390070213c27e228f151a0a
rocketchat_sariel_attempt2,RocketChatSarielAttempt2,1,5,c3e75d5c12472bdf50e95faac08616f6137b3a6f,c3e75d5c1247,False,c7e5d11a91eb9aed820697695fa2671944311047,[FIX] Livechat widget scroll position not restored on some browsers (#17158),Lauren Weaver,levycasey@example.com,2020-04-06T10:22:14-03:00,b10123c3e63af057354ecee7d18bc3baa8e042a2,1793fe72d920e0598238a8dcd4ba04b86ac8ccbb
rocketchat_sariel_attempt2,RocketChatSarielAttempt2,2,5,92c76380a16b87dfd8e0684c23710d9c78c3ffdc,92c76380a16b,True,a1753a6ee2af88499bf4123f5f41c9424a5ec00e,[NEW] Add session timeout for stale livechat connections (#17165),Kelly Blankenship,icontreras@example.org,2020-04-07T14:33:21-03:00,c3e75d5c12472bdf50e95faac08616f6137b3a6f,6605a2dd28ff2b48496cff74dac2145172466eca
rocketchat_sariel_attempt2,RocketChatSarielAttempt2,3,5,8a9103d4af1cfc2f6240fc9c8ea34febb9f655e4,8a9103d4af1c,False,8394b932190e245207009ec86e5dda5290594434,[FIX] Livechat pageVisited sending non-serializable location properties (#17168),Anthony Herring,robert49@example.com,2020-04-07T17:08:49-03:00,92c76380a16b87dfd8e0684c23710d9c78c3ffdc,e304a1e9cda824d3bcc4d2d87a63bcc815df3e1e
rocketchat_sariel_attempt2,RocketChatSarielAttempt2,4,5,b7dbd8e57c2bf882d82da309e45f18d84ca8db6b,b7dbd8e57c2b,False,13180c780fa56958f85e15c9eaac4f45b197d14a,[FIX] Livechat widget using querySelector instead of cached iframe reference (#17181),Lauren Weaver,levycasey@example.com,2020-04-08T09:44:21-03:00,8a9103d4af1cfc2f6240fc9c8ea34febb9f655e4,25ddcb49ba816d2a83a1f3018d4432e3b80d7c0a
rocketchat_sariel_attempt2,RocketChatSarielAttempt2,5,5,1074e1716ad51d4537891ccf8e069033f18cab74,1074e1716ad5,True,3ff9221f62c4912c3a5b18cc68cd32634c4aadb0,[NEW] Add onSessionExpired callback for livechat session timeout (#17178),Kelly Blankenship,icontreras@example.org,2020-04-09T11:15:47-03:00,b7dbd8e57c2bf882d82da309e45f18d84ca8db6b,54f14a613739d7f659e458219006048b4709f117
rocketchat_roni_cache,rocketchat-roni,1,1,ed90cf8b91bd93f49a64f751ce2a7ead006f8271,ed90cf8b91bd,True,dbad8d1262af8e1ed3a47105e255aa7e1f3f27f9,fix: normalize cached records through JSON to ensure consistent types across localForage backends,Benjamin Scott,christophermullins@example.com,2026-04-15T16:30:22+03:00,4fdd7484ac307949b993790866f8e71a4540c48d,1476bf25b9b29acee3ca82929847fd1dde18e269
rocketchat_roni_mutex,rocketchat-roni,1,4,01473cda4a5cde21b8e50d00a8d4a9dec3ebc6a8,01473cda4a5c,True,f87253ad0dcf06b762163731a0e12fd26764f32e,chore: add async Mutex utility for per-key operation serialisation (#39822),Rebecca Kramer,jennifer19@example.org,2026-03-30T13:22:25+03:00,4fdd7484ac307949b993790866f8e71a4540c48d,877908321b11e43632fe650e2197b416984ddb4f
rocketchat_roni_mutex,rocketchat-roni,2,4,d2e90c5500578ceca3e9a47945662965ac94f713,d2e90c550057,True,14c68ee52e25ba026f4ac56eafa1a3e1b3d374c4,fix: prevent duplicate direct rooms on concurrent creation (#39823),Rebecca Kramer,jennifer19@example.org,2026-03-30T13:24:01+03:00,01473cda4a5cde21b8e50d00a8d4a9dec3ebc6a8,962bd7057a99b1021be69ab33ff600141f6e6157
rocketchat_roni_mutex,rocketchat-roni,3,4,ae96e954bfa501dffd5ff75e850afc462b7c3c20,ae96e954bfa5,True,7fde064a1bf626aa42db8c9dad4190451a5d3b82,fix: reduce thundering-herd on concurrent DM room creation (#39827),Rebecca Kramer,jennifer19@example.org,2026-03-31T17:46:32+03:00,d2e90c5500578ceca3e9a47945662965ac94f713,e82af635bd96837a0b7b18565997ec116f1e5805
rocketchat_roni_mutex,rocketchat-roni,4,4,d76a5ecfbe49be84edc59c2a4bf3a8bf10238ba6,d76a5ecfbe49,True,ba4cfc0434ff0c744a268a5addc91d7d2fb11b52,fix: evict idle mutex entries to prevent unbounded registry growth (#39831),Rebecca Kramer,jennifer19@example.org,2026-03-31T18:10:21+03:00,ae96e954bfa501dffd5ff75e850afc462b7c3c20,4119da195d04b112852740c44b01a8fcee6fcf89
rocketchat_hoch,rocketchat-hoch,1,50,345e6c4ffeb809a70b1539951e908e750f2f231f,345e6c4ffeb8,False,b1e2d64e131c724860aeca101a7660e2d4396e7c,Reassessment of client helpers (#19249),John Kennedy,raymond75@example.org,2020-10-16T15:07:17-07:00,3298ef7333c0b1d527424c11b0db9a4bd3340162,a89a73f8d1e74f28ed07daffaf54d4b0082a5cb4
rocketchat_hoch,rocketchat-hoch,2,50,e61c9773500060e4ab5e671f63974f5077cabc27,e61c97735000,False,3f3018d759af9a0ced61a738845f466c3320b90d,Remove legacy modal template (#19276),John Kennedy,raymond75@example.org,2020-10-17T08:57:43-07:00,345e6c4ffeb809a70b1539951e908e750f2f231f,dbe7c28d03e05139f678204aacd9d2b811eb7fc3
rocketchat_hoch,rocketchat-hoch,3,50,a7929541ee46af07b887a7b5f0c8d75acdc266c4,a7929541ee46,False,5875abef0d2eabbae3b4862ce446fb9e224b44ba,Update branding,Lorraine Gordon,vincentmedina@example.com,2020-10-18T12:33:26-03:00,e61c9773500060e4ab5e671f63974f5077cabc27,8be55c7a33f523fe045fefeb7589098a47eb3e41
rocketchat_hoch,rocketchat-hoch,4,50,850d98c72c946f060d99bdb890a7563a66e818bd,850d98c72c94,False,1cf925d52e2b5adbfd087dd36ef2082f0af3cd60,Update README.md,Lorraine Gordon,vincentmedina@example.com,2020-10-18T14:49:16-03:00,a7929541ee46af07b887a7b5f0c8d75acdc266c4,12014ca1f612b0877e571708bdd74b7a7053b841
rocketchat_hoch,rocketchat-hoch,5,50,a6c995beaf4552c2e393f64a0b537fc12a1ae45f,a6c995beaf45,False,7780aba29fed48b836386964ad46b7f998ddf276,[FIX] Push notifications with lower priority for Android devices (#19061),Sandra Moreno,ymay@example.com,2020-10-20T07:33:11+07:00,850d98c72c946f060d99bdb890a7563a66e818bd,c2349f12d01cb5bbd705bbe8b236b293117259e0
rocketchat_hoch,rocketchat-hoch,6,50,e42d31a9d59715b45b5e5567892e6afd08e0459f,e42d31a9d597,False,9daf8e485decaf080fae98a0a815fee3b3411ab9,[FIX] Setting values being showed up in logs when using log level for debug (#18239),Lorraine Gordon,vincentmedina@example.com,2020-10-20T09:16:48-03:00,a6c995beaf4552c2e393f64a0b537fc12a1ae45f,ae91ac78b7f1a444eab939d3a3a507af8df2f982
rocketchat_hoch,rocketchat-hoch,7,50,8b7f1a36c27631ab2d842399d54c78617e4d5f82,8b7f1a36c276,False,61e449870b99a666defa654d14021b28ef79d628,Regression: Reassessment of client helpers 'XYZ key should not contain .' (#19310),William Diaz,michael31@example.org,2020-10-20T23:30:20-03:00,e42d31a9d59715b45b5e5567892e6afd08e0459f,bda6443a2ff55d1a0a40bab192bb54ce502f6869
rocketchat_hoch,rocketchat-hoch,8,50,cf89f01675771f08e50c2be4c5ece12f2c4e90bc,cf89f0167577,False,1e7b31d199b32c2afbf9ea098b4bbe54d05e534e,Non-idiomatic React code (#19303),John Kennedy,raymond75@example.org,2020-10-21T10:31:17-07:00,8b7f1a36c27631ab2d842399d54c78617e4d5f82,5c4927bfd1199a52279437ebd7d392968a970c70
rocketchat_hoch,rocketchat-hoch,9,50,634e287c5c1c88d216cdf0c2b76e8c19a5a8abf2,634e287c5c1c,False,f44af1426ba6ca6d5fbecb8fff1e338cf8afc7b9,Regression: User card closing (#19322),John Kennedy,raymond75@example.org,2020-10-21T16:46:43-07:00,cf89f01675771f08e50c2be4c5ece12f2c4e90bc,09d381956b3d6ea702a77f58332473f658af365d
rocketchat_hoch,rocketchat-hoch,10,50,5f3ef591e62b051856b6e597f5bf15f950476087,5f3ef591e62b,False,dea45516dbba7c0931b20dac47e797f2c1d98b94,[FIX] Message actions on top of text (#19316),Mark Diaz,sarahhart@example.net,2020-10-21T21:41:50-03:00,634e287c5c1c88d216cdf0c2b76e8c19a5a8abf2,7762f8dfa48ad9a0070859be039f189ce8daa033
rocketchat_hoch,rocketchat-hoch,11,50,7f90b23b90d23c9adce3ccc0e2d2b7efb7361293,7f90b23b90d2,False,e416a32338d79089d367bf77837270418a3b4cec,[IMPROVE] React Avatar Provider (#19321),William Diaz,michael31@example.org,2020-10-21T23:07:08-03:00,5f3ef591e62b051856b6e597f5bf15f950476087,628a98a2cb0be2b23a2d8ab4b87dad7873e5810c
rocketchat_hoch,rocketchat-hoch,12,50,a26920555a00e78b8537bf1987169f7b9ace736b,a26920555a00,False,526674ac3e9d1638a7ded77b8e3c3a9061f92342,[FIX] SAML login undefined error message (#18649),Charles Payne,jeremy27@example.org,2020-10-22T17:10:07+03:00,7f90b23b90d23c9adce3ccc0e2d2b7efb7361293,354b1692860170f808c2538fae2eb820786047f5
rocketchat_hoch,rocketchat-hoch,13,50,b7958eaead26525f9192f64292d21ffb2e62a2b7,b7958eaead26,False,2e8b55a69c427e59faa42eadc2889892b8aa8f3a,[NEW] Audits search by User (#19275),Sandra Rivera,murraykimberly@example.net,2020-10-22T16:03:32-03:00,a26920555a00e78b8537bf1987169f7b9ace736b,3ff0c5dade96bfda007b1ac006b4884faad5b141
rocketchat_hoch,rocketchat-hoch,14,50,2e31959686f7eb0a8e1a91aa6ceed2c12bbe4955,2e31959686f7,False,3b06de078132e6f7b80c3bf014f7b34fc5153a60,Use GitHub Container Registry (#19297),Michael Baker,angela17@example.org,2020-10-23T10:58:59-03:00,b7958eaead26525f9192f64292d21ffb2e62a2b7,b2b0f13008a39e0331eadf3e65cd62a714b42bf6
rocketchat_hoch,rocketchat-hoch,15,50,32dea41a21292b9ac8389ea422075735cd0250ad,32dea41a2129,False,a0ee0eb0487e6a8b151c137bbb149626119021b2,"[FIX] ""Export Messages"" only works for global roles (#19264)",Jacqueline Hamilton,sarah24@example.com,2020-10-23T18:27:42-03:00,2e31959686f7eb0a8e1a91aa6ceed2c12bbe4955,91c889c2737851d523d46978c9c14ca569aba41c
rocketchat_hoch,rocketchat-hoch,16,50,d5ea63372707080075b10003a591da9cdab1fd99,d5ea63372707,False,65068bbebb8ff532731117e60fca4856afe92835,Remove WeDeploy from README (#19342),John Harris,markchavez@example.net,2020-10-23T18:35:44-03:00,32dea41a21292b9ac8389ea422075735cd0250ad,d037828894a7e9414ba88bab509715541623ac45
rocketchat_hoch,rocketchat-hoch,17,50,e142993f12a2421f364edb23a3795ce68f6e0f82,e142993f12a2,False,66e6ec3439d0521c645e3ab2aaedfcd5245556d3,[FIX] LDAP Sync Error Dup Key (#19337),Jacqueline Hamilton,sarah24@example.com,2020-10-23T18:36:21-03:00,d5ea63372707080075b10003a591da9cdab1fd99,947e4b5779e8cd968e484d9aa0f22f3b07f93f8b
rocketchat_hoch,rocketchat-hoch,18,50,041fa180263f7e7109e4a3b6a203f097b5e851d7,041fa180263f,False,e80807065a2b3457152734397c27047c65bed6d1,[NEW] Apps prometheus metrics (#19320),Michael Baker,angela17@example.org,2020-10-23T18:37:31-03:00,e142993f12a2421f364edb23a3795ce68f6e0f82,29c3b1fa2bf20b51963453e7e798178cd8f593ca
rocketchat_hoch,rocketchat-hoch,19,50,53150832f755571aaa51f84e7c7f842a6e7f6ac0,53150832f755,False,51d9a567c24a3d4136c37720ccda5843b62b5e13,[FIX] Broken user info when a user don't have an email address (#19339),David Rivera,jessica04@example.org,2020-10-23T18:42:50-03:00,041fa180263f7e7109e4a3b6a203f097b5e851d7,4fa29f95b8daaa532fafba73e098adb92d34de4b
rocketchat_hoch,rocketchat-hoch,20,50,ebb402f2a61af048ab32226158f838959bd96588,ebb402f2a61a,False,d01b83a16b1dad8b4ca4c65514d30505d5280757,[NEW] Admin option to reset users' 2FA (#19341),Lorraine Gordon,vincentmedina@example.com,2020-10-23T18:43:45-03:00,53150832f755571aaa51f84e7c7f842a6e7f6ac0,c90d885d738af400a621b25f1eb40ef7b7068df7
rocketchat_hoch,rocketchat-hoch,21,50,6484cd05af08b8ac311feb99f32344284f534c78,6484cd05af08,False,45430fa2e667f5b6eca1cdb58678c163752277bb,Bump object-path from 0.11.4 to 0.11.5 (#19298),Jessica Wise,angelarobinson@example.com,2020-10-23T18:47:56-03:00,ebb402f2a61af048ab32226158f838959bd96588,e8cb625e2908e46f6298093323b250c5aac3f85a
rocketchat_hoch,rocketchat-hoch,22,50,9604566d69e50e70cc5e3543a9d30532a52d297b,9604566d69e5,False,c8ba4930c2e898d658fc5ce9b4a22c95e2975d6b,[FIX] Use etag on user info  (#19349),David Rivera,jessica04@example.org,2020-10-23T18:49:12-03:00,6484cd05af08b8ac311feb99f32344284f534c78,d1e42de557c38197f96c263c9c522fa96cd945a9
rocketchat_hoch,rocketchat-hoch,23,50,a2c51b8a20eab9b65b2332671d5ef7764ecb45d8,a2c51b8a20ea,False,834c34bb5e25b464274aed86916c6b244cdc96a3,[FIX] Server Errors on new Client Connections (#19266),Jacqueline Hamilton,sarah24@example.com,2020-10-23T19:12:59-03:00,9604566d69e50e70cc5e3543a9d30532a52d297b,c1938d93b31151e74c8bacfa9ad2d3a9ba3f91c5
rocketchat_hoch,rocketchat-hoch,24,50,0e3dbe65e8f96d214ec95aad2577320deea0b8e5,0e3dbe65e8f9,False,92219d6def65aacb529b3729345f0b10e81f35f5,[FIX] Admin not working on IE11 (#19348),William Diaz,michael31@example.org,2020-10-23T20:02:16-03:00,a2c51b8a20eab9b65b2332671d5ef7764ecb45d8,cf9f646df7218b1a96eb3c4440d059ff180e79a9
rocketchat_hoch,rocketchat-hoch,25,50,fceb62d846a60aed8c118aac94b2ac7b27d69894,fceb62d846a6,False,0522de4b171b8ffd18909be42883a963be2dc023,Disable autoclose of issues from stale bot,Lorraine Gordon,vincentmedina@example.com,2020-10-24T11:10:03-03:00,0e3dbe65e8f96d214ec95aad2577320deea0b8e5,f3cf967c0fb3e232f531528c83737f01bf1407db
rocketchat_hoch,rocketchat-hoch,26,50,9d217a4a83210ff3e9b634b9eb25b56796f5cfa6,9d217a4a8321,False,368a3624cd22d38979aceab6b832aaa755111622,[FIX] Anonymous users are counted on the server statistics and engagement dashboard (#19263),Jacqueline Hamilton,sarah24@example.com,2020-10-24T21:44:12-03:00,fceb62d846a60aed8c118aac94b2ac7b27d69894,e33a514fe7f9447d6d497264eb70568278e6e669
rocketchat_hoch,rocketchat-hoch,27,50,4037614691a65ce1b1ce3f42cf367a2ba656e51a,4037614691a6,False,ae6a37499e0ebf994e66923c9e2864037041afce,[NEW] OAuth groups to channels mapping (#18146),David Parker,meredith16@example.org,2020-10-25T02:45:16+02:00,9d217a4a83210ff3e9b634b9eb25b56796f5cfa6,29ce650ab9b5149459f6cf8f5f5c35edfc57a852
rocketchat_hoch,rocketchat-hoch,28,50,6ea74af711e7af7608eede5a56f4b76f19ab5c11,6ea74af711e7,False,c3ca020c17bfe7773265cfe77bfdedde84577ce3,[FIX] Invalid attachments on User Data downloads (#19203),Jacqueline Hamilton,sarah24@example.com,2020-10-24T21:52:35-03:00,4037614691a65ce1b1ce3f42cf367a2ba656e51a,de9ed10e117a4e41182b38cd96da9ee4178be5f4
rocketchat_hoch,rocketchat-hoch,29,50,88ade9b775980e57bcdb57332ffb127abae3bec1,88ade9b77598,False,aa922cfb90ae464f78cf235931d98fd2b7a6a4f2,[FIX] IRC Bridge not working (#19009),Jacqueline Hamilton,sarah24@example.com,2020-10-24T22:00:04-03:00,6ea74af711e7af7608eede5a56f4b76f19ab5c11,1925e7dc8d811d0091612dcb9d004bc8524b07db
rocketchat_hoch,rocketchat-hoch,30,50,4ab191f35aee1ad926b0d8e3fe38cf387610f6ba,4ab191f35aee,False,a511abd58b3951c6781987c25f83aa9de31e4774,[FIX] Non admin cannot add custom avatar to group (#18960),Scott Wilson,woodanna@example.com,2020-10-24T22:00:59-03:00,88ade9b775980e57bcdb57332ffb127abae3bec1,7327b30cea2a74b7de098d709df923c35376c4c3
rocketchat_hoch,rocketchat-hoch,31,50,84c0b7145006377d72fc8fd75bc9a5e375c678f1,84c0b7145006,False,7e1bce005c36331c8a0f95e0c63d9d20976be2de,Bump Livechat widget (#19361),Alexander Barr,shelley19@example.org,2020-10-26T09:25:57-03:00,4ab191f35aee1ad926b0d8e3fe38cf387610f6ba,41378e2ebc2fde3bca2be781b38e3fe2664fc003
rocketchat_hoch,rocketchat-hoch,32,50,46899fc4e9fc5d4369220f5d05096f85daa6c7e8,46899fc4e9fc,False,878c4c8fa71139c851cab0446df41c677244aa48,[FIX] Thread List showing wrong items (#19351),William Diaz,michael31@example.org,2020-10-26T09:48:08-03:00,84c0b7145006377d72fc8fd75bc9a5e375c678f1,bc02ba4f4516c83f6f4eb1be69a9da3ee5cfcfd9
rocketchat_hoch,rocketchat-hoch,33,50,f9b32090edceaccf5ac3c8f403adfdc183373395,f9b32090edce,False,b950f17e4225efb99b7b80022877f9b2cdf14b64,Rewrite: Reset Login Form (#18237),William Diaz,michael31@example.org,2020-10-26T09:50:33-03:00,46899fc4e9fc5d4369220f5d05096f85daa6c7e8,7f0369b68ced23dbdd6afdcafbf4bfac49a5b7cf
rocketchat_hoch,rocketchat-hoch,34,50,fdf53a2c9fe21a51f72ef398e5d70bca355d23f3,fdf53a2c9fe2,False,36d99aa0f70668f23ca7b9846028cd212dab2be7,Update Fuselage (#19359),William Diaz,michael31@example.org,2020-10-26T09:55:07-03:00,f9b32090edceaccf5ac3c8f403adfdc183373395,4841f0de6f7b45edf148bcb32b95b8997baa8abc
rocketchat_hoch,rocketchat-hoch,35,50,fd5992d2a1d76fb27e1e8777931f1f0587679596,fd5992d2a1d7,False,fb9bbb9bacf6c3d52cdbe4e72475911408e54027,Regression: GenericTable.HeaderCell does not accept on click anymore (#19358),William Diaz,michael31@example.org,2020-10-26T10:12:59-03:00,fdf53a2c9fe21a51f72ef398e5d70bca355d23f3,ce38e5517fc0a271a04f5f95ea03db6186a17609
rocketchat_hoch,rocketchat-hoch,36,50,856a6bbd48689c66f3ece964fecf649d88c112b2,856a6bbd4868,False,307a610b439e1f37f3771cc1746f7155d29770cc,Update feature-request opening process on README (#19240),Ann Ortiz,smithrodney@example.org,2020-10-26T19:35:26+05:30,fd5992d2a1d76fb27e1e8777931f1f0587679596,18f1f281e00937f2c34c8b520735062314c1d700
rocketchat_hoch,rocketchat-hoch,37,50,19997f5e162e9a6db5acabc16d7e52a0712c0d22,19997f5e162e,False,25c3457c3511fb9e5c0d059993465b905ebea5b3,[NEW][Apps] Remove TS compiler (#18687),James Riley Jr.,timmoore@example.org,2020-10-26T13:23:19-03:00,856a6bbd48689c66f3ece964fecf649d88c112b2,b97cfc5ea64cee1fc963f9abe79c7e55c7e3ad65
rocketchat_hoch,rocketchat-hoch,38,50,0744d67127d937055edffcbfff80c1987a95189b,0744d67127d9,False,831ff3ebeede9b81c2d3d16b038945f20e9239e8,[NEW] Add enterprise data to statistics (#19363),Michael Baker,angela17@example.org,2020-10-26T14:01:26-03:00,19997f5e162e9a6db5acabc16d7e52a0712c0d22,7c0e11a7282a350d3f4d67c6cd5183603e5552f0
rocketchat_hoch,rocketchat-hoch,39,50,c95b0484bef2c9217fc0413efe119efce45d8b1e,c95b0484bef2,False,f5b3148220231495fdf31ffb0682ba71f94eb5af,[NEW] [Apps] Add new typing bridge method (Typing-Indicator) (#19228),Kimberly Lewis,pamela40@example.net,2020-10-27T01:30:36+08:00,0744d67127d937055edffcbfff80c1987a95189b,05f139451c002a62297d2e8aded6b9fde450e3c4
rocketchat_hoch,rocketchat-hoch,40,50,51cf14b53b9d8068bf50e9e0ab06d47915124801,51cf14b53b9d,False,c54ab5fd23d12fc64d003b099c51582dd78a6f52,[FIX] Require 2FA to enable/disable apps #19366,Michael Baker,angela17@example.org,2020-10-26T16:56:39-03:00,c95b0484bef2c9217fc0413efe119efce45d8b1e,4bd24d75a7ed8e4455165eaf6b0b6f021469375a
rocketchat_hoch,rocketchat-hoch,41,50,ccff9cb2a2256d2744e2fc04f26be3923d68010d,ccff9cb2a225,False,edda3511c26b4a522985ecd10a9964bb887d3a43,[IMPROVE] New sidebar layout (#19089),William Diaz,michael31@example.org,2020-10-26T17:42:25-03:00,51cf14b53b9d8068bf50e9e0ab06d47915124801,b272f580afaabda48aa201b38f0a5cd1225d790b
rocketchat_hoch,rocketchat-hoch,42,50,ca8c166247ea7239982199b3f878670912e0febe,ca8c166247ea,False,14896b045021db26989820a210891b57fb47709e,[FIX] 2FA required rendering blank page (#19364),William Diaz,michael31@example.org,2020-10-26T20:49:14-03:00,ccff9cb2a2256d2744e2fc04f26be3923d68010d,57d10a01f98d87ee77a0682636897b317ac176eb
rocketchat_hoch,rocketchat-hoch,43,50,f263a546a68713d00c28a25785cd5f867b66f193,f263a546a687,False,96c3c75624d0110ff0d7d816c2cdd91044d6ff03,[IMPROVE][APPS] Apps list page on servers without internet connection (#19088),Troy Gill,angelicashah@example.org,2020-10-26T22:52:39-03:00,ca8c166247ea7239982199b3f878670912e0febe,48debffe36ab87e747c896203a5b2939d07bed25
rocketchat_hoch,rocketchat-hoch,44,50,a6d4320a55f2cd3d0ed41a5d3d4e477d84b518dd,a6d4320a55f2,False,97bdfb56ae89841107860380b3273188b11ae2d8,[NEW][APPS] New Scheduler API (#19290),Troy Gill,angelicashah@example.org,2020-10-26T22:54:46-03:00,f263a546a68713d00c28a25785cd5f867b66f193,ea2b4a85f32ecda30807b2660df85d8e40ecad44
rocketchat_hoch,rocketchat-hoch,45,50,c83c8f2d437504293fb72e23c031caed93cb8d9a,c83c8f2d4375,False,ec2d63e913dc8a1592dccd6f80561696fee51947,[NEW] Whitelisting bad words (#17120),Veronica Morales,karensmith@example.net,2020-10-27T19:04:40+05:30,a6d4320a55f2cd3d0ed41a5d3d4e477d84b518dd,0ab63310157b6fdb0a4f57940fe9eb999cb20e60
rocketchat_hoch,rocketchat-hoch,46,50,ba7f0cc3caa972bcac4bf78a4d6f0f1f9d9f6a3a,ba7f0cc3caa9,False,1a8433ecc3f0a9b1ad4e8112b238782973bfae0c,[FIX] Omnichannel - typo error label at current chats page (#19379),Brian Garrett,wooddavid@example.com,2020-10-27T12:01:08-03:00,c83c8f2d437504293fb72e23c031caed93cb8d9a,f2fe4be45f3414a0781b52476be5734babab3c83
rocketchat_hoch,rocketchat-hoch,47,50,19b590593e2aa66507c0bca30f84c6b70e901f2c,19b590593e2a,False,4d4597f8643d8c65a65f301023421c373c5b897a,Regression: Pass `unset` parameter of updated `userData` notification (#19380),John Kennedy,raymond75@example.org,2020-10-27T09:46:29-07:00,ba7f0cc3caa972bcac4bf78a4d6f0f1f9d9f6a3a,d2bb4b6b0aae5de02847ef212b15c966dd405e0c
rocketchat_hoch,rocketchat-hoch,48,50,1414bb8c42f71e68ef88b6645f8503c9c02aacaa,1414bb8c42f7,False,7d97938a8b3d6086aad8ffc1f871d22859dfecae,[NEW] Replace client-side event emitters (#19368),Jodi Shea,nrogers@example.org,2020-10-27T14:41:46-03:00,19b590593e2aa66507c0bca30f84c6b70e901f2c,1205d58051972f8b347918e3e61eb3224af1b71c
rocketchat_hoch,rocketchat-hoch,49,50,807abbb4b323e21abe119f57a40c82525e9af3d0,807abbb4b323,False,3995eec3491af36e6e9a92d2dd3617c0bd9cc91f,[FIX][ENTERPRISE] Race condition on Omnichannel queues (#19352),Alexander Barr,shelley19@example.org,2020-10-27T19:44:01-03:00,1414bb8c42f71e68ef88b6645f8503c9c02aacaa,9009efc3c252bea2d5c07a45f4ee451a6c48d834
rocketchat_hoch,rocketchat-hoch,50,50,4acaa72319e56c4b83434a4f4ece75f4d1f89e6f,4acaa72319e5,True,92e02f24c9684ebd2c2d8fdae73bcc720aaea2d6,[NEW][Enterprise] Micro services (#19000),Michael Baker,angela17@example.org,2020-10-27T23:01:06-03:00,807abbb4b323e21abe119f57a40c82525e9af3d0,9ea299830c012d83a0e33555c47f13c19ecd0056
ori_fleetbase_v4,Ori-Fleetbase-v4,1,53,6df9b8bf057bad95b41dca3fd3f1c7f6bd6a6c88,6df9b8bf057b,False,e4a8f9519bb97eeb339cd0cedb7779166738d0b5,v0.7.27,Victoria Ponce,charlesandrade@example.com,2026-02-05T07:52:17+08:00,50ac368d88bc25a5d06b7d722be827e302b02af0,b2301f12b3b99a833fece4f28205b9cd39072809
ori_fleetbase_v4,Ori-Fleetbase-v4,2,53,ba5e459afdf143488bb69e2b8877c2a32864e78f,ba5e459afdf1,False,a0febb1cbcd0014b0ec30a298ad98e4f436bdfbf,Added upgraded dependencies,Victoria Ponce,charlesandrade@example.com,2026-02-05T08:43:45+08:00,6df9b8bf057bad95b41dca3fd3f1c7f6bd6a6c88,6c2b0609ea44fa522403f26038feaf01c3fb5664
ori_fleetbase_v4,Ori-Fleetbase-v4,3,53,0664351b1bbcee196f4c92f948d688c0ef44e843,0664351b1bbc,False,70c45a34d42a802848521e4530831e2b9d7526bc,fix(scripts): replace unicode quotes with ASCII in docker-install.sh,Michael Archer,vincent12@example.org,2026-01-29T22:51:40+01:00,50ac368d88bc25a5d06b7d722be827e302b02af0,9345500261041e572bed11f79488d7be7bf1d74e
ori_fleetbase_v4,Ori-Fleetbase-v4,4,53,d87916043c34f4c1a845807b991fd0ee33eefa8a,d87916043c34,False,6b5bbd1b7cd0858d8b4a499043924c9abef81992,Merge pull request #496 from ayoub9360/fix/docker-install-unicode-quotes,Toni Jones,sharonroth@example.com,2026-02-05T07:54:00+08:00,6df9b8bf057bad95b41dca3fd3f1c7f6bd6a6c88 0664351b1bbcee196f4c92f948d688c0ef44e843,
ori_fleetbase_v4,Ori-Fleetbase-v4,5,53,023c54102f051c16590205b8f729c42f11ca80fb,023c54102f05,False,3de9b6fccbde5aeb08f363049f6834eb611cf295,Added Uzbek translations for API and Console,Kari Flores,tonyasolis@example.net,2026-02-04T10:35:16+05:00,50ac368d88bc25a5d06b7d722be827e302b02af0,da704a0c39d3044461362fe7b83a3eccba35ae12
ori_fleetbase_v4,Ori-Fleetbase-v4,6,53,1d4a30fad3dec049b35faf569c7cef02fedb07ba,1d4a30fad3de,False,768d2e3c854647407564f9c7a37a04859d31f84a,Merge pull request #497 from encoderuz/feat/add-uzbek-language,Toni Jones,sharonroth@example.com,2026-02-05T07:59:56+08:00,d87916043c34f4c1a845807b991fd0ee33eefa8a 023c54102f051c16590205b8f729c42f11ca80fb,
ori_fleetbase_v4,Ori-Fleetbase-v4,7,53,c9dc6becafc902c603524761cabcca1bed4e8bc6,c9dc6becafc9,False,ccf3fc7b31ccd1f264a2af123cc1c399b71b6a1b,Merge branch 'dev-v0.7.27' of github.com:fleetbase/fleetbase into dev-v0.7.27,Victoria Ponce,charlesandrade@example.com,2026-02-05T08:44:16+08:00,ba5e459afdf143488bb69e2b8877c2a32864e78f 1d4a30fad3dec049b35faf569c7cef02fedb07ba,
ori_fleetbase_v4,Ori-Fleetbase-v4,8,53,9326ff4dd2250c882cab093b01e15ba9554c782f,9326ff4dd225,False,517bc7b3bc09217c185a8a9a6615f3c71da6ac13,Refactor README: Remove AWS Marketplace content and reorganize features/showcase into tables,Tanya Harrell,bmolina@example.net,2026-02-04T19:55:13-05:00,50ac368d88bc25a5d06b7d722be827e302b02af0,ab07710a3c7c47203cc89d1be233979c13f17a94
ori_fleetbase_v4,Ori-Fleetbase-v4,9,53,5eaf8fcd1d618a1471e20eeea1d66a75ccf9947b,5eaf8fcd1d61,False,529f1cfa90cebbe67e93674b31e82da426e625ee,"Update README: Fix TOC links, add dual licensing section, convert creators to table",Tanya Harrell,bmolina@example.net,2026-02-04T20:12:41-05:00,9326ff4dd2250c882cab093b01e15ba9554c782f,0f3efde247ed4914cd05dabaf6e17661976b93cc
ori_fleetbase_v4,Ori-Fleetbase-v4,10,53,a1d94f1c232e144d08facb56f704dc9368369a3a,a1d94f1c232e,False,44eac77cde24d81533c60cc8cd0ed63a2fbf184e,"Add badges, update copyright to 2026, fix OSRM markdown link",Tanya Harrell,bmolina@example.net,2026-02-04T20:23:00-05:00,5eaf8fcd1d618a1471e20eeea1d66a75ccf9947b,2d5de55e61ffd578e66e4838f3010364526d028c
ori_fleetbase_v4,Ori-Fleetbase-v4,11,53,fadd977281bba22a8876048bf2fc3aa2f3ef3761,fadd977281bb,False,f1edcf607ba94a8a4e9edc7a59da96808959fe0b,Fix Discord server ID in badge,Tanya Harrell,bmolina@example.net,2026-02-04T20:31:52-05:00,a1d94f1c232e144d08facb56f704dc9368369a3a,02ceef3bd0967103cc992efa382458f6cebe0648
ori_fleetbase_v4,Ori-Fleetbase-v4,12,53,2f13d59cae4ad98e0396dd32cffdbec893e0564b,2f13d59cae4a,False,86a3b339d4682aacf33b3cfd56c4a1feae47b966,"Add Who Is This For, improve Apps/Roadmap tables, add Deployment Options, enhance Contributing, fix typos, add exhaustive keywords",Tanya Harrell,bmolina@example.net,2026-02-04T20:43:41-05:00,fadd977281bba22a8876048bf2fc3aa2f3ef3761,3b2814bfe771428027dbe662be373e2dcfd3a642
ori_fleetbase_v4,Ori-Fleetbase-v4,13,53,10013dbf9b5c1e6e7525d9e15f8d933e6cd53b8f,10013dbf9b5c,False,019ca9bc2d6077ef4608aebc11cbaa211de3ccfe,Remove keywords section and fix deployment guide link,Tanya Harrell,bmolina@example.net,2026-02-04T20:52:01-05:00,2f13d59cae4ad98e0396dd32cffdbec893e0564b,8ef668e7c7046b9a7118824742a19559609d2ee2
ori_fleetbase_v4,Ori-Fleetbase-v4,14,53,5a72407e3623ade51b7c65b2501988fb01704f7d,5a72407e3623,False,6cd226b4f9985d0e2c1a7131295f68d1c7c89078,Update roadmap: Both Pallet and Ledger in development for late Q1/early Q2 2026,Tanya Harrell,bmolina@example.net,2026-02-04T20:53:26-05:00,10013dbf9b5c1e6e7525d9e15f8d933e6cd53b8f,9565b76d0c32d96bf81595c5a5e05cda5fd7b87f
ori_fleetbase_v4,Ori-Fleetbase-v4,15,53,a0f482e7360c8f64192f2cb4c7380e4ce639f2d2,a0f482e7360c,False,7603c00ab1f0c2f4708999ee3913f04116a43513,Merge pull request #499 from fleetbase/readme-improvements,Toni Jones,sharonroth@example.com,2026-02-05T09:55:01+08:00,1d4a30fad3dec049b35faf569c7cef02fedb07ba 5a72407e3623ade51b7c65b2501988fb01704f7d,
ori_fleetbase_v4,Ori-Fleetbase-v4,16,53,2693245cd0a4659c9cdb1ead263fdc2d97b4c2fa,2693245cd0a4,False,2b8af0a47d6c3e0ca2bb983ede7930b6d325b46a,Merge branch 'dev-v0.7.27' of github.com:fleetbase/fleetbase into dev-v0.7.27,Victoria Ponce,charlesandrade@example.com,2026-02-05T09:57:18+08:00,c9dc6becafc902c603524761cabcca1bed4e8bc6 a0f482e7360c8f64192f2cb4c7380e4ce639f2d2,
ori_fleetbase_v4,Ori-Fleetbase-v4,17,53,07d4a7ff3bf2564817637769cc7f9b1859ebdbdd,07d4a7ff3bf2,False,e02c8e831afe609be3b4eb6738d69c3a5cd13c1f,bump the version in package.json,Victoria Ponce,charlesandrade@example.com,2026-02-05T10:05:51+08:00,2693245cd0a4659c9cdb1ead263fdc2d97b4c2fa,942aa5788916e83ef34f9e28ffb902cd901df0b9
ori_fleetbase_v4,Ori-Fleetbase-v4,18,53,d433533c229792b1b5f313bde611916f64cd23ad,d433533c2297,False,360f01ebf747c17c353db3a861b3abaead1ae798,Merge pull request #498 from fleetbase/dev-v0.7.27,Toni Jones,sharonroth@example.com,2026-02-05T10:13:19+08:00,50ac368d88bc25a5d06b7d722be827e302b02af0 07d4a7ff3bf2564817637769cc7f9b1859ebdbdd,
ori_fleetbase_v4,Ori-Fleetbase-v4,19,53,a8d1e29aae7ca8a5f32503e35e03a614b502894f,a8d1e29aae7c,False,66c210f42a8e105feea1c98aa5161646de970cde,Hotfix: uzbek translation file,Victoria Ponce,charlesandrade@example.com,2026-02-05T10:58:19+08:00,d433533c229792b1b5f313bde611916f64cd23ad,052b7f063b4547770751f63b8ece88098f799461
ori_fleetbase_v4,Ori-Fleetbase-v4,20,53,c43d655257a6b5c0aaca8097e24f5f0908714e86,c43d655257a6,False,a79ebda392f55fa0dc822cbaf2009661ecf018eb,Upgrades fleetops to v0.6.35,Victoria Ponce,charlesandrade@example.com,2026-02-06T10:04:32+08:00,a8d1e29aae7ca8a5f32503e35e03a614b502894f,7db17ff9e147b4776cb8dd7b24dbae4f421fb0ef
ori_fleetbase_v4,Ori-Fleetbase-v4,21,53,b3b9c7f22e376d7adf5344ee04847fd487e8398e,b3b9c7f22e37,False,edec9d02a4f0a09f8710409dfd5e98428e354efc,Sync submodule pointers to origin/main,Victoria Ponce,charlesandrade@example.com,2026-02-06T10:16:16+08:00,c43d655257a6b5c0aaca8097e24f5f0908714e86,486e6c326172ff07419880c4b3c616dcbb57b592
ori_fleetbase_v4,Ori-Fleetbase-v4,22,53,5d9eaa3342189d70c56a3cdf9e0bec45e148551e,5d9eaa334218,False,989fa9a777e28839dac1bdf2f87fd9f6ceca19b3,Merge pull request #501 from fleetbase/dev-v0.7.28,Toni Jones,sharonroth@example.com,2026-02-06T10:17:13+08:00,a8d1e29aae7ca8a5f32503e35e03a614b502894f b3b9c7f22e376d7adf5344ee04847fd487e8398e,
ori_fleetbase_v4,Ori-Fleetbase-v4,23,53,46841f4f1d38112213ee4a7923e9e8c402836338,46841f4f1d38,False,5e69a7d4435cc6487baf8e155ffc5899babe10a5,v0.7.29,Victoria Ponce,charlesandrade@example.com,2026-02-12T15:48:02+08:00,5d9eaa3342189d70c56a3cdf9e0bec45e148551e,685f4c9fa75a08457b4f1a33624d4ea4f9e6899f
ori_fleetbase_v4,Ori-Fleetbase-v4,24,53,def3f6aea4b76e3466aa25691651af536a8a8ab7,def3f6aea4b7,False,3dc5b9b01593fdebd4fdc0470474d58a1a52704e,fix: Add localStorage quota error handling to onboarding-context service,Jennifer Pratt,tara28@example.net,2026-02-05T03:54:10-05:00,a8d1e29aae7ca8a5f32503e35e03a614b502894f,35f08927c73ab2f124a56b08da7ecbece34f6396
ori_fleetbase_v4,Ori-Fleetbase-v4,25,53,ead13a9c17b941fc959c08bdab36d508ee713119,ead13a9c17b9,False,dccd1b688304b88d8291895023daa418ef344b5f,Merge pull request #500 from fleetbase/fix/onboarding-context-quota-error,Toni Jones,sharonroth@example.com,2026-02-12T15:49:48+08:00,46841f4f1d38112213ee4a7923e9e8c402836338 def3f6aea4b76e3466aa25691651af536a8a8ab7,
ori_fleetbase_v4,Ori-Fleetbase-v4,26,53,1b1ea73e0620ad4fa93d7c77ff2b7ec061d34326,1b1ea73e0620,False,7d3b6ed18fd3e24c542d138b1299755ce9e7af94,fix: Update install script to create console environment files,Mark Huerta,vanessayoder@example.com,2026-02-22T21:00:39-05:00,5d9eaa3342189d70c56a3cdf9e0bec45e148551e,b56f87dd5efc0afb526ace4ad812d9b5464e3b21
ori_fleetbase_v4,Ori-Fleetbase-v4,27,53,bb0d9ae2839930c68f9af355df0346d18a921220,bb0d9ae28399,False,d50d3ab98beeb52967804f3d4ee7ebe93fa7cd18,fix: Update comments to reflect updating existing environment files,Mark Huerta,vanessayoder@example.com,2026-02-23T01:06:44-05:00,1b1ea73e0620ad4fa93d7c77ff2b7ec061d34326,a5e9e0766ee616fb1ffa529f8fdc265c632c3cba
ori_fleetbase_v4,Ori-Fleetbase-v4,28,53,b9b92ae2c36de56d17356a8f27fb748758919d7a,b9b92ae2c36d,False,2f017c570991fd0398221f36ff8f666875a85a67,Merge pull request #505 from fleetbase/fix/install-script-console-env-files,Toni Jones,sharonroth@example.com,2026-02-27T14:59:32+08:00,ead13a9c17b941fc959c08bdab36d508ee713119 bb0d9ae2839930c68f9af355df0346d18a921220,
ori_fleetbase_v4,Ori-Fleetbase-v4,29,53,e8dedfbd9707b3731d2b74d4e5385a32efed79d4,e8dedfbd9707,False,4746389b36c0d6db9c8587b49d8d69ca9ba8d7bf,docs: Update RELEASE.md for v0.7.29,Tanya Harrell,bmolina@example.net,2026-02-27T02:11:38-05:00,b9b92ae2c36de56d17356a8f27fb748758919d7a,be55610ecc654397a3fc10f0a69655c522ff18ed
ori_fleetbase_v4,Ori-Fleetbase-v4,30,53,60493bb98d5a6aab366b38efa9133dc698e46869,60493bb98d5a,False,fffe67f5088cc023cbbb13bbf7a7b648d5f67e42,docs: Update installation instructions to use fleetbase-cli,Tanya Harrell,bmolina@example.net,2026-02-27T02:20:19-05:00,e8dedfbd9707b3731d2b74d4e5385a32efed79d4,d4fa5b61aeb9945afaf85c17780870132234956a
ori_fleetbase_v4,Ori-Fleetbase-v4,31,53,6a0a048f1741b6ef027a8701e3d80542a0584edb,6a0a048f1741,False,fe874e178883f576dae4d802a01648fe3e10a7ce,"docs: Refine README - simplify install section, reorganize CLI/Extensions sections",Tanya Harrell,bmolina@example.net,2026-02-27T02:30:42-05:00,60493bb98d5a6aab366b38efa9133dc698e46869,4e3e8d7002226a2c664e27af99701d60044a5866
ori_fleetbase_v4,Ori-Fleetbase-v4,32,53,313f8cc79347b624df8f50a7e2c8b75530349ee4,313f8cc79347,False,b88f3fab1b56e08ae705b905fc9440e5179017a9,"docs: Fix CLI commands - use set-auth for installing, login for publishing",Tanya Harrell,bmolina@example.net,2026-02-27T02:33:45-05:00,6a0a048f1741b6ef027a8701e3d80542a0584edb,d76b6036845a2568ecf0da2e96272982b42783ac
ori_fleetbase_v4,Ori-Fleetbase-v4,33,53,82c15800400fc80cbae59282946e44fcfed3ad49,82c15800400f,False,1e2bdc0a0f6e5d148bacf45b7c0e63e462740c25,"docs: Fix CLI commands - use scaffold instead of create-extension, remove Finding Extensions",Tanya Harrell,bmolina@example.net,2026-02-27T02:35:45-05:00,313f8cc79347b624df8f50a7e2c8b75530349ee4,9aeda3cf3392142128f09e08d0fec12d9bcf6c3e
ori_fleetbase_v4,Ori-Fleetbase-v4,34,53,de7d9934ec0f464a2fd2802a69919d6cc923e075,de7d9934ec0f,False,4213669911562ab3a3d1979c786760b7924aea90,"docs: Fix installation workflow, remove (for publishers) labels, correct extension naming, fix license link",Tanya Harrell,bmolina@example.net,2026-02-27T02:42:37-05:00,82c15800400fc80cbae59282946e44fcfed3ad49,edf5e3daaa99dc3d53fe2173de1c5ea4d862eb79
ori_fleetbase_v4,Ori-Fleetbase-v4,35,53,730b901422a92980062ad07e5dfd4df241e0b3a0,730b901422a9,False,f2dc092b280b8b34482bc038b15193692cb1bf4b,docs: Fix feature showcase - rename Workflow Builder to Order Config,Tanya Harrell,bmolina@example.net,2026-02-27T02:43:43-05:00,de7d9934ec0f464a2fd2802a69919d6cc923e075,7ec606aa8eaafd6270f11daa6c8302c4ac3b4909
ori_fleetbase_v4,Ori-Fleetbase-v4,36,53,e5a7b159fbd5ceeab4207c43231880225d21b773,e5a7b159fbd5,False,0b0444820404c48e5b90bb6d140b4ead82fa916e,Few changes made to console core,Victoria Ponce,charlesandrade@example.com,2026-02-27T15:47:08+08:00,730b901422a92980062ad07e5dfd4df241e0b3a0,60edf7db679f539331d363978e857ac1eb42f8be
ori_fleetbase_v4,Ori-Fleetbase-v4,37,53,dcd81ff657d4d0462036878d7b999b0019dd8794,dcd81ff657d4,False,08c8cfc630f2df159d42ff854ff33e7448ac4551,Check-in all upgraded dependencies,Victoria Ponce,charlesandrade@example.com,2026-02-27T16:41:46+08:00,e5a7b159fbd5ceeab4207c43231880225d21b773,76ba48085d054ab4fba08669595bd146693816f9
ori_fleetbase_v4,Ori-Fleetbase-v4,38,53,e0c40f8d81dadd6c16d325a3954413cc9d89e1ed,e0c40f8d81da,False,b5d81971d54fb054fd9e641b1c8df2e3e10c755f,Merge pull request #503 from fleetbase/dev-v0.7.29,Toni Jones,sharonroth@example.com,2026-02-27T16:50:24+08:00,5d9eaa3342189d70c56a3cdf9e0bec45e148551e dcd81ff657d4d0462036878d7b999b0019dd8794,
ori_fleetbase_v4,Ori-Fleetbase-v4,39,53,c6aac50399a6d12ed49f8957de6ed8cbce789b80,c6aac50399a6,False,834478fed1a8a3b696ab1e1a3237079e8cebdf4c,[hotfix] upgrade core-api to v1.6.37,Victoria Ponce,charlesandrade@example.com,2026-02-27T18:56:59+08:00,e0c40f8d81dadd6c16d325a3954413cc9d89e1ed,c955d6c458652bb7c8d287f8cae64f20719936fc
ori_fleetbase_v4,Ori-Fleetbase-v4,40,53,161369559b261bda4e1f6490afc1ba1bf67a4c28,161369559b26,False,269175ff519c7233bddcaf97d00c8cee196b4c44,v0.7.30 <> Patches extensions endpoint + fleetops #507,Victoria Ponce,charlesandrade@example.com,2026-02-28T09:53:46+08:00,c6aac50399a6d12ed49f8957de6ed8cbce789b80,b173ecfddc54970d711e38514bb3c8a841a2b7e6
ori_fleetbase_v4,Ori-Fleetbase-v4,41,53,b74d641b5bb07e6ce6bd25c4e941426dbd529873,b74d641b5bb0,False,17a6ad34d8a294ebb94d4cca6e5d26ae4f1e092d,docs: add v0.7.30 release notes and flb search to README,Brett Morgan,robert86@example.org,2026-02-27T20:57:27-05:00,161369559b261bda4e1f6490afc1ba1bf67a4c28,449801d7676cfc3c13dd757c97fda4b2892c5a56
ori_fleetbase_v4,Ori-Fleetbase-v4,42,53,525554c997cb90381b18118cdef96306dc8bc5c9,525554c997cb,False,e09ed5e85c36be5b4af9d5a988cece6a58c1e589,docs: correct v0.7.30 release notes and README CLI section,Brett Morgan,robert86@example.org,2026-02-27T21:03:27-05:00,b74d641b5bb07e6ce6bd25c4e941426dbd529873,01b9e61313b85e23f10f3beba5c9585ccba924f4
ori_fleetbase_v4,Ori-Fleetbase-v4,43,53,5665e0a71a02ee2eb25dba73e280078ddac9c25e,5665e0a71a02,False,29c23e373f588e95c850c8523a107279e354bed9,Merge pull request #508 from fleetbase/dev-v0.7.30,Toni Jones,sharonroth@example.com,2026-02-28T10:24:05+08:00,c6aac50399a6d12ed49f8957de6ed8cbce789b80 525554c997cb90381b18118cdef96306dc8bc5c9,
ori_fleetbase_v4,Ori-Fleetbase-v4,44,53,6f49fec274d148dfc6238fa4dba145a5c62171bf,6f49fec274d1,True,421f0c7b335e0e1fa27cc683cc682b8559b97634,"added suspend/resume options for the drivers, allowing them to take breaks during deliveries",Alyssa King,heidiolson@example.com,2026-03-25T19:21:37+02:00,5665e0a71a02ee2eb25dba73e280078ddac9c25e,bdef196ed845893c995553dea05894b3141fe95c
ori_fleetbase_v4,Ori-Fleetbase-v4,45,53,231edee8714153b79b737924870598f130e1172d,231edee87141,False,5b33667b909d3774b7917b7a8ee9e204e253aa99,feat: add checkin/checkout/dwell_time columns to waypoints table,Alyssa King,heidiolson@example.com,2026-03-26T09:59:04+02:00,6f49fec274d148dfc6238fa4dba145a5c62171bf,505f69bbd9e7b07bd039f0e58cd10581fcb57fc1
ori_fleetbase_v4,Ori-Fleetbase-v4,46,53,9f6a563476d2bb149b561186e96cf3a20459c1e9,9f6a563476d2,False,10299c66dd4a657cef7667cdbe73509300cfa183,feat: add checkin/checkout methods and dwell time to Waypoint model,Alyssa King,heidiolson@example.com,2026-03-26T09:59:47+02:00,231edee8714153b79b737924870598f130e1172d,01f1755a77bc6983fdb3e600e28ecde8803379b3
ori_fleetbase_v4,Ori-Fleetbase-v4,47,53,270bd15c2a23da4b5937d655091e258e9a7aea50,270bd15c2a23,False,1fd1552483328f208d273d783cf51d6cb46b66bd,feat: add waypoint checkin/checkout API endpoints,Alyssa King,heidiolson@example.com,2026-03-26T10:00:56+02:00,9f6a563476d2bb149b561186e96cf3a20459c1e9,7fcf25db2371422310c55035cecb6727396174fc
ori_fleetbase_v4,Ori-Fleetbase-v4,48,53,b852f95ffdfe0ac663ea6f3c688aecc299370ee5,b852f95ffdfe,False,0c42e94092e4d06dd6c8deee1807d412678bb9e1,"feat: add geofence_alerts, geofence_events, and geofence_states migrations",Alyssa King,heidiolson@example.com,2026-03-29T11:29:19+03:00,270bd15c2a23da4b5937d655091e258e9a7aea50,635956c62ae022f20d2c5629bb3e79ce615e9043
ori_fleetbase_v4,Ori-Fleetbase-v4,49,53,099f5c9b141bfc98ba91fde2aaf621b04be2594f,099f5c9b141b,False,4cba95d66f846bdb55d92cb28d439e2e3e151596,"feat: add GeofenceAlert, GeofenceEvent, and GeofenceState models",Alyssa King,heidiolson@example.com,2026-03-29T11:29:28+03:00,b852f95ffdfe0ac663ea6f3c688aecc299370ee5,8f6abfde74d9211e5b3079fa930446b751d61b97
ori_fleetbase_v4,Ori-Fleetbase-v4,50,53,5a9d5ea66bcf040cb63e047927999f8d94c6cfc0,5a9d5ea66bcf,False,65f57ff50f7b32c1a0ad896591c9452539613c81,"feat: add geofence alerts/events API layer ? resources, filters, controllers, routes",Alyssa King,heidiolson@example.com,2026-03-29T11:30:46+03:00,099f5c9b141bfc98ba91fde2aaf621b04be2594f,c59be9c7d8b3b4943f1f516ff5637707710fc50c
ori_fleetbase_v4,Ori-Fleetbase-v4,51,53,e58fcee3654a326a8ffd92ae856d0376881c33e6,e58fcee3654a,False,aadf86ed70d9b135b6f47b93e9a3d234681f853c,"feat: add GeofenceService detection engine, GeofenceTriggered event, and async job",Alyssa King,heidiolson@example.com,2026-03-29T11:31:45+03:00,5a9d5ea66bcf040cb63e047927999f8d94c6cfc0,3b6a128e98ea599c88a952d16acc459159e886ad
ori_fleetbase_v4,Ori-Fleetbase-v4,52,53,3b8d991ce464fecc99c7559cbec4924ebcae153c,3b8d991ce464,False,427e12a2db8c5f8fef99ad7385577a9d42579222,"feat: wire geofence notification, listener, and tracking integration",Alyssa King,heidiolson@example.com,2026-03-29T11:33:02+03:00,e58fcee3654a326a8ffd92ae856d0376881c33e6,e85f89b3186b88615b289a03d6581d8433cce060
ori_fleetbase_v4,Ori-Fleetbase-v4,53,53,7772d2a798f8acf67251541c5283cef3da3e4aa5,7772d2a798f8,False,ac76d8678578218d10e834c19f3c6e2db8083445,fix: add validation guards and harden geofence and order flows,Alyssa King,heidiolson@example.com,2026-03-29T12:22:05+03:00,3b8d991ce464fecc99c7559cbec4924ebcae153c,6c9a6ea01ef34b51d29c28624920d90b926f7078
record_store_app,record-store-app,1,13,691b05fdd214b52f2b89fab2d155b7e0c9c0ea55,691b05fdd214,False,ea1a0a6c6696c5ed42e5e2c583b95d09de280b7b,feat: submit promo code on Enter key press,Margaret Arroyo,amanda88@example.com,2026-03-30T18:51:04+03:00,b2e2be913458b5c1ccbe9aede886f0fd0084964c,0092ad4104e7267a86022888a66b452d4796b595
record_store_app,record-store-app,2,13,70895ed71248a5e56acee7ddde4540831db2ceee,70895ed71248,False,f413a933a2425d962b6ec112318d3dbb1b1900e2,fix: reset applied promo when cart items are modified,Margaret Arroyo,amanda88@example.com,2026-03-31T10:00:41+03:00,691b05fdd214b52f2b89fab2d155b7e0c9c0ea55,ec581a3bcbdf136b8f486fff3af16d5c85e1786e
record_store_app,record-store-app,3,13,d06d41506df67d7fa95e872679aac17f4ea8b427,d06d41506df6,False,b7f47e2b7d426a4ee9f970ef165033b44e6dce20,refactor: align cart rate variable name with backend terminology,Margaret Arroyo,amanda88@example.com,2026-03-31T10:28:11+03:00,70895ed71248a5e56acee7ddde4540831db2ceee,7213736ef160e8a2d465a76597fadb1369f8e0cd
record_store_app,record-store-app,4,13,b62676ff1b13ee9f9602d480222f95a1a7e38f49,b62676ff1b13,False,d3ffea023d04d7d3f3270d747b1701f6206ea6f2,feat: show genre tag on cart items when promo is applied,Margaret Arroyo,amanda88@example.com,2026-03-31T10:29:33+03:00,d06d41506df67d7fa95e872679aac17f4ea8b427,5fc1543a3aa88649304cbd62e385b8ebef87af63
record_store_app,record-store-app,5,13,fad61fe75afa8f81ccaa8a0aa6f40705a650779b,fad61fe75afa,False,3025c435e1d2acb7d3161da7b9ea6f32f25e170c,style: disable apply button while promo code is being validated,Margaret Arroyo,amanda88@example.com,2026-03-31T10:29:57+03:00,b62676ff1b13ee9f9602d480222f95a1a7e38f49,bc15a7d9024e8c0c82aa886580dde71d161af877
record_store_app,record-store-app,6,13,cc2bea81489cbc9d1772f0e5fa4709973de8189f,cc2bea81489c,False,34e6e7669b3bfd8077d12121c7d34c48025014c9,style: update promo confirmation message wording,Margaret Arroyo,amanda88@example.com,2026-03-31T10:30:21+03:00,fad61fe75afa8f81ccaa8a0aa6f40705a650779b,5164b253c447292170d6c8dcd16644341d5f7b1c
record_store_app,record-store-app,7,13,8525e219910e2cbaaa3ebb2c0af0827249486743,8525e219910e,True,99f910101e4ea964d77dc25ab544d03277bde88f,refactor: move discount calculation to client side,Margaret Arroyo,amanda88@example.com,2026-03-31T10:31:00+03:00,cc2bea81489cbc9d1772f0e5fa4709973de8189f,60758b9ff5a174499d7250c3f88fc3880cb6b67d
record_store_app,record-store-app,8,13,8b9409fa2a059605121854458eca14c306e01554,8b9409fa2a05,False,3d71616056b2eedd0e48ddabb5c6a0b01b30779b,feat: close record modal on Escape key,Margaret Arroyo,amanda88@example.com,2026-03-31T11:04:00+03:00,8525e219910e2cbaaa3ebb2c0af0827249486743,c305a07064004f1893b90b4115c236e0ee831d36
record_store_app,record-store-app,9,13,4245ab0339ea881c0cc17282110453e4c08b7514,4245ab0339ea,False,2ae2ee063b6a7923008317ad05880aa16d8354fc,feat: add price sort to catalog filters,Margaret Arroyo,amanda88@example.com,2026-03-31T11:17:00+03:00,8b9409fa2a059605121854458eca14c306e01554,4bdd38d6d0eb122a4af0fae50074d789e13ebf3d
record_store_app,record-store-app,10,13,5b1090c389afbee743e964c5e9591a6f9d021a54,5b1090c389af,False,6282caf422b57bb9d103744b19bf862c47765dfe,style: dim out-of-stock cards in catalog grid,Margaret Arroyo,amanda88@example.com,2026-03-31T11:21:00+03:00,4245ab0339ea881c0cc17282110453e4c08b7514,1db3d5b5505dd359eade14d3e7a2ff6197a4c99d
record_store_app,record-store-app,11,13,560ef5fbaa14a90a2d2c41772177df08656685f7,560ef5fbaa14,False,deb3a59721b6f0e69f63fc0001ca015e0f4fc43d,feat: show cart item count in browser tab title,Margaret Arroyo,amanda88@example.com,2026-03-31T14:33:00+03:00,5b1090c389afbee743e964c5e9591a6f9d021a54,28586f183a9ffd0d29a84348163aa7e7f0af2bef
record_store_app,record-store-app,12,13,29f1b554c4e079f18cef7330fc8631f745b14470,29f1b554c4e0,False,74e3dc9a1b6cffa4aae8fdce5a46676ac0f1da26,feat: add clear cart button,Margaret Arroyo,amanda88@example.com,2026-03-31T14:51:00+03:00,560ef5fbaa14a90a2d2c41772177df08656685f7,1d7f852a2e8091f46cf362904821a6ea0e85b563
record_store_app,record-store-app,13,13,cb7fe1ad604b54cbef52ce4e997c967c10338871,cb7fe1ad604b,False,b2a895394aa214e21b874365ceff689e2815aa90,feat: show record label on catalog cards,Margaret Arroyo,amanda88@example.com,2026-03-31T15:05:00+03:00,29f1b554c4e079f18cef7330fc8631f745b14470,c2b1a6bd4037296d2b6a36f98233a08d093515ab
wikijs_hoch,wikijs-hoch,1,17,7adf8422d6294e70ceb860147afbc122c44fd2e2,7adf8422d629,False,cd9ec1e6071db8ac8da0653cf8c3110d87c471bb,fix: apply theme style to embedded diagram svg (#7903),Jessica Howard,juan54@example.net,2026-01-20T22:40:00+01:00,a84fbc8d527bacac7e489e5e346f16c2b974d03f,210141c68e35bdc840099bfa7160cd8a5626c03f
wikijs_hoch,wikijs-hoch,2,17,866c0ce859d6bba3c8a28c049e82ebcd442dffcb,866c0ce859d6,False,3f271ab1fda5b20ee558cb94eeee312b399c8277,fix: diagram svg styling add `!important` qualifier for light scheme (#7905),Jessica Howard,juan54@example.net,2026-01-22T18:27:29+01:00,7adf8422d6294e70ceb860147afbc122c44fd2e2,6e00d427b7892c81b834ea0c91858951e9ff753d
wikijs_hoch,wikijs-hoch,3,17,3d8d3afae7251d724c16a1d6ea2409f39365f2a8,3d8d3afae725,False,cc4c1f8a359a11b790e55c3271853fafc78ee0a0,feat: map OIDC/OAuth2 avatar claims to user pictureUrl (#7908),Travis Hamilton,uandersen@example.net,2026-01-24T00:36:52+01:00,866c0ce859d6bba3c8a28c049e82ebcd442dffcb,ea34ea8d0a9bb5b08b75bc2e89ea780458159ab7
wikijs_hoch,wikijs-hoch,4,17,18392c397cf408ebae71eabdf65eb665296ee640,18392c397cf4,False,e1f69aeaa25c17488e415afa795c71ac6d68f4c1,fix: validate loginRedirect cookie to prevent open redirect (#7923),Tammy Dyer,stephen22@example.org,2026-02-12T02:27:36Z,3d8d3afae7251d724c16a1d6ea2409f39365f2a8,2cc3b8e4e6687d2a7154053a7ca799942fdff461
wikijs_hoch,wikijs-hoch,5,17,c641225e057e2327c96596b2bf7c2231554fed8f,c641225e057e,False,750bfd9bb6bae1bfa363593afa57182ac5b96de9,fix: authenticate GraphQL subscription WebSocket connections (#7922),Tammy Dyer,stephen22@example.org,2026-02-12T02:40:25Z,18392c397cf408ebae71eabdf65eb665296ee640,84daf7139e16651f4595402783b23192b0d79438
wikijs_hoch,wikijs-hoch,6,17,cc8cc420df8def1081e36dd91ce01b8a036987c6,cc8cc420df8d,False,ee7703cd92f79a6545d176048948b5dae9392b4e,fix(helm): Replace bitname PostgreSQL chart with custom statefulset (#7936),Lori Moore,estradaaaron@example.org,2026-02-22T00:04:24-05:00,c641225e057e2327c96596b2bf7c2231554fed8f,9db13e48b47d6834bdb926a00e916f118f40c6fb
wikijs_hoch,wikijs-hoch,7,17,05be9f8e0347d4c16a87778c27e16d8d79446e4a,05be9f8e0347,False,1872564fa6be077d254447ed29f4bb89637740fd,ci(helm): fix chart versioning,Lori Moore,estradaaaron@example.org,2026-02-22T00:13:49-05:00,cc8cc420df8def1081e36dd91ce01b8a036987c6,8ed391ffa4d63c6b439f53c2aab12dac91e02f7a
wikijs_hoch,wikijs-hoch,8,17,bfc3c00bf7822dbef4e09943fa11aa267ef010d6,bfc3c00bf782,False,fd311eef87b707bb6fec6e10649c83172b05a38b,ci(helm): use prod chart,Lori Moore,estradaaaron@example.org,2026-02-22T00:22:00-05:00,05be9f8e0347d4c16a87778c27e16d8d79446e4a,be996c16df052bbf1fc5d1f8ebb45b35ae9cc678
wikijs_hoch,wikijs-hoch,9,17,a8ec22361eefd316780f82be1d7f5c4e06806ef6,a8ec22361eef,False,410e513a13e68ffcbd2eefcd9624693e49244f59,ci: update packer definition,Brian Sims,iroberts@example.org,2026-02-26T04:42:58-05:00,bfc3c00bf7822dbef4e09943fa11aa267ef010d6,b6f589ae398d6413081456c9c1c9d8e4c97ce4de
wikijs_hoch,wikijs-hoch,10,17,a6b0d4600763def474d96adb2a4a39cdb2fed22a,a6b0d4600763,False,5ff6684cd63a6ccfe5eb736c9e6f50e00417be25,ci: update packer build workflow,Brian Sims,iroberts@example.org,2026-02-26T04:51:10-05:00,a8ec22361eefd316780f82be1d7f5c4e06806ef6,1d179c2af08ded397c00ffde43a73efa0703dcd2
wikijs_hoch,wikijs-hoch,11,17,a336d7bcbb6cf21406520ff6e41723e25192a83d,a336d7bcbb6c,False,5d7b1cf32027b9ef385be2dac65dee06ef3d85a1,ci: fix packer docker script,Brian Sims,iroberts@example.org,2026-02-26T04:59:50-05:00,a6b0d4600763def474d96adb2a4a39cdb2fed22a,d7a676b1c64162018c8cceb231160bf6fe0b0e5c
wikijs_hoch,wikijs-hoch,12,17,2298e20e886790d0a95a4a85543a732d66eb7b19,2298e20e8867,False,ee73c97bf6bde6750279471cc950d9e3a286f21d,ci: purge droplet-agent in packer cleanup script,Brian Sims,iroberts@example.org,2026-02-26T05:10:46-05:00,a336d7bcbb6cf21406520ff6e41723e25192a83d,b3cbe2a5b8042ccdc2a16824eae5cb4a8f39f299
wikijs_hoch,wikijs-hoch,13,17,c26436f8967f54e3578468b5b038a1b787042618,c26436f8967f,False,9286cd7881b9cbb37f7c1bc9703b96a6f178f614,ci: fix packer cleanup script,Brian Sims,iroberts@example.org,2026-02-26T05:23:59-05:00,2298e20e886790d0a95a4a85543a732d66eb7b19,fe34b4c9a45535ce29b7c76d40f885df896f563f
wikijs_hoch,wikijs-hoch,14,17,ea03cef51d1b6a0b6133ceff7ddebdad51e60975,ea03cef51d1b,False,91cf4bedca54faa1aae7cd512f940f36cd0634c3,ci: pin packer postgres to 17,Brian Sims,iroberts@example.org,2026-02-26T05:41:53-05:00,c26436f8967f54e3578468b5b038a1b787042618,abf470ac2695dd8bc8d76f1d37ce52e2440247d8
wikijs_hoch,wikijs-hoch,15,17,49e005508d52db8f52e0689388638696ac6c562f,49e005508d52,False,64a7ef90379b99747f919f6eceda0a0e94173425,docs: Update README,Lori Moore,estradaaaron@example.org,2026-03-23T12:04:41-04:00,ea03cef51d1b6a0b6133ceff7ddebdad51e60975,33ab908f654100e2b3c99287e257ff081d5fb915
wikijs_hoch,wikijs-hoch,16,17,4e6a9e1829072cdb278eabfffb4e82b57f0d3dfc,4e6a9e182907,True,43438ff4f78510dadf9858cd98706f2bf532b431,feat: add TimeToEditsMap for per-minute edit history tracking,Evan Ward,emilymurphy@example.com,2026-03-29T12:19:52+03:00,49e005508d52db8f52e0689388638696ac6c562f,4ac9c421aacad0da22755b37ba9fb10ef4d238b6
wikijs_hoch,wikijs-hoch,17,17,c3a33c56ad8a62893c1f3cea05b6f4a55174cc7d,c3a33c56ad8a,True,0b00745ab52640e2927ad0e1a22464f707339aa3,feat: persist edit history to SQL DB via editHistory table,Evan Ward,emilymurphy@example.com,2026-03-29T14:12:41+03:00,4e6a9e1829072cdb278eabfffb4e82b57f0d3dfc,6c28c649fd9882ca1b24d5ae3c0a33bea774de23
yael_snipeit,yael_snipeIT,1,120,c8b63e998db5130fc015ea1f1ea37bdcfa69babc,c8b63e998db5,True,8eaa9cc7ba3d3897994856b9bf427d0efcf79582,feat: RiskSnapshot value object,David Mcdowell,bvaughn@example.com,2026-03-27T17:22:41+03:00,13248669423b546be3c0bdce3050f419fcffc886,0ed75b5462e14ae27a932a961fcb384c497ca256
yael_snipeit,yael_snipeIT,2,120,e9f588f83fc49f6306d242c526f567f8d0e79d05,e9f588f83fc4,False,fdfb1e88580fa375960177a5ef1ef0b96bc63cd0,feat: RiskScore result object,David Mcdowell,bvaughn@example.com,2026-03-27T17:22:58+03:00,c8b63e998db5130fc015ea1f1ea37bdcfa69babc,d9a1ce8d2804ec9f97a53cbc24f56e3eb9228fdd
yael_snipeit,yael_snipeIT,3,120,aa68d746ae0101b9d288da1e4629904d343377a5,aa68d746ae01,False,ef226ff0ad452fa3ce47137a2498cc4a2670a0b0,feat: RiskScorer weighted engine,David Mcdowell,bvaughn@example.com,2026-03-27T17:23:21+03:00,e9f588f83fc49f6306d242c526f567f8d0e79d05,3c52788667ff34ab558b654546a5a0277786872a
yael_snipeit,yael_snipeIT,4,120,584533d691907483409adece3706d38035f730a2,584533d69190,False,ede94f3677a658d6f60495f79045cb94ea7ba8be,feat: RiskMetricCollector,David Mcdowell,bvaughn@example.com,2026-03-27T17:23:56+03:00,aa68d746ae0101b9d288da1e4629904d343377a5,07c3d03f8bbb0d35b554bfcd9e281953bacef20f
yael_snipeit,yael_snipeIT,5,120,3974f0df6ec7612a34b347c2558da38e092a584f,3974f0df6ec7,False,072ecb40d0c9448e658b5295f191317d1f11f963,feat: ProtectionMode circuit breaker,David Mcdowell,bvaughn@example.com,2026-03-27T17:24:18+03:00,584533d691907483409adece3706d38035f730a2,0d4dbcb9a313aba5d5e3d6d4729f01529fbbef1e
yael_snipeit,yael_snipeIT,6,120,c9dbd3adf3116a0c940e5724e16c2384792e8b64,c9dbd3adf311,False,cb9c738b51b7eef5153f07e45fa32d49e4f8b655,feat: RiskScorerService orchestrator,David Mcdowell,bvaughn@example.com,2026-03-27T17:24:37+03:00,3974f0df6ec7612a34b347c2558da38e092a584f,94c2f70e3f0dcccc7344f63b6162014ad28a5a97
yael_snipeit,yael_snipeIT,7,120,2dc5448a86bebe37ac5ca4109c492aecb56301bf,2dc5448a86be,False,a16edf4d5a35c1c72a09fb67fee6b42332ade8e3,feat: RiskThresholdExceeded notification,David Mcdowell,bvaughn@example.com,2026-03-27T17:25:06+03:00,c9dbd3adf3116a0c940e5724e16c2384792e8b64,d8b23ae9a90b983bb749a3601010038d2b9117fb
yael_snipeit,yael_snipeIT,8,120,b048d961da3b460cf0f8bfc278ed1bca9d910796,b048d961da3b,False,fe6d69b30f5cabe15251cc45167e16f73e5d5f5c,feat: EvaluateRisk artisan command,David Mcdowell,bvaughn@example.com,2026-03-27T17:25:31+03:00,2dc5448a86bebe37ac5ca4109c492aecb56301bf,bb01755043981bff5a0cf1620b8d9f8ce109700f
yael_snipeit,yael_snipeIT,9,120,9ad4ce4ea3a055813719ae8487a104305d624266,9ad4ce4ea3a0,False,7d731ff7315e8ce35b81cc97ccc1266b8eec7973,test: RiskScorer unit tests,David Mcdowell,bvaughn@example.com,2026-03-27T17:26:02+03:00,b048d961da3b460cf0f8bfc278ed1bca9d910796,7b90320f0deb551858a55fcf648078b407f7d422
yael_snipeit,yael_snipeIT,10,120,ca0948766914ff078c0c40e980889072a3f13c3b,ca0948766914,False,a15525defe537650518c951d7538a7bdd98d7903,refactor: use now() in AssetObserver log entries,David Mcdowell,bvaughn@example.com,2026-03-27T19:33:59+03:00,9ad4ce4ea3a055813719ae8487a104305d624266,919a54f5dd51354cea28678515826cca6920ca66
yael_snipeit,yael_snipeIT,11,120,97112b46943db3c78bf2574d0b2afc8b61306e19,97112b46943d,False,380cb70cc067534716ef2d4dbf64795e3f8d3c93,refactor: use now() in UserObserver log entries,David Mcdowell,bvaughn@example.com,2026-03-27T19:34:04+03:00,ca0948766914ff078c0c40e980889072a3f13c3b,4ccf36d4dbc85e1bc7dff944c78b5976bf710ccc
yael_snipeit,yael_snipeIT,12,120,c79085600764774f7d0a4bf0a9fd45f8e6cb4a75,c79085600764,False,410a56cb6fe15967aff56308e62ac9782206ba70,refactor: use now() in LocationObserver log entries,David Mcdowell,bvaughn@example.com,2026-03-27T19:34:09+03:00,97112b46943db3c78bf2574d0b2afc8b61306e19,1f981325506cc367464aff918f301f09937d286e
yael_snipeit,yael_snipeIT,13,120,853f8d58aef9bef5be8bbc83a2280b04cca4e2a9,853f8d58aef9,False,d56f4f0bc6a323c514daac960769094e396e125c,refactor: use now() in MaintenanceObserver log entries,David Mcdowell,bvaughn@example.com,2026-03-27T19:34:14+03:00,c79085600764774f7d0a4bf0a9fd45f8e6cb4a75,fbcace90a04759d811a8f7961a3fb9e138953f65
yael_snipeit,yael_snipeIT,14,120,a5ee55902c7f97e13b1e16b34867cf9b133c328d,a5ee55902c7f,False,eb9d8b7613b4c24fb07f00a51b05330ecc5fc923,docs: list exact action types in recentWarningEvents description,David Mcdowell,bvaughn@example.com,2026-03-27T19:34:33+03:00,853f8d58aef9bef5be8bbc83a2280b04cca4e2a9,4f88ab6aaf94d69e4c3f9a2907146beff3954776
yael_snipeit,yael_snipeIT,15,120,59286c529d4de2fbcefe31258a3f5fc2f3208bf5,59286c529d4d,False,2801009b9b8fd6da216b7d5984c63839716565e0,docs: add data sources table and future metric candidates,David Mcdowell,bvaughn@example.com,2026-03-27T19:34:56+03:00,a5ee55902c7f97e13b1e16b34867cf9b133c328d,14512cfbafb80d98a3cc750c7af8195911ab2aa8
yael_snipeit,yael_snipeIT,16,120,c30ae935a05c1414f566c6dc8892dcd524ff5f17,c30ae935a05c,False,2ca6a301ce50c6a91585d4c51c8ca233c9cef0e8,fix: dominantMetric returns none when all contributions are zero,David Mcdowell,bvaughn@example.com,2026-03-27T19:35:07+03:00,59286c529d4de2fbcefe31258a3f5fc2f3208bf5,d0188fbe21358bd2975ab7bdac5679e1f03fdc13
yael_snipeit,yael_snipeIT,17,120,cc9a1b386225455781729f846f685569d28c105e,cc9a1b386225,False,beddbab08ff550bb5e2e8ea326a7bb90a28d5ff6,refactor: strict comparisons and trim recipients in SendInventoryAlerts,David Mcdowell,bvaughn@example.com,2026-03-27T19:35:21+03:00,c30ae935a05c1414f566c6dc8892dcd524ff5f17,e6be5c0d8e64f709bc128dd605891e91cebbeb4f
yael_snipeit,yael_snipeIT,18,120,93311a3ea7119581e5f1c0c1c504dcc665753658,93311a3ea711,False,dae95bd36a85d9447b408abee4547e6410172b75,refactor: trim recipients and simplify conditions in SendExpectedCheckinAlerts,David Mcdowell,bvaughn@example.com,2026-03-27T19:35:52+03:00,cc9a1b386225455781729f846f685569d28c105e,f4a818a5d0b433d8dd4ae29396c12e89d3936c67
yael_snipeit,yael_snipeIT,19,120,6a735fef7cd6659880bdaf49f03bf40a54c239ce,6a735fef7cd6,False,26d18d593dea7a9d8723b49ab006b54ce5ef09a6,refactor: strict comparisons in SendExpirationAlerts,David Mcdowell,bvaughn@example.com,2026-03-27T19:36:02+03:00,93311a3ea7119581e5f1c0c1c504dcc665753658,446c888cd212ac37f1b083d8943bc90c745776cd
yael_snipeit,yael_snipeIT,20,120,c181e6e60c772f27f89fd6732b385c123e4cce77,c181e6e60c77,False,0d8bc640f7d064be4fb368b8bf9a5dc0e4e640b8,refactor: use empty() for alert_email check in SendUpcomingAuditReport,David Mcdowell,bvaughn@example.com,2026-03-27T19:36:32+03:00,6a735fef7cd6659880bdaf49f03bf40a54c239ce,7f54538dd658de127f496857774258200e0a9c98
yael_snipeit,yael_snipeIT,21,120,8125827e503ce42c21d3c252485200600ecddc65,8125827e503c,False,d83ce845f6dde6ca0732bd7b15615125212ca6ff,refactor: use DB facade instead of global alias in PurgeLoginAttempts,David Mcdowell,bvaughn@example.com,2026-03-27T19:36:43+03:00,c181e6e60c772f27f89fd6732b385c123e4cce77,cc59395bddfd65440af30563a7e43d82d39643cf
yael_snipeit,yael_snipeIT,22,120,b48a0233441fcf2e1b69a703966f49f23ded3fd3,b48a0233441f,False,81a1d4907e6225099c6b3cb45d0f3e9bddfe5f8c,refactor: use now() in AccessoryObserver log entries,David Mcdowell,bvaughn@example.com,2026-03-27T19:47:11+03:00,8125827e503ce42c21d3c252485200600ecddc65,0db7b993440aa3291afd9d96105a7431cf6a409a
yael_snipeit,yael_snipeIT,23,120,d4859e4cd26c136fd2d67fedbcf99c24626fb8e3,d4859e4cd26c,False,8cf652eeeac6d4525c420d6e4fb0aa028143866c,refactor: use now() in ComponentObserver log entries,David Mcdowell,bvaughn@example.com,2026-03-27T19:47:17+03:00,b48a0233441fcf2e1b69a703966f49f23ded3fd3,8bdcdf120cf03f07141fe7d648bda8a5fbd9ec0f
yael_snipeit,yael_snipeIT,24,120,190257742059cd2dba900d8a0e6685e014958afc,190257742059,False,9476e6c7f58d28e0acec166072e4de25fd24e062,refactor: use now() in ConsumableObserver log entries,David Mcdowell,bvaughn@example.com,2026-03-27T19:47:22+03:00,d4859e4cd26c136fd2d67fedbcf99c24626fb8e3,e957a6cd18216c393ed2f1332103d71e03bcc1c9
yael_snipeit,yael_snipeIT,25,120,d4adaaf45eb4229ecf9e13da7fc5a034c8664f54,d4adaaf45eb4,False,f1d305352ec23a3937e99560acf14ae1a959c3ae,refactor: use now() in LicenseObserver log entries,David Mcdowell,bvaughn@example.com,2026-03-27T19:47:27+03:00,190257742059cd2dba900d8a0e6685e014958afc,5f8f5dfeb4ebc85d10afaceb7e7cffd962f57720
yael_snipeit,yael_snipeIT,26,120,2d23bb4e5a8b60daed32dee3fa2216f0cb9e3b66,2d23bb4e5a8b,False,33340f9c86c40f24b84b977fa2e8b0702431d415,docs: fix copy-paste docblock in AccessoryObserver,David Mcdowell,bvaughn@example.com,2026-03-27T19:47:41+03:00,d4adaaf45eb4229ecf9e13da7fc5a034c8664f54,fa553bda3479db48051635654ca8805a946f00ea
yael_snipeit,yael_snipeIT,27,120,101b0778efa885b5ee5dd1598201956b7049637b,101b0778efa8,False,b94bc62f3994d671f6c3263e650e48df2c43c6e0,docs: fix copy-paste docblock in ComponentObserver,David Mcdowell,bvaughn@example.com,2026-03-27T19:47:52+03:00,2d23bb4e5a8b60daed32dee3fa2216f0cb9e3b66,4842b03db26733d36695a8e19d0ba5c9387af37b
yael_snipeit,yael_snipeIT,28,120,73b597efdaecf4116604ec8f16a5b3fa36fe22d8,73b597efdaec,False,8099adf4d222cf8d7fcbdb78536398d4a8f1653c,docs: fix copy-paste docblock in ConsumableObserver,David Mcdowell,bvaughn@example.com,2026-03-27T19:47:58+03:00,101b0778efa885b5ee5dd1598201956b7049637b,32e079de8665b92b34198aec28eff8d44d98f8ab
yael_snipeit,yael_snipeIT,29,120,6710438134be8b464428c4b897dfeebd63aa9252,6710438134be,False,77fbb25cf5b413619c5e383e2b00244d8c121680,docs: fix copy-paste docblocks in remaining observers,David Mcdowell,bvaughn@example.com,2026-03-27T19:48:19+03:00,73b597efdaecf4116604ec8f16a5b3fa36fe22d8,b14cda5fd51fd5ecc73c7254e2afc9d979fe15ec
yael_snipeit,yael_snipeIT,30,120,99b409b597f938d6bc59663b4752361a94a3faea,99b409b597f9,False,a480a501452e1e6e0bb6878d4e88f012ee026983,"feat: store since, reason, and triggered_by in protection mode cache",David Mcdowell,bvaughn@example.com,2026-03-27T19:48:43+03:00,6710438134be8b464428c4b897dfeebd63aa9252,ffe18a9b28abe4cf562b022c211113832239edb9
yael_snipeit,yael_snipeIT,31,120,08ce9cd192d63e58d55a165e1d3d088ec7334de4,08ce9cd192d6,False,c1005a2daccbf8f53e3ec96093fa359c9b9707a6,feat: ProtectionModeEnabled event,David Mcdowell,bvaughn@example.com,2026-03-27T19:48:58+03:00,99b409b597f938d6bc59663b4752361a94a3faea,5045b0a6ec438b9dbbab29ad248878e0dfc86bf5
yael_snipeit,yael_snipeIT,32,120,650dc9560fa09b8e766d57f20f2acf99f7fcfd7c,650dc9560fa0,False,78a02fd1dfb057dbeb6dba2aa2f75dc5637f18fd,feat: ProtectionModeDisabled event,David Mcdowell,bvaughn@example.com,2026-03-27T19:49:05+03:00,08ce9cd192d63e58d55a165e1d3d088ec7334de4,0f8f3ec5d689f82ee714b2a4edda79a860f206fd
yael_snipeit,yael_snipeIT,33,120,5f7efec069486718e3d8eea0cfe8b56d7039eda4,5f7efec06948,False,be308624b41674971372f163aef6b408587f4fd0,refactor: use now() in AccessoryCheckinController,David Mcdowell,bvaughn@example.com,2026-03-27T19:49:25+03:00,650dc9560fa09b8e766d57f20f2acf99f7fcfd7c,8e551b9f5268bd6232e512e56dea887ec85acb6d
yael_snipeit,yael_snipeIT,34,120,f63290b27e43972dc918b311c3ced60a39f66c83,f63290b27e43,False,664835ad7b1cc9eb4bddcd5b2857a2e54a6c55bf,refactor: use now() in ComponentCheckoutController pivot insert,David Mcdowell,bvaughn@example.com,2026-03-27T19:49:33+03:00,5f7efec069486718e3d8eea0cfe8b56d7039eda4,fbe57f278360af7de04381f04c4ce8f752327f96
yael_snipeit,yael_snipeIT,35,120,d87db14dd44ea492ef3e3300966b32b70ef0cd4d,d87db14dd44e,False,a24854b718f70299f0126a689b60e3d6919fec5e,feat: fire ProtectionModeEnabled and ProtectionModeDisabled events,David Mcdowell,bvaughn@example.com,2026-03-27T19:49:52+03:00,f63290b27e43972dc918b311c3ced60a39f66c83,f956648362c026fa8d7654808662fa601e65f501
yael_snipeit,yael_snipeIT,36,120,7aad7446222ac42df8c301c1b722548865f1cc66,7aad7446222a,False,a286a537f0df2bbfa00c1ed9918e9b2b86f5c0e0,refactor: use now() and Log facade in CancelCheckoutRequestAction,David Mcdowell,bvaughn@example.com,2026-03-27T19:50:12+03:00,d87db14dd44ea492ef3e3300966b32b70ef0cd4d,219f001ec63791b73374dfea2b8f3a8b2493dc17
yael_snipeit,yael_snipeIT,37,120,ef2316bd98c836a055353e29ced81119ab81e16b,ef2316bd98c8,False,bd06efb215e3400c50567d0366d960fc37b547d9,refactor: use now() and Log facade in CreateCheckoutRequestAction,David Mcdowell,bvaughn@example.com,2026-03-27T19:50:23+03:00,7aad7446222ac42df8c301c1b722548865f1cc66,fd35654a36b44c80340ea76849be2f8b956226fa
yael_snipeit,yael_snipeIT,38,120,a8befac1a46552d8303daddd06413205c7a5c650,a8befac1a465,False,43772cfaa8e773f40f5e8874a419f111f9745ea4,feat: EnforceProtectionMode middleware,David Mcdowell,bvaughn@example.com,2026-03-27T19:50:49+03:00,ef2316bd98c836a055353e29ced81119ab81e16b,160d05938474d5db052de570adc9fe89d05ed31b
yael_snipeit,yael_snipeIT,39,120,79392b4810786f21fe737165eed362ae337a8826,79392b481078,False,89da555f43be0a639309ca971f0c31ae74982972,refactor: strict comparisons in RestoreDeletedUsers,David Mcdowell,bvaughn@example.com,2026-03-27T19:51:09+03:00,a8befac1a46552d8303daddd06413205c7a5c650,fbf2f6bdf86aa529123bba400f308eacd6d58ca5
yael_snipeit,yael_snipeIT,40,120,733338a82b82e8389967cb16ed302da580b54e11,733338a82b82,False,bf239cf3816f57e66e43163ded314bfe0723b2cb,feat: register protection.mode middleware alias in Kernel,David Mcdowell,bvaughn@example.com,2026-03-27T19:51:31+03:00,79392b4810786f21fe737165eed362ae337a8826,5f86410f03860cdad05c8b98ff96bb2720a27372
yael_snipeit,yael_snipeIT,41,120,9f250121d6b5aab146007f9ca1536a722e10fb22,9f250121d6b5,False,f0b7be8361ede16e75402afc70067b8c0c693d40,refactor: strict string comparisons in LdapSync,David Mcdowell,bvaughn@example.com,2026-03-27T19:51:53+03:00,733338a82b82e8389967cb16ed302da580b54e11,eea1e46f332c88d9321696a2bcc5bc951a1480f6
yael_snipeit,yael_snipeIT,42,120,f504a80b23e7d156cfc15e5e0ac00ac422ec9f4f,f504a80b23e7,False,05fcf0ca24b286381bfad352f61df96ebb991a71,"feat: ProtectionModeController with status, enable, disable, evaluate",David Mcdowell,bvaughn@example.com,2026-03-27T19:52:16+03:00,9f250121d6b5aab146007f9ca1536a722e10fb22,d3ab3fd9627b16c3a27981f1bda967ecb53954c0
yael_snipeit,yael_snipeIT,43,120,e83d79504914ff6dd01f1301c71d29da7b0a7e34,e83d79504914,False,748fbfad75524afbea7434d4d192ddfa75206274,refactor: use now() in ManufacturersController restore action,David Mcdowell,bvaughn@example.com,2026-03-27T19:52:23+03:00,f504a80b23e7d156cfc15e5e0ac00ac422ec9f4f,792c5bf48834f61e9e87cfdfa57f7f0fc8dbd7c7
yael_snipeit,yael_snipeIT,44,120,3d5eb33dbf974085fc7905e1848278f49f5472d8,3d5eb33dbf97,False,c3fe5c760db18bfc87bc3fa785af5b01df248114,refactor: use now() in LocationsController restore action,David Mcdowell,bvaughn@example.com,2026-03-27T19:52:25+03:00,e83d79504914ff6dd01f1301c71d29da7b0a7e34,e0bca9e7f033bd0c757adab24c89d054b301f28e
yael_snipeit,yael_snipeIT,45,120,9e7373240aae978a3566139cd5c3e54b44753aa5,9e7373240aae,False,9eb7725fdff2f6eecc12c6e6a7763a29467f0f45,refactor: use now() in AssetModelsController restore action,David Mcdowell,bvaughn@example.com,2026-03-27T19:52:31+03:00,3d5eb33dbf974085fc7905e1848278f49f5472d8,65045ac4f1593440098d90ee9bf906344ed2e3dd
yael_snipeit,yael_snipeIT,46,120,5bc5e91f542dcd683c15576e3f01c105d34106c8,5bc5e91f542d,False,969d3c89f2e48488ec07365d938a755fb1f8b9aa,refactor: use now() in ViewAssetsController request action,David Mcdowell,bvaughn@example.com,2026-03-27T19:52:34+03:00,9e7373240aae978a3566139cd5c3e54b44753aa5,c54a51f7515e9a55f6054793c37075f611a10f11
yael_snipeit,yael_snipeIT,47,120,5b75b2ec0ce4294240bfe7e4f190dabf905ac399,5b75b2ec0ce4,False,0e01afe3b07c49e2b8810d93ec81c7a9c44622d5,feat: register protection mode routes in web.php,David Mcdowell,bvaughn@example.com,2026-03-27T19:53:31+03:00,5bc5e91f542dcd683c15576e3f01c105d34106c8,f5e9cbb719fb90f280ebec05bc1be89ac2b6a26a
yael_snipeit,yael_snipeIT,48,120,db3933374b4bfeee6ef825eb929e1e2d42b56e2e,db3933374b4b,False,fae39d0021e2804cc16c9fed5227a4361cff000e,refactor: use now() in Api/ManufacturersController restore,David Mcdowell,bvaughn@example.com,2026-03-27T19:53:40+03:00,5b75b2ec0ce4294240bfe7e4f190dabf905ac399,acb1a0dffeb16da0d57b2bc2a24d7a5ca030a99e
yael_snipeit,yael_snipeIT,49,120,9752acfb3131f2f525059495f2974b491fe144c9,9752acfb3131,False,5f4601378f7eaed65203e8cc018c5e986da33805,refactor: use now() in web UsersController restore,David Mcdowell,bvaughn@example.com,2026-03-27T19:53:42+03:00,db3933374b4bfeee6ef825eb929e1e2d42b56e2e,9a0a6a2d1b7c4ab078586bcc83c46e1e828831ec
yael_snipeit,yael_snipeIT,50,120,a1dfefd4a2cdb70a55dbbcff63424eb13905e312,a1dfefd4a2cd,False,379ddb099231fb8477abf23dd1da29403b6d3248,refactor: use now() in Api/UsersController restore,David Mcdowell,bvaughn@example.com,2026-03-27T19:53:45+03:00,9752acfb3131f2f525059495f2974b491fe144c9,eba95f6f0bb66a0cfd81348f548fca416279ebf9
yael_snipeit,yael_snipeIT,51,120,c837822023275fd67e2282f06b10d5533de198c9,c83782202327,False,8cc99e8ae4d9a4316303d3d69b8f26267c4d2bd0,refactor: use now() in Api/AssetsController checkout and audit,David Mcdowell,bvaughn@example.com,2026-03-27T19:53:48+03:00,a1dfefd4a2cdb70a55dbbcff63424eb13905e312,367b2a397dab2f75052ea53ebe37df94dd8834db
yael_snipeit,yael_snipeIT,52,120,914299549c61bb7ae026eb7442873c8968e758a7,914299549c61,False,1216f71dad841ccbe60eda0ee860b67af5f9e08d,refactor: use now() in BulkAssetsController actions,David Mcdowell,bvaughn@example.com,2026-03-27T19:53:54+03:00,c837822023275fd67e2282f06b10d5533de198c9,a423193cdf18fb1f08f18179022e82bb948cebfb
yael_snipeit,yael_snipeIT,53,120,6eb80c0adfb5cb7cd13b5666e171fe72e42968b3,6eb80c0adfb5,False,b24daa96ecff3ddf5fef5feee9cb50baa329893c,refactor: use now() in AssetsController restore,David Mcdowell,bvaughn@example.com,2026-03-27T19:53:56+03:00,914299549c61bb7ae026eb7442873c8968e758a7,ed84a541638d764decf42469db6d816fec842168
yael_snipeit,yael_snipeIT,54,120,0458a413100650c6782875068a78b3ac6303bc89,0458a4131006,False,e1d9c6557c9dca9bf49822eba4279642ae6362b3,refactor: use now() in AssetCheckinController,David Mcdowell,bvaughn@example.com,2026-03-27T19:53:59+03:00,6eb80c0adfb5cb7cd13b5666e171fe72e42968b3,c6115a8bd9e52298951cb0152c03d5cb8cbbfa1e
yael_snipeit,yael_snipeIT,55,120,b600f236369381a9a22d9aa1cc0f08d0a20d4d8b,b600f2363693,False,056a8cc9e28b5720fdea4a08c2a6b765d9f184b9,refactor: use now() in AssetCheckoutController,David Mcdowell,bvaughn@example.com,2026-03-27T19:54:02+03:00,0458a413100650c6782875068a78b3ac6303bc89,a402ba8110b4d488a0e2b25af0f16eb425463a64
yael_snipeit,yael_snipeIT,56,120,a03f1caabc03d858223d8d880889ac4a9051d03f,a03f1caabc03,False,776933ebbe289445866281087816a3fa6823bf3a,feat: increase log verbosity during active protection mode window,David Mcdowell,bvaughn@example.com,2026-03-27T19:54:14+03:00,b600f236369381a9a22d9aa1cc0f08d0a20d4d8b,81a7a910527c3ccd644b29f3ce224367daa74def
yael_snipeit,yael_snipeIT,57,120,fb1934c78bf6c64fc09590757f6c29ef51093c26,fb1934c78bf6,False,0d6f39f3be18fb82f6037aa3643d5e20d4a9ca7d,refactor: use now() in AssetImporter date fields,David Mcdowell,bvaughn@example.com,2026-03-27T19:54:21+03:00,a03f1caabc03d858223d8d880889ac4a9051d03f,db05cdbd9e9bd5d9cfe068a03944e0dcf2970b5e
yael_snipeit,yael_snipeIT,58,120,1a7b51f2fea994bc1b851eb073e71ebebfc07c96,1a7b51f2fea9,False,1b2872fcc82c1ea3a6a8a85556325fcb2c979efd,refactor: use now() in ComponentImporter pivot insert,David Mcdowell,bvaughn@example.com,2026-03-27T19:54:23+03:00,fb1934c78bf6c64fc09590757f6c29ef51093c26,72956eb71b96df4aba742f03ebb43eec3cc6f434
yael_snipeit,yael_snipeIT,59,120,9af35de82a1b1b0f40283dbd601b1e22e22041b0,9af35de82a1b,False,4fe31772e5cb5501d2e5ef016ab8f7497b293ff9,feat: listener to write protection mode state changes to action_logs,David Mcdowell,bvaughn@example.com,2026-03-27T19:54:57+03:00,1a7b51f2fea994bc1b851eb073e71ebebfc07c96,f9bcef0d16cc6bf0ec572d0e879ddd96c052f22a
yael_snipeit,yael_snipeIT,60,120,0e473dd2fed71363ef899eed8b140e4ec73667ef,0e473dd2fed7,False,434c192d7f21653eadfe9d7611ddbb489a5676e5,feat: register protection mode listeners in EventServiceProvider,David Mcdowell,bvaughn@example.com,2026-03-27T19:55:10+03:00,9af35de82a1b1b0f40283dbd601b1e22e22041b0,67c828c6e571213ef833f147f63ec5813a8bc68f
yael_snipeit,yael_snipeIT,61,120,49518ea73c4fe311e29b0ababc4faed28228aebe,49518ea73c4f,False,5671321f4f62d68fc53d29eecc129907dac362a4,refactor: use now() default in CheckoutableCheckedIn event,David Mcdowell,bvaughn@example.com,2026-03-27T19:55:23+03:00,0e473dd2fed71363ef899eed8b140e4ec73667ef,6c047b8f2fe2ed44dbfe7c260c5129fab43c7acf
yael_snipeit,yael_snipeIT,62,120,110103d15fc93d9858038947488e0f197b2bd3f6,110103d15fc9,False,1d027213f629e2b4da248f14653be0c94f752796,refactor: use now() in Loggable trait action date fields,David Mcdowell,bvaughn@example.com,2026-03-27T19:55:29+03:00,49518ea73c4fe311e29b0ababc4faed28228aebe,2ad819624c1288870b6ba8f2fad22f54b0b7fc13
yael_snipeit,yael_snipeIT,63,120,8d3933d5ef244634358df834f0c8430c62b93d7a,8d3933d5ef24,False,95546832668a5b271cd0664d32ebc5d08277e340,refactor: use now() in Actionlog upload delete helper,David Mcdowell,bvaughn@example.com,2026-03-27T19:55:34+03:00,110103d15fc93d9858038947488e0f197b2bd3f6,e9cdfd8e4e65271adb3458ae5a0f8bacd173f77f
yael_snipeit,yael_snipeIT,64,120,2011c9ce2a0871bf02a70225bcdaceff9c4ea382,2011c9ce2a08,False,61e34ba27458c543d5fdcde58e05eadd4cac097a,feat: show protection mode metadata in EvaluateRisk output,David Mcdowell,bvaughn@example.com,2026-03-27T19:55:48+03:00,8d3933d5ef244634358df834f0c8430c62b93d7a,2fab9e4ae8992cbcf8469092e13a63dad003fd0c
yael_snipeit,yael_snipeIT,65,120,944897cdf854c98e79a3ad21949ab3b29980cea9,944897cdf854,False,e2ef954d794b242a34045df89e1b308a44a25229,refactor: use now() in Asset model checkout history,David Mcdowell,bvaughn@example.com,2026-03-27T19:55:57+03:00,2011c9ce2a0871bf02a70225bcdaceff9c4ea382,da14d48e1877e7a15e184595ecad680bb7eac1c4
yael_snipeit,yael_snipeIT,66,120,28a33af9e0720260094e9bf800bcd1e83d003235,28a33af9e072,False,29735b2fb85454170d09720cd285799e720efd91,refactor: use now() in PredefinedKitCheckoutService,David Mcdowell,bvaughn@example.com,2026-03-27T19:55:59+03:00,944897cdf854c98e79a3ad21949ab3b29980cea9,e3fa9db011bbb71bc466135692a814c5f22c402d
yael_snipeit,yael_snipeIT,67,120,d55c56a878afc96d6bff381d68e5d32a50c75693,d55c56a878af,False,1d3d75e591b5446747b59011d99408a5ae04abf1,fix: improve log call and remove debug comment in DeleteManufacturerAction,David Mcdowell,bvaughn@example.com,2026-03-27T19:56:40+03:00,28a33af9e0720260094e9bf800bcd1e83d003235,91c7281324555fe965f2a63b82cd04d9a8d5ed5a
yael_snipeit,yael_snipeIT,68,120,96935a5015c7c40b006f149392a9eab589427751,96935a5015c7,False,0429ce47677e1ca2e81c2d447de45a1da10c8052,fix: pass message string instead of exception object to Log::debug,David Mcdowell,bvaughn@example.com,2026-03-27T19:57:11+03:00,d55c56a878afc96d6bff381d68e5d32a50c75693,931944293c9a2c7c780d7868f51f8b5dca62e3ca
yael_snipeit,yael_snipeIT,69,120,c3b4ac83813a18f4db6f11d6295f400a5264f4f7,c3b4ac83813a,False,9cd000afbf7dc28e07e77d2af235ac6f97e168a4,fix: pass message string to Log::debug in AssetCountForSidebar,David Mcdowell,bvaughn@example.com,2026-03-27T19:57:29+03:00,96935a5015c7c40b006f149392a9eab589427751,42ccbd07fc11f5df11b4fca2ec1fe76d69e837a0
yael_snipeit,yael_snipeIT,70,120,87cabaab4e430d1f263b6150fa8650eee36994ca,87cabaab4e43,False,33dc690f74b1bf3b280e3a41c8fdc0130cc02d57,fix: pass message string to Log::debug in UploadFileRequest,David Mcdowell,bvaughn@example.com,2026-03-27T19:57:32+03:00,c3b4ac83813a18f4db6f11d6295f400a5264f4f7,20f642b7ba0f12f79d6620f44c99b0c550c14435
yael_snipeit,yael_snipeIT,71,120,7733014793a5b0fda4564efad0ee6507134bd120,7733014793a5,False,04f3e2269a27e35d1eb5e4829c5fcaed79d65d83,fix: pass message string to Log methods across multiple files,David Mcdowell,bvaughn@example.com,2026-03-27T19:58:02+03:00,87cabaab4e430d1f263b6150fa8650eee36994ca,a12f33787d027d44fa14cd2ac6ac9deb4dc163c1
yael_snipeit,yael_snipeIT,72,120,7be60789fe1c9415dd202fa629aac1ce636a2faf,7be60789fe1c,False,1d949c6366b8e9c6d832c3880eb3ddbbc986998a,fix: pass message string to Log::debug in controllers and commands,David Mcdowell,bvaughn@example.com,2026-03-27T19:58:21+03:00,7733014793a5b0fda4564efad0ee6507134bd120,5139bae2dcd9136c214255609f79c78b927e4355
yael_snipeit,yael_snipeIT,73,120,70c25403a2476925ce381bcc422ff31b230562dc,70c25403a247,False,a10d2d3e73c33392c5091a168f40825a43fc92ad,refactor: use Log facade instead of global alias in importers,David Mcdowell,bvaughn@example.com,2026-03-27T19:58:57+03:00,7be60789fe1c9415dd202fa629aac1ce636a2faf,87223c54d1e550d6f48f80c49cc3deae98278ce3
yael_snipeit,yael_snipeIT,74,120,d35140aa6faa9c51c053c414647dc25efc87d62f,d35140aa6faa,False,99eb214e25359bab07adb2e5cc77f9eb4473015a,refactor: use Log facade instead of global alias in Group model,David Mcdowell,bvaughn@example.com,2026-03-27T19:59:25+03:00,70c25403a2476925ce381bcc422ff31b230562dc,7e7fcb49f310c36ed8e9b57362d1d83d94a45bb8
yael_snipeit,yael_snipeIT,75,120,e36275b3c05d3784d8f25059c0c12f0da4851330,e36275b3c05d,False,748677a1ec1fea21a4788ed05c412cf4b4eb649d,fix: pass message string to Log methods in AcceptanceController and LdapSync,David Mcdowell,bvaughn@example.com,2026-03-27T19:59:43+03:00,d35140aa6faa9c51c053c414647dc25efc87d62f,a801193488a9e49f76471cba0d8d8ab75795284b
yael_snipeit,yael_snipeIT,76,120,da325982906f2a382f775264140d3e3fc6bd89f0,da325982906f,False,3b075f5b33d440672d5c47b84b195b59ede3cd7f,refactor: use DB facade instead of global alias in KillAllSessions,David Mcdowell,bvaughn@example.com,2026-03-27T20:02:34+03:00,e36275b3c05d3784d8f25059c0c12f0da4851330,b789ee35a9cd3d812e9d63d918e9efc146606952
yael_snipeit,yael_snipeIT,77,120,99ce7f879ab5bb8c512f5c96050238f1a073d0b5,99ce7f879ab5,False,684b963fc8a34a0d48bd3d12348357a8be149040,refactor: replace global DB alias with facade in PaveIt,David Mcdowell,bvaughn@example.com,2026-03-27T20:02:43+03:00,da325982906f2a382f775264140d3e3fc6bd89f0,18a0c663e024f29bfd228803f1f7a88fa1f678bd
yael_snipeit,yael_snipeIT,78,120,aa4043c1863cc7711d31c5337bb7766dbe8de30b,aa4043c1863c,False,6cd9af79ceb697f4fbd7eeb0d0bf6be292fc2b40,refactor: use DB and Schema facades in ReEncodeCustomFieldNames,David Mcdowell,bvaughn@example.com,2026-03-27T20:03:00+03:00,99ce7f879ab5bb8c512f5c96050238f1a073d0b5,237189fc09079a7b20faaa83c0f43dccb891006f
yael_snipeit,yael_snipeIT,79,120,2c73f0adb5ed0e5d8c52a1972d222564054cd9f7,2c73f0adb5ed,False,f6d1fd2f35ba26e8a9474524243019847ee22816,refactor: use DB facade instead of global alias in RestoreFromBackup,David Mcdowell,bvaughn@example.com,2026-03-27T20:03:17+03:00,aa4043c1863cc7711d31c5337bb7766dbe8de30b,c3e28e5ac64ee4c3c8a12a5fb9ec521926620b30
yael_snipeit,yael_snipeIT,80,120,49f7d5ccac9f24d11c0a623177172dee05592877,49f7d5ccac9f,False,a2e5185ef367f80f184d766eb93430c995996887,refactor: replace global Log alias with facade in AuditNotification,David Mcdowell,bvaughn@example.com,2026-03-27T20:03:38+03:00,2c73f0adb5ed0e5d8c52a1972d222564054cd9f7,71ad7f0063f7826d6664fae4d7d4442303aaca8d
yael_snipeit,yael_snipeIT,81,120,a44b3f3ff1086ed5dbcf6489f61dad8eefed5e6d,a44b3f3ff108,False,c5f345d9a9820431c9f7726fddf571041d6cf189,refactor: use Log facade instead of global alias in User model,David Mcdowell,bvaughn@example.com,2026-03-27T20:04:07+03:00,49f7d5ccac9f24d11c0a623177172dee05592877,4bd9ae833ba71a14fde1460a2bbe6890c737cf54
yael_snipeit,yael_snipeIT,82,120,e3a40197679543699514a4b5a445db788dc8260b,e3a401976795,False,c4149df4c18f7a94b8b82eeaec121a3cd074ffd9,refactor: replace global Log alias with facade in Ldap model,David Mcdowell,bvaughn@example.com,2026-03-27T20:05:20+03:00,a44b3f3ff1086ed5dbcf6489f61dad8eefed5e6d,25550d4c348b7777d1f0c597aa2c5cd87a277719
yael_snipeit,yael_snipeIT,83,120,dbe2b88f653ee701e404e861fe79b8e5176ad65e,dbe2b88f653e,False,3b63df98cc22dd40944474f5ce93f41f0fe2cc1f,refactor: use Log facade and pass message string in ProfileController,David Mcdowell,bvaughn@example.com,2026-03-27T20:06:00+03:00,e3a40197679543699514a4b5a445db788dc8260b,7625850479f22d0ca514ac605ec7408670bcf2ee
yael_snipeit,yael_snipeIT,84,120,726be011af9a5c61b855e08ab2970b658f1c50b0,726be011af9a,False,cc78da2fe848862199efcc4f7b681380d6de8959,refactor: use Log facade instead of global alias in ImportController,David Mcdowell,bvaughn@example.com,2026-03-27T20:09:44+03:00,dbe2b88f653ee701e404e861fe79b8e5176ad65e,f165719e1efc89544165dfd01e60b63f2ddf83f4
yael_snipeit,yael_snipeIT,85,120,319b38bcfaa46670933b0f5fb499a18fe7758abf,319b38bcfaa4,False,282eee293c781922e515f75012c5d9fbd8782a3f,refactor: use Log facade instead of global alias in AssetsController,David Mcdowell,bvaughn@example.com,2026-03-27T20:09:45+03:00,726be011af9a5c61b855e08ab2970b658f1c50b0,663f9b395c25c2f178d5e54fd4d1a6a26163cda3
yael_snipeit,yael_snipeIT,86,120,c9347516607e426d10eb82a2ee6150115f583484,c9347516607e,False,2781a96463b182afd978293709af14bd57f74d99,refactor: use Log facade instead of global alias in LdapSync,David Mcdowell,bvaughn@example.com,2026-03-27T20:09:48+03:00,319b38bcfaa46670933b0f5fb499a18fe7758abf,d273051ea22d7908898978f4daa005ceca48abeb
yael_snipeit,yael_snipeIT,87,120,a62ab2691da06df8386068c42b71e06e0c00efd0,a62ab2691da0,False,0a4be45b209e17b6a13137c67b801a8c084f7952,refactor: use Log facade in AccessoryCheckoutRequest,David Mcdowell,bvaughn@example.com,2026-03-27T20:10:03+03:00,c9347516607e426d10eb82a2ee6150115f583484,f1c7d0af998fc81f1c8995e79c3c2667dfa9add2
yael_snipeit,yael_snipeIT,88,120,ea3d02355c6bbe2dc35daa3252653344d0c16bdf,ea3d02355c6b,False,a37f1851f9e043382415af49c76f133551acad32,refactor: use Log facade in AssetImporter,David Mcdowell,bvaughn@example.com,2026-03-27T20:10:38+03:00,a62ab2691da06df8386068c42b71e06e0c00efd0,a7014ce53457f6e440dcc4b2ee46907f61de24fa
yael_snipeit,yael_snipeIT,89,120,349f0cda38f6a53966f94971e77fb2230bb99f13,349f0cda38f6,False,f26ae3a364dae1fe939e07dfb9bd8b675302b483,fix: use strict comparison for ldap_pword check in RotateAppKey,David Mcdowell,bvaughn@example.com,2026-03-27T20:11:52+03:00,ea3d02355c6bbe2dc35daa3252653344d0c16bdf,fc45bc3d40c822b195c1944a79251ae4924a87ed
yael_snipeit,yael_snipeIT,90,120,91f3134692d191949867adf01994b596cd57484f,91f3134692d1,False,df4db79d1170ccbdf5a9ab4747f4c6a4bb289537,fix: use empty() for blank option checks in GeneratePersonalAccessToken,David Mcdowell,bvaughn@example.com,2026-03-27T20:12:00+03:00,349f0cda38f6a53966f94971e77fb2230bb99f13,adcd4a7bf84cb1b3a6bbd05593b1824265940d5b
yael_snipeit,yael_snipeIT,91,120,a8f08664a0e94be40531dadbc2be90056fbee2a4,a8f08664a0e9,False,1ef9d2891c961a3e31691f7fbf0bc28605432c68,fix: use empty() for required field checks in CreateAdmin,David Mcdowell,bvaughn@example.com,2026-03-27T20:12:18+03:00,91f3134692d191949867adf01994b596cd57484f,2cbad42fb477f71533923bdd5ef04fac9ab61dd2
yael_snipeit,yael_snipeIT,92,120,799d20421b32014df4c1ba4b5fbfb714fc55ee1e,799d20421b32,False,90a57cc32bf69fbcea9ae3d8e1213d62974406c8,fix: use empty() for option check in PurgeEulaPDFs,David Mcdowell,bvaughn@example.com,2026-03-27T20:12:31+03:00,a8f08664a0e94be40531dadbc2be90056fbee2a4,5b6f4980c618ef23cba0a528e5d038e578ed47ae
yael_snipeit,yael_snipeIT,93,120,c97670d2f672c7d1364531f2a51c0f6bf9ae29c5,c97670d2f672,False,5e93d084b52585241029b946f27055553cd2a212,fix: use trashed() instead of deleted_at comparison in API restore endpoints,David Mcdowell,bvaughn@example.com,2026-03-27T20:13:59+03:00,799d20421b32014df4c1ba4b5fbfb714fc55ee1e,05036da57eb264cf43ba06994fb34775be3b433a
yael_snipeit,yael_snipeIT,94,120,47350ce30f98c60aad07536265d286999efe970a,47350ce30f98,False,ba9952a7ae5dd32e7a53be5fe0969bd752c2e53e,fix: use trashed() instead of deleted_at comparison in web restore actions,David Mcdowell,bvaughn@example.com,2026-03-27T20:14:28+03:00,c97670d2f672c7d1364531f2a51c0f6bf9ae29c5,a0b04235c1cf42a06fc66e507cb1ee640b875364
yael_snipeit,yael_snipeIT,95,120,57f7e58960fce3aa8f0e25e6e331d35db47cfa25,57f7e58960fc,False,bb2f9b6784c38d23b781871fe440ebd9f66d527a,fix: use empty() for alert_email check in ViewAssetsController,David Mcdowell,bvaughn@example.com,2026-03-27T20:14:40+03:00,47350ce30f98c60aad07536265d286999efe970a,184f9726cbf5c41974f173063af2952135b49be5
yael_snipeit,yael_snipeIT,96,120,bfb033b7120c3fddfaaaad00035335f67fcbf7a8,bfb033b7120c,False,95986ede3f01a10999761fc2cacc5b76854d937f,fix: use empty() for filename check in Actionlog get_src,David Mcdowell,bvaughn@example.com,2026-03-27T20:15:26+03:00,57f7e58960fce3aa8f0e25e6e331d35db47cfa25,98cd3ec2d6d813467f0779ec91bfd37db4be0c1b
yael_snipeit,yael_snipeIT,97,120,54661d31ca9bfe1f9e13acf38cf63ec608491652,54661d31ca9b,False,0d577db6d5d438e60ee530b32559e9c233d6c20d,fix: use empty() for url check in Supplier addhttp,David Mcdowell,bvaughn@example.com,2026-03-27T20:15:26+03:00,bfb033b7120c3fddfaaaad00035335f67fcbf7a8,ea722afd0f41901e5a7f14270784c5f329be72df
yael_snipeit,yael_snipeIT,98,120,9ee6b9fef4d604222f09309db003e57606832759,9ee6b9fef4d6,False,e53ee153a6eeef273fc3ac2735b1f4aaf8337e88,fix: use empty() for email checks in UsersController,David Mcdowell,bvaughn@example.com,2026-03-27T20:15:57+03:00,54661d31ca9bfe1f9e13acf38cf63ec608491652,04e7789d2692a15a9c05e65edd2d8fca50976ac3
yael_snipeit,yael_snipeIT,99,120,9146bbbf8a92d6b11284e8867e92fd5b178ea232,9146bbbf8a92,False,dd6948035411db692876c3ae3655b7bb856dd9ab,fix: use empty() for email check in BulkUsersController,David Mcdowell,bvaughn@example.com,2026-03-27T20:16:12+03:00,9ee6b9fef4d604222f09309db003e57606832759,c5e650cb685c1f1b3f261262947e8590e770d1b8
yael_snipeit,yael_snipeIT,100,120,503cd9683154472b339208c9d7a9f606dc3e4f21,503cd9683154,False,471879d54c029657b94e25b07f5bce7587c1967a,"fix: use empty() for username, employee_num, email checks in API UsersController",David Mcdowell,bvaughn@example.com,2026-03-27T20:16:41+03:00,9146bbbf8a92d6b11284e8867e92fd5b178ea232,faad1cc60a4d2961014837b9e9d8a2d1c7004be2
yael_snipeit,yael_snipeIT,101,120,949518a28b6166d159f051cb0b0fa94f21a0bbe8,949518a28b61,False,34cda172f2d4eca22792b6e1545162d7131b7d8e,fix: use empty() for color check in StatuslabelsController,David Mcdowell,bvaughn@example.com,2026-03-27T20:16:59+03:00,503cd9683154472b339208c9d7a9f606dc3e4f21,04eb07cdc2de5d0b05690dac1e0223f9cb2dc227
yael_snipeit,yael_snipeIT,102,120,69c67551316b83d965725d473d5f724aeee1eff6,69c67551316b,False,ff6017f30f22f867870a2d5c62e19930c7062211,fix: use empty() for model_number check in API AssetModelsController,David Mcdowell,bvaughn@example.com,2026-03-27T20:16:59+03:00,949518a28b6166d159f051cb0b0fa94f21a0bbe8,e390cf0fd94ea9c490874cd326fe811557373faa
yael_snipeit,yael_snipeIT,103,120,31706e69747b5597f92ce1bef7980b79020bd8f9,31706e69747b,False,2b273d9edc14f5394de39a96b678d6004d0649da,fix: pass message string to Log::error in LocationsController,David Mcdowell,bvaughn@example.com,2026-03-27T20:17:32+03:00,69c67551316b83d965725d473d5f724aeee1eff6,36270ad18322ceaea96e52e6cba2310e1f3a3cf3
yael_snipeit,yael_snipeIT,104,120,51c726f1b1095d3c7d8cfed1263fb1ecde983842,51c726f1b109,False,745889a826c9b4a734a5815d12fc2e1028f5c91b,fix: use empty() for webhook and checkin field checks in notifications,David Mcdowell,bvaughn@example.com,2026-03-27T20:18:25+03:00,31706e69747b5597f92ce1bef7980b79020bd8f9,516deb6d5f406bd133a38b05798ead7141b50edc
yael_snipeit,yael_snipeIT,105,120,b7acd97cf69997df909593eb724a8fbcce25c85f,b7acd97cf699,False,b96c902b8d723604cc437747059ff4490f06fca6,fix: use empty() for email and expected_checkin checks in checkout notifications,David Mcdowell,bvaughn@example.com,2026-03-27T20:18:26+03:00,51c726f1b1095d3c7d8cfed1263fb1ecde983842,56c3633a0406dee02200801bbd7e6b644664785e
yael_snipeit,yael_snipeIT,106,120,f48dbca74d2e62a4db7cbc7f9bffc37e6baac919,f48dbca74d2e,False,39e516685bfeae32deb4898e396987a125d0dcb4,fix: use empty() for null/blank checks in UserImporter,David Mcdowell,bvaughn@example.com,2026-03-27T20:19:34+03:00,b7acd97cf69997df909593eb724a8fbcce25c85f,094e447be4f922d5dd807645cfb24571c8f3714d
yael_snipeit,yael_snipeIT,107,120,41f76dfc5cdc793fa4d9a90fa44d9895d54eaf63,41f76dfc5cdc,False,6e7b61d67855ac1cd6c3adb679d8b40b34360057,fix: use empty() for field checks in LicenseImporter,David Mcdowell,bvaughn@example.com,2026-03-27T20:19:58+03:00,f48dbca74d2e62a4db7cbc7f9bffc37e6baac919,f1260c199c76225bf5640e850738b3cff2e08a3c
yael_snipeit,yael_snipeIT,108,120,92c6bc76bcd4a85f67620a5a2954be383fd2a5fc,92c6bc76bcd4,False,6dea183b5606e916ffe8d1803bb979f3a0f1cba2,fix: use empty() for field checks in base Importer class,David Mcdowell,bvaughn@example.com,2026-03-27T20:20:21+03:00,41f76dfc5cdc793fa4d9a90fa44d9895d54eaf63,188a8691fec185281819bcb2d63391cc92b963ce
yael_snipeit,yael_snipeIT,109,120,ac1712aeb1bffa70848d7887c10e372b72e6ee01,ac1712aeb1bf,False,70bc273bf23f3424728960e0c733c6536ae8044a,fix: use empty() for ID presence checks in importers,David Mcdowell,bvaughn@example.com,2026-03-27T20:20:54+03:00,92c6bc76bcd4a85f67620a5a2954be383fd2a5fc,9810615b4ce45ee2b92749b788797e5f8e913e00
yael_snipeit,yael_snipeIT,110,120,dc3a9a1e1b7a9d242c6ac34c67ab94295b0b8018,dc3a9a1e1b7a,False,2dd2ee7217a12bc945eb96b028ebe8addc7b2813,fix: use empty() for permissions check in User model,David Mcdowell,bvaughn@example.com,2026-03-27T20:21:30+03:00,ac1712aeb1bffa70848d7887c10e372b72e6ee01,a0b5d8d1ef1edc30c9425e33988c78ef632c6a3a
yael_snipeit,yael_snipeIT,111,120,b124159f9fb2bc8510d8bb9cde1b650a71fdedb9,b124159f9fb2,False,7dd8ba659a34aeac3ee83021bc19bfae6da4672b,fix: use empty() for email null/blank check in ReportsController,David Mcdowell,bvaughn@example.com,2026-03-27T20:22:21+03:00,dc3a9a1e1b7a9d242c6ac34c67ab94295b0b8018,56a81874c15ed680977d529d18a30c44fe7c8e5f
yael_snipeit,yael_snipeIT,112,120,5b6ae4d0fb48db11a9329ad43d3f736037614ec0,5b6ae4d0fb48,False,8cbcfde31a5ca1c07ae7ec69969b1cbcd910753f,fix: use filled() for per_page request check in SettingsController,David Mcdowell,bvaughn@example.com,2026-03-27T20:22:21+03:00,b124159f9fb2bc8510d8bb9cde1b650a71fdedb9,c9eb40604a0c885ce8fa9c586ec98a4abd96b64e
yael_snipeit,yael_snipeIT,113,120,0287e37138acbb30420aa860653d1706cfaf76d1,0287e37138ac,False,13817261da0af5bad5e11443a84db7a1de174d15,fix: use strict null comparisons in CheckoutAcceptance PDF generation,David Mcdowell,bvaughn@example.com,2026-03-27T20:23:43+03:00,5b6ae4d0fb48db11a9329ad43d3f736037614ec0,74f39a26d76edb910aeced5556778d9b904312e0
yael_snipeit,yael_snipeIT,114,120,ba79a032c7f5b903239f909a36bef122c75affb1,ba79a032c7f5,False,5dadb152e13c89546e7b86f35d914864f742000d,fix: use strict null comparison for completion_date in MaintenancesController,David Mcdowell,bvaughn@example.com,2026-03-27T20:24:01+03:00,0287e37138acbb30420aa860653d1706cfaf76d1,5dbd431b7cea5ec60d049e3df1452ed39718ef28
yael_snipeit,yael_snipeIT,115,120,8f75dd5aa5e75d84482e9ea0c033b5b5f7c95338,8f75dd5aa5e7,False,065e68f7e242e9d1387537af1d983ba301a05f91,fix: use strict null comparison in CheckoutAcceptance isPending,David Mcdowell,bvaughn@example.com,2026-03-27T20:24:24+03:00,ba79a032c7f5b903239f909a36bef122c75affb1,039eeeabdeb8cb5e6d87f9e37201cd32e87e53c4
yael_snipeit,yael_snipeIT,116,120,5bbc9b09c865eb62bc6a9746421a8944f368b2b3,5bbc9b09c865,False,28c87b310b70b84c9289e9e7f2b09cb3626c082d,fix: use strict null comparison for item check in ReportsController,David Mcdowell,bvaughn@example.com,2026-03-27T20:24:24+03:00,8f75dd5aa5e75d84482e9ea0c033b5b5f7c95338,ffe1c86d54ad2c3fff254dfce03e4ec0430fb514
yael_snipeit,yael_snipeIT,117,120,7d145f1f955d14ac1b7d3dde4b96b176dcce8a2a,7d145f1f955d,False,ceeeecdac4d8f038cc3644b4264daa8701296dc6,fix: use empty() for cookie null+blank check in Ldap pagination loop,David Mcdowell,bvaughn@example.com,2026-03-27T20:24:39+03:00,5bbc9b09c865eb62bc6a9746421a8944f368b2b3,2840a0dc6091dee74e0eec0e5606c33c6c8694ee
yael_snipeit,yael_snipeIT,118,120,9a92141753ba05cbcd91436854ed25bc119c526a,9a92141753ba,False,6ea9d9d12fae79e35b07fd6c6e73395fa753a674,fix: use empty() for email check in AcceptanceController,David Mcdowell,bvaughn@example.com,2026-03-27T20:26:11+03:00,7d145f1f955d14ac1b7d3dde4b96b176dcce8a2a,f201afb4465ffa5a2ba3435ba4adaae185285586
yael_snipeit,yael_snipeIT,119,120,35191621ceb166c016323ef527c65d2947fbaa99,35191621ceb1,False,3b37a3feeffc0acabad0e9351037668fdef331d4,feat: wire protection.mode to hardware and user routes,David Mcdowell,bvaughn@example.com,2026-03-27T22:24:06+03:00,9a92141753ba05cbcd91436854ed25bc119c526a,0357aaf9149787af3667d3fe6eb8d9a5a25d3896
yael_snipeit,yael_snipeIT,120,120,ac2eadff3dc7b8dc54e86e3cbd70ac939e79829a,ac2eadff3dc7,False,e285e93cf45ab985b69f39fc0570ab952cec4008,commit,David Mcdowell,bvaughn@example.com,2026-03-30T16:38:31+03:00,35191621ceb166c016323ef527c65d2947fbaa99,9f5fc2b19ed16c381fdb7a116acf8137925c29b4
ardupilot,ardupilot,1,50,afea07f3165f6ee665b25faaefb5702c4a2283bd,afea07f3165f,False,482342340ddccf83abadb7c7c94ccb987ed5d3f4,hwdef: fold minimal_GPS.inc into sole user,Carolyn Maldonado,davisharold@example.org,2024-05-21T14:09:27+10:00,7706bf4d228c5fd70993401dbfb0ffdfe479af30,e41547218e93d8d6e20ee0e81a0dce08875e1deb
ardupilot,ardupilot,2,50,d3b0a6e9d97bcd0d4be022c50df643651db6c66d,d3b0a6e9d97b,False,766d92faa6a2c65b05975da0f27d10a1714e8dda,autotest: add test for Copter behaviour in guided with force-arm,Carolyn Maldonado,davisharold@example.org,2024-05-21T17:57:15+10:00,afea07f3165f6ee665b25faaefb5702c4a2283bd,1987e25f4628517f42d1d2f579bcdb40d75b84e7
ardupilot,ardupilot,3,50,7acb9d3a23a6c154d069fe0049c92142221a9ab4,7acb9d3a23a6,False,fcebd0c8c2f13fd6cb1aa397fea7d94245851277,Copter: avoid Guided submode change unless can change Loc to Vec-from-origin,Carolyn Maldonado,davisharold@example.org,2024-05-21T18:48:15+10:00,d3b0a6e9d97bcd0d4be022c50df643651db6c66d,e8df51cc12f5f604ef9b5f9605ed25c76d148fcc
ardupilot,ardupilot,4,50,29a458234af17741c033683bb5a74465d1894922,29a458234af1,False,0c6f3964382a77ee375623cca029df7d4cd966fd,AP_Scripting: docs: document all functions currently documented on the wiki,Christopher Davis,hodgenichole@example.org,2024-05-07T03:55:00+01:00,7acb9d3a23a6c154d069fe0049c92142221a9ab4,0ba6ed0a890e985618303bcfb5c846e01d921e96
ardupilot,ardupilot,5,50,8d49d415ba9de6f8ca8ebbdc451f7829db296009,8d49d415ba9d,False,17083b54f8f882549576345e20a4b535e7823a60,Plane: ensure the dshot type gets set,Gregory Gonzalez,christine14@example.org,2024-05-18T14:10:48+01:00,29a458234af17741c033683bb5a74465d1894922,74ff9b6b6ab551e97cfab75f373cfb49bd0ff4f7
ardupilot,ardupilot,6,50,3861ca8166f8fcb31ae1bbfadec9b93c4608bc2a,3861ca8166f8,False,8e399cffbe43af8ada4065f196c96f25f7f1133b,AP_InternalError: fix signedness issue with snprintf,Alejandro Snyder,thomas44@example.net,2020-09-01T00:27:03-04:00,8d49d415ba9de6f8ca8ebbdc451f7829db296009,75c25995c9abf20fefcf8b0d5dbed8f01ea40ed4
ardupilot,ardupilot,7,50,47200056894019b2286098a844cef5f892abaa4d,472000568940,False,05b8c28ea926b6f8de0d07e861c5bac3ba2811b1,AP_GPS: allow handling of AP_MAVLINK_MSG_HIL_GPS_ENABLED to be compiled out,Carolyn Maldonado,davisharold@example.org,2024-05-21T20:13:39+10:00,3861ca8166f8fcb31ae1bbfadec9b93c4608bc2a,2b3b8b008f0cb8b65f2c036183234bc637af7a6a
ardupilot,ardupilot,8,50,d64980b058bdd32dee885eac118cc25a77828030,d64980b058bd,False,b7cf418d1ec73f30290d44472c6cd933986d561f,GCS_MAVLink: allow handling of AP_MAVLINK_MSG_HIL_GPS_ENABLED to be compiled out,Carolyn Maldonado,davisharold@example.org,2024-05-21T20:13:39+10:00,47200056894019b2286098a844cef5f892abaa4d,38d13b5e308a72496ac57b8a606313e6ac7cb38b
ardupilot,ardupilot,9,50,5f515596b3093862bed41598861fef474ec76df4,5f515596b309,False,7194c6e72ead9755679948ef7fa359ca29df862a,Tools: allow handling of AP_MAVLINK_MSG_HIL_GPS_ENABLED to be compiled out,Carolyn Maldonado,davisharold@example.org,2024-05-21T20:13:40+10:00,d64980b058bdd32dee885eac118cc25a77828030,caf81426601a9454d84e30fefb2698d6dc33e39c
ardupilot,ardupilot,10,50,c201e819c32cf421f3a368748b09849e54103b9b,c201e819c32c,False,77adb5586d1e33cd8ef3764e1c320bfa5a569b9c,AP_HAL_ChibiOS: Added mag and dataflash logging support to AnyLeaf H7,Gary Wright,kthompson@example.org,2024-05-22T11:00:24-04:00,5f515596b3093862bed41598861fef474ec76df4,df147dd80ccff53aa612d03cd97b8505b29af6cf
ardupilot,ardupilot,11,50,20b320e80b97f8d6cb566ed72e7b8e2a82528ee2,20b320e80b97,False,ee7e8661ed0795457030b29bae0c984f7bd89bb4,autotest: add test for EK3_OGN_HGT_MASK bug,Carolyn Maldonado,davisharold@example.org,2024-04-29T14:42:57+10:00,c201e819c32cf421f3a368748b09849e54103b9b,189541905bfe02d182d1091b12d98f9fff5ee5f4
ardupilot,ardupilot,12,50,15143d63449ee59dee76661edbe00ed0574c05be,15143d63449e,True,fd2c8e58169a7675be9810a9a007a472e400b259,AP_NavEKF3: Adjust sensor height when EK3_OGN_HGT_MASK bit 2 is set,Gabriel Hoffman,elizabeth78@example.net,2024-05-21T20:26:26+10:00,20b320e80b97f8d6cb566ed72e7b8e2a82528ee2,5294892ad2947375c4c5e30f7fe5806299dcd197
ardupilot,ardupilot,13,50,69d1b8df2f8e995cb564bf4d841f2027e28ccf43,69d1b8df2f8e,False,4c23e3f8f0f529c1384b0460d303217424e0ff93,AP_NavEKF3: Remove unncessary local position height reporting offset,Gabriel Hoffman,elizabeth78@example.net,2024-05-21T20:56:48+10:00,15143d63449ee59dee76661edbe00ed0574c05be,cef2c6111c296bd5d01e9c24196a7ee66b770613
ardupilot,ardupilot,14,50,59a9a43ecf412b6d630d7f9bcb322e6a6f2388bd,59a9a43ecf41,False,5e2e1b3beec0ed3e47d27b28c1fef7e8f91d115a,RC_Channel: detect duplicate aux functions with an ID >256,Tony Mercer,yjohnson@example.org,2024-05-22T20:08:08+10:00,69d1b8df2f8e995cb564bf4d841f2027e28ccf43,b7e93b5dde0640871f30fa1a596ee6212945c92e
ardupilot,ardupilot,15,50,0c3b0281c02e24462099d41d5ff0b88c770839c3,0c3b0281c02e,False,aee86ab627d3dcbe4380b65edbffce9481488b83,Tools: fix handling of include files for Periph,Morgan Richard,lindablackburn@example.com,2024-05-22T23:49:22-05:00,59a9a43ecf412b6d630d7f9bcb322e6a6f2388bd,ddf0be9c26357a078c43ffde0d423a2d22573612
ardupilot,ardupilot,16,50,91271541c0faeec2b3cd90d97fe14a479140e111,91271541c0fa,False,18d03c549e841e19bb83858ac65edf4c6d901f76,Tools: ros2: Fix plane launch headless,Betty Jones,natalierose@example.org,2024-05-22T01:02:25-07:00,0c3b0281c02e24462099d41d5ff0b88c770839c3,277445f26f99c7aa6e8580aa66ffb214d6e03a57
ardupilot,ardupilot,17,50,01f6ff5de2e6b1890d00ba3c8c750c33cb22985b,01f6ff5de2e6,False,13a5a35f5b8341e86d5413d58fd98cac2e110a2b,AP_DDS: ensure zero rotation quaternions are normalised,Heather Perry,robertgarrett@example.net,2024-05-23T13:02:08+01:00,91271541c0faeec2b3cd90d97fe14a479140e111,7397ecb08d20de24c2f1b17bfbb3d7120a8e2e38
ardupilot,ardupilot,18,50,eb076c34f8a38aa10e57a31211311dc9d22ec7fb,eb076c34f8a3,False,ead5f46a485956025dcb5e3eb9d0f1a3e9d6a0d4,board_types.txt: add Phenix board IDs,Alison Burgess,jesseweber@example.org,2024-05-27T11:01:20+08:00,01f6ff5de2e6b1890d00ba3c8c750c33cb22985b,3ae0ec17c68141b7000fdffaad3e9abbfc98c66c
ardupilot,ardupilot,19,50,9b2124a75dcaec486bbfb4a0eada0f9c54b2ad57,9b2124a75dca,False,780051e29651f2a5267555f8976e3bcbeb19a692,AP_HAL_ChibiOS: bi-directional dshot on iomcu F103 8MHz,Ann Woods PhD,zwood@example.net,2024-05-27T20:54:26+01:00,eb076c34f8a38aa10e57a31211311dc9d22ec7fb,6dc1182f8ae3615fb7b2c369b33f42185d75de8d
ardupilot,ardupilot,20,50,2868a574acd87d4f732f90b37a78717ebd92b1e7,2868a574acd8,False,a02d1fa4bb0c62cd955dd64982a61893a3659bef,IO_Firmware: bi-directional dshot on iomcu F103 8MHz,Ann Woods PhD,zwood@example.net,2024-05-27T20:54:26+01:00,9b2124a75dcaec486bbfb4a0eada0f9c54b2ad57,930624ce839aefe69fc1aca1ab9e86ff5bc19677
ardupilot,ardupilot,21,50,de0d4ea060fad86ba94f6117730fce78463c2d41,de0d4ea060fa,False,7340aee44fd6e76adc23797db9bb96c10ddddd0d,scripts: add iomcu-f103-8MHz-dshot to size_copmare_branches.py,Gregory Gonzalez,christine14@example.org,2024-05-27T21:04:25+01:00,2868a574acd87d4f732f90b37a78717ebd92b1e7,d31ed746e36241feac5164a5a29c5bde645b1c6b
ardupilot,ardupilot,22,50,e88577d2873c6e9345f7fc38d2c3e618c237b730,e88577d2873c,False,cfe8b9f7dd75d31dc1952c884697a9139d0f6544,SITL: remove references to legacy UART order,Kelsey Schroeder,adrianamolina@example.net,2024-04-06T09:57:27-05:00,de0d4ea060fad86ba94f6117730fce78463c2d41,a4b84e87917f846077ebbccbdd3c9a8eb2983939
ardupilot,ardupilot,23,50,6421b07c27c362d4746002458aed60b381f49331,6421b07c27c3,False,bd67c3a6f1781163290d4f89fa40ee6b26480a6e,Tools/ros2: remove forwarding of deprecated --uartX options,Kelsey Schroeder,adrianamolina@example.net,2024-04-06T10:00:34-05:00,e88577d2873c6e9345f7fc38d2c3e618c237b730,87b3eab5e8a34bcadcbe8c830fd1d7ba1366ff24
ardupilot,ardupilot,24,50,4cb100a6d99d057dcf8c1e5a371bf8d953a89a57,4cb100a6d99d,False,b68fa7c8c7e11bb185a37f81345533e86ffe671f,AP_HAL_SITL: remove deprecated --uartX options,Kelsey Schroeder,adrianamolina@example.net,2024-02-06T15:59:37-06:00,6421b07c27c362d4746002458aed60b381f49331,6401397bd326cda1b191e101d43dacca8bb3ab5c
ardupilot,ardupilot,25,50,9bbe1b083d73bb7d9856040d848269f1ea3f7993,9bbe1b083d73,False,e138ba10aedbcc9df863e1b879e3ce0eb1d88712,"AP_HAL: UARTDriver: Add new flow control option ""FLOW_CONTROL_RTS_DE"" for RS485 driver enable.",Christopher Davis,hodgenichole@example.org,2024-04-10T19:46:03+01:00,4cb100a6d99d057dcf8c1e5a371bf8d953a89a57,bf64e622a9f422f933cde82ac6bafce37c66f24c
ardupilot,ardupilot,26,50,db673afc8056bb0885c591bdab021a11dafcb9c1,db673afc8056,False,2ee5112e3d83254590b8d5a65f4f845183666bdf,AP_Scripting: allow new flow control type in `set_flow_control` binding,Christopher Davis,hodgenichole@example.org,2024-04-10T19:46:36+01:00,9bbe1b083d73bb7d9856040d848269f1ea3f7993,99a892e75d5e91e56a2600ad53a2df9accc9110c
ardupilot,ardupilot,27,50,9252de07175210ddb274295b1696eb2501d6359b,9252de071752,False,d27492bbee09cfdc27fdb0b05a3ee9811e0cd685,GCS_MAVLink: use new `flow_control_enabled` helper,Christopher Davis,hodgenichole@example.org,2024-04-10T19:47:24+01:00,db673afc8056bb0885c591bdab021a11dafcb9c1,5593116df70f615e86b38a3b8db0f932431af16e
ardupilot,ardupilot,28,50,6852609b5d844b5f05cd804701b2f04bf7c959c4,6852609b5d84,False,b3deaa143553f902f069a62569b9661d41971d6d,AP_BoardConfig: update RTSCTS param values for new option,Christopher Davis,hodgenichole@example.org,2024-04-30T13:27:02+01:00,9252de07175210ddb274295b1696eb2501d6359b,4eb94e904e91852ffd934996ac2df3e098c57b5a
ardupilot,ardupilot,29,50,b2c622432d4af0bdba0dc94efc0bd388d674f395,b2c622432d4a,False,2cc25e4a5f7c2f99ef81f5b36e0877f92941b187,AP_HAL_ChibiOS: hwdef.py: find alt function for UART RTS and add to init struct,Christopher Davis,hodgenichole@example.org,2024-04-30T17:42:33+01:00,6852609b5d844b5f05cd804701b2f04bf7c959c4,db372f5311a24bee90e454cd86ab6417234fec27
ardupilot,ardupilot,30,50,593bf4655e1bc62989fd5640d9706c3184fdfa27,593bf4655e1b,False,6cfab3c100508c18972efbd684c9fa3db4c3abf0,ChibiOS: UART: Add support for RS-485 Driver Enable RTS flow control,Christopher Davis,hodgenichole@example.org,2024-04-30T17:57:29+01:00,b2c622432d4af0bdba0dc94efc0bd388d674f395,7d7b3733877c15fe77cb99f93c454b20eb736eb4
ardupilot,ardupilot,31,50,a3c1a45f8e7bda1a2192b87eefcfdaa2b3e48e1d,a3c1a45f8e7b,False,237085f827e9bc9a8ffcc96489822ca7888ac25f,AP_SurfaceDistance: Start library for tracking the floor/roof distance,Jennifer Simpson,leebrittany@example.com,2024-05-01T13:50:30+01:00,593bf4655e1bc62989fd5640d9706c3184fdfa27,12cb55516e018610ca995f7a92d98b980dbdc5ff
ardupilot,ardupilot,32,50,bc67c7cd0043003ad9a5e66a68450ed5399e7847,bc67c7cd0043,False,bc75799dc01babb69818f61f7fe2bdda7174acd9,Copter: use new surface distance library,Jennifer Simpson,leebrittany@example.com,2024-05-01T13:50:58+01:00,a3c1a45f8e7bda1a2192b87eefcfdaa2b3e48e1d,e19562e4dddf9ca3c2762fae2d97e17dcb9ea572
ardupilot,ardupilot,33,50,cd1c17a34d182a513306d867c68890580ae3a6d0,cd1c17a34d18,False,cddfa11f27b5ca98a50f25663acad82e63e6ab2b,AP_HAL_ChibiOS: adds Flywoo/Goku F405 HD 1-2S ELRS AIO v2 flight controller support Co-authored-by: Henry Wurzburg <hwurzburg@yahoo.com>,Kayla Cruz,stricklandjames@example.org,2024-05-24T16:34:09-05:00,bc67c7cd0043003ad9a5e66a68450ed5399e7847,a168ebffa722dd1fa74e21fd7eb78ade709d90b9
ardupilot,ardupilot,34,50,693481a15e40fce3737db72bdc77f0a481be19dd,693481a15e40,False,ef5e764592d580a381cc5dd5ee86514e73b9f79f,Tools: adds Flywoo/Goku F405 HD 1-2S ELRS AIO v2 flight controller support Co-authored-by: Henry Wurzburg <hwurzburg@yahoo.com>,Kayla Cruz,stricklandjames@example.org,2024-05-24T16:34:09-05:00,cd1c17a34d182a513306d867c68890580ae3a6d0,89ddc44a8b7e406f8817225627b3967a99f2c404
ardupilot,ardupilot,35,50,ae4b3a50fbd6f96ceeeca06625d423f811e53c36,ae4b3a50fbd6,False,cf805b8cef37aa071d90b3c82f8e9f9876822066,Tools: Scripts: run_lua_language_check: give hint about github-release-downloader,Christopher Davis,hodgenichole@example.org,2024-05-21T01:03:34+01:00,693481a15e40fce3737db72bdc77f0a481be19dd,b6e7cc90f9490ac66ad059364057e8e8cb631ffb
ardupilot,ardupilot,36,50,bad3d0056ec746725b1b5e67275f030cdd5ea275,bad3d0056ec7,False,c65d7e64735f437ca67b20a32be23a99ab353d9c,AP_Scripting: remove support for REPL,Christopher Davis,hodgenichole@example.org,2024-05-23T22:00:45+01:00,ae4b3a50fbd6f96ceeeca06625d423f811e53c36,d04be2f1e121454ecd69b30150ba68c68dbd5019
ardupilot,ardupilot,37,50,3effc4fe408e53b27a713eb47ef6aa1b318bf9ab,3effc4fe408e,False,ebb7a5543d2b8f9db301368f56900ff847f8b101,GCS_MAVLink: default support for BATTERY2 sending to off,Carolyn Maldonado,davisharold@example.org,2024-05-24T10:55:01+10:00,bad3d0056ec746725b1b5e67275f030cdd5ea275,838e9b6ef261b988f206fc4a153d187d69652591
ardupilot,ardupilot,38,50,313324b7ceb654090c96f51084a4e7e2ba004eaf,313324b7ceb6,False,e50df3c28436a10d09882e24c0974911e9c4f363,waf: boards.py: use chibios_hwdef.py to get boards list,Carolyn Maldonado,davisharold@example.org,2024-05-25T10:23:46+10:00,3effc4fe408e53b27a713eb47ef6aa1b318bf9ab,8fedddcfabfd6217259552ad73950796d1f4fa6d
ardupilot,ardupilot,39,50,7e6fbdab0a49bbeac856b736fd49ba696f3951f0,7e6fbdab0a49,False,c6baa97398d6ef01caedaab0273d15e4cea4cf42,AP_DroneCAN: Serial: map baudrates so param works as expected,Christopher Davis,hodgenichole@example.org,2024-05-25T23:28:50+01:00,313324b7ceb654090c96f51084a4e7e2ba004eaf,0c4ba3900c1d292c8cb8dedd6950f1019e44c09b
ardupilot,ardupilot,40,50,b6ca7f4a2b99959ba33aec85d2b278d443f1df73,b6ca7f4a2b99,False,21ce42f1e397687c0f9850bd707e574456f590bb,SITL: update to work on newer cygwin versions,Lisa Burke,freemantimothy@example.net,2024-05-27T17:25:53+10:00,7e6fbdab0a49bbeac856b736fd49ba696f3951f0,0d0fa3107b727bfc7fc50bda3d92a377a138eb5f
ardupilot,ardupilot,41,50,53e6ad2a50cf30c19f154c78a2a208c93f03e233,53e6ad2a50cf,False,779dc9d2f346eba00630eaa8e4574c5515389d37,Plane: 4.5.3 release notes,Michael Guerrero,richardferguson@example.com,2024-05-28T12:04:40+09:00,b6ca7f4a2b99959ba33aec85d2b278d443f1df73,47ad2ea30ab289bed0ca73262f166859ba7d0022
ardupilot,ardupilot,42,50,ef030eb729812700864efa475ee6c042a83dd56f,ef030eb72981,False,0c73ecf3a0a4b967c56889c89e94889d198b6742,Tracker: 4.5.3 release notes,Michael Guerrero,richardferguson@example.com,2024-05-28T12:03:23+09:00,53e6ad2a50cf30c19f154c78a2a208c93f03e233,06e0c02e5a985279877c770877fff0339ec08f17
ardupilot,ardupilot,43,50,519db1c396bc28906cb000ead048afa43b2b227c,519db1c396bc,False,7fc959442d3b55ba5dbf25607fab842ab55ce5ea,Rover: 4.5.3 release notes,Michael Guerrero,richardferguson@example.com,2024-05-28T12:03:57+09:00,ef030eb729812700864efa475ee6c042a83dd56f,38f8eddd96801235c7b62e9311e858ed819e1c85
ardupilot,ardupilot,44,50,e92dc1b4e25ec3691db3cd111f4165ef6d20145d,e92dc1b4e25e,False,5727a98fa7df04af1db27e07fc525b96e444362c,Copter: 4.5.3 release notes,Michael Guerrero,richardferguson@example.com,2024-05-28T12:04:20+09:00,519db1c396bc28906cb000ead048afa43b2b227c,caa3ffe5e2d23a0d738e9ba7578f3779edce0363
ardupilot,ardupilot,45,50,33e6475688bf29d55714579a3a5134e996e8681d,33e6475688bf,False,7c19164956f5c7c4ecc531234bd08adc704979f2,autotest.py: remove unused frame parameter,Carolyn Maldonado,davisharold@example.org,2024-05-28T08:59:09+10:00,e92dc1b4e25ec3691db3cd111f4165ef6d20145d,747b33d69a69cac98e0c4e3e8e22f94bbb2c3a78
ardupilot,ardupilot,46,50,f77da4c3175f0238dff906d010e607dc56bc93df,f77da4c3175f,False,c5f52d929a02430eafa4fb7b3dba19c9976a641c,AP_Scripting: added tracker Pelco-D control script,Jason Strickland,nashgary@example.com,2024-05-28T00:59:07+02:00,33e6475688bf29d55714579a3a5134e996e8681d,8fa80b7f7aaf45b2dde7c444a67ab359d163c0f1
ardupilot,ardupilot,47,50,7072e7e2b62f316b629b96dd3217fa2eb008091f,7072e7e2b62f,False,820f97ccc62711d4b0fd22d5034696160a73b9a3,"docker: remove ""waf"" alias",Alejandro Snyder,thomas44@example.net,2024-04-10T20:18:12Z,f77da4c3175f0238dff906d010e607dc56bc93df,2527b5a9f42a2be2d7097f8acaa3328050f6c74a
ardupilot,ardupilot,48,50,2e3dc8716eeadbd44c822cc3e09a5c846eb66df1,2e3dc8716eea,False,c4d6548fa825b119c43911ee79f42fa65fc7fffc,docker: only set env vars during prereq installation,Alejandro Snyder,thomas44@example.net,2024-04-11T19:23:29Z,7072e7e2b62f316b629b96dd3217fa2eb008091f,86aa4afcd13b479677c7e487ad5d61a0c8a9c396
ardupilot,ardupilot,49,50,f63438cb70cbe8483a60dacea5245b33c8aea7f1,f63438cb70cb,False,275626537338a6138fc8e820bc9c7bc925061d1d,docker: install necessary python packages,Alejandro Snyder,thomas44@example.net,2024-04-10T20:18:47Z,2e3dc8716eeadbd44c822cc3e09a5c846eb66df1,72e6a1a66d80fb8e6d7631e666287db6c526d2d1
ardupilot,ardupilot,50,50,7dc7029ffcfdff76c99ae2416c06bebb1e60f451,7dc7029ffcfd,False,a4e929b070ab1ba42f010d1bb827ef7dd3490a29,docker: configure environment for STM compilation,Alejandro Snyder,thomas44@example.net,2024-04-10T20:19:02Z,f63438cb70cbe8483a60dacea5245b33c8aea7f1,90adad631bee5a81f5c26a6ccba396467ca047b8
movie_tracker,movie-tracker,1,10,fb132212db3956ac9beddee7ba044258dd04359b,fb132212db39,False,55b3fca182f6f2f297790a1d0419043efef93cef,feat(db): add Sequelize PostgreSQL connection config,Christopher Davis,smithmichelle@example.org,2026-03-25T11:43:28+02:00,dc4f05fd6eda2827d9150ee7fa59852ca9020f8c,876bc9e92857605b995c12d4fb0219c956208d28
movie_tracker,movie-tracker,2,10,a9f8fc411896538d8a57862aec06c0cd7424edd3,a9f8fc411896,False,433e86bd985d88cac0bd469ea6e256f220e3ece9,feat(models): define Movie and TVShow Sequelize models,Christopher Davis,smithmichelle@example.org,2026-03-25T11:43:37+02:00,fb132212db3956ac9beddee7ba044258dd04359b,ed0b29ce9c8d0bcd0757092c27f6ac4e11199c75
movie_tracker,movie-tracker,3,10,2e68e65fccd24910c4789db011fa0d9651ad9d30,2e68e65fccd2,False,92304d67dee872d1143b8f7cc103d91c1b0df426,feat(admin): configure AdminJS UI for Movies and TV Shows,Christopher Davis,smithmichelle@example.org,2026-03-25T11:43:46+02:00,a9f8fc411896538d8a57862aec06c0cd7424edd3,37f7ccb14cd3f1c3bb035962db80211b69a2241f
movie_tracker,movie-tracker,4,10,3501d53659d06f6880b96d0a11a66f255311dc14,3501d53659d0,False,394ebfb7529c148f9b44c3b54349860c7cd0e61a,feat: wire up Express server with authenticated AdminJS router,Christopher Davis,smithmichelle@example.org,2026-03-25T11:43:54+02:00,2e68e65fccd24910c4789db011fa0d9651ad9d30,cdf3f028a5ec066dc90d20145ce36f189fc94a73
movie_tracker,movie-tracker,5,10,6de8a2a464b6d753d46cdba21791e98ade4cdcaa,6de8a2a464b6,False,3fc3dcf304a4ff17fe0bbd260ba88fac2be71c3b,feat(seed): add mock data for 30 movies and 24 TV shows,Christopher Davis,smithmichelle@example.org,2026-03-25T11:47:40+02:00,3501d53659d06f6880b96d0a11a66f255311dc14,32b2e6df06cb740c751c40411a625a02d1dbf75c
movie_tracker,movie-tracker,6,10,528ac646838cf417ade810fe3461554052609ed1,528ac646838c,False,c23ef1506c7f136fc9fd61ee6ed8b95fcc940c9b,feat: run seed on startup after table sync,Christopher Davis,smithmichelle@example.org,2026-03-25T11:47:55+02:00,6de8a2a464b6d753d46cdba21791e98ade4cdcaa,d3e485c80fef92588a65fdd4e0f43b31303987da
movie_tracker,movie-tracker,7,10,f51527bb313aeb49190771749bc6def83c6b1019,f51527bb313a,False,2a41f2d56e82cbfc4474e86b93cd648ba7e5dc3f,chore: add Docker Compose setup for Node 22 + PostgreSQL 16,Christopher Davis,smithmichelle@example.org,2026-03-25T11:59:34+02:00,528ac646838cf417ade810fe3461554052609ed1,95ff24c4b9ad8de3d18dbb65562556b183033ead
movie_tracker,movie-tracker,8,10,1e09b88e5d259a89780389592962d2c7525682f8,1e09b88e5d25,False,f323a1a3d2cc40b4386b9d942ca037d41a075f98,feat(admin): add Delete All button to Movies and TV Shows list views,Christopher Davis,smithmichelle@example.org,2026-03-25T13:14:00+02:00,f51527bb313aeb49190771749bc6def83c6b1019,b0efcd8ea0283c80eafad27d2451862ad388aa88
movie_tracker,movie-tracker,9,10,f692cc088592a9a59c282a9bc5cf38fca1ee6add,f692cc088592,False,3140c2ef30a77e14d109d1be9f20a300f18f3d27,feat(assets): add button image assets and static file serving,Christopher Davis,smithmichelle@example.org,2026-03-25T14:03:16+02:00,1e09b88e5d259a89780389592962d2c7525682f8,64867f8b4d28c33cb17ef489702782c2045554d4
movie_tracker,movie-tracker,10,10,f21cd74b16906895437632fa7c267b1e280e68b2,f21cd74b1690,True,29da3ea9ca47bab2e8a8e58c2a21949231525345,feat(ui): replace text buttons with image buttons in list header,Christopher Davis,smithmichelle@example.org,2026-03-25T14:04:20+02:00,f692cc088592a9a59c282a9bc5cf38fca1ee6add,658d478ffeab42e9553e723f32a329152c97d14c
traccar,traccar,1,50,5ad102178fb757418aab4a368fa5a115202d48b3,5ad102178fb7,False,f7611a6591ce79e90492ef60da90b770f42078b7,Add geofences report,Jose Salinas,stephenkelley@example.net,2026-02-08T15:53:47-08:00,d09ee164f2d400dbaf24b0d5b5a2aac16ed823b7,eec972cc5e2cfd614bfe46f3effe7826a37cb3be
traccar,traccar,2,50,b9551bb782fac786603a66836bc684b7e9ddf1af,b9551bb782fa,False,9ea1dc97a79d0375f79fb3d875c22ba0d18eab71,Custom select field styles,Jose Salinas,stephenkelley@example.net,2026-02-08T16:17:35-08:00,5ad102178fb757418aab4a368fa5a115202d48b3,667a1125112c2e944932eeebf1e3ed0c8dc9204a
traccar,traccar,3,50,dc2d5382a6b4cee41cf96bb46d01d32b2a87b41e,dc2d5382a6b4,False,eecd95b8a356af19a1c1750bb86b2d9f9614f92d,Custom select field styles,Jose Salinas,stephenkelley@example.net,2026-02-08T21:45:37-08:00,b9551bb782fac786603a66836bc684b7e9ddf1af,076d788d299ea2504a2fb9091c46d89fb2421d88
traccar,traccar,4,50,9699b4c308af8337cd6d1f14c0f90218e02d45b5,9699b4c308af,False,ad515c79f1ff563b127981f4fd2b65f2324ff3c4,Fix lint issues,Jose Salinas,stephenkelley@example.net,2026-02-08T21:51:12-08:00,dc2d5382a6b4cee41cf96bb46d01d32b2a87b41e,826b8318608be82d90b0367d2fc3899af78cca51
traccar,traccar,5,50,da8f5164ea72086d1020cb03f46e01e8e6e57178,da8f5164ea72,False,18d7b2b57555279b44183edd9479e6ef6b5486ec,Bump @turf/circle from 7.3.3 to 7.3.4 (#1679),Michael Trujillo,kking@example.net,2026-02-09T17:05:41-08:00,9699b4c308af8337cd6d1f14c0f90218e02d45b5,992e1b7a78235b76be45895262bc5fe9bfcbc71a
traccar,traccar,6,50,45888d8daa3065e64867fe0b31b0316db21d9b63,45888d8daa30,False,7bd0dd011115b2fab301e04ee7163bcae8bdeefb,chore(lint): switch to eslint recommended with prettier integration,Jose Salinas,stephenkelley@example.net,2026-02-09T17:46:42-08:00,da8f5164ea72086d1020cb03f46e01e8e6e57178,b60dc3aee8328045155286a962944fd1a089cc5a
traccar,traccar,7,50,203e00f4a906c5010d4daaeab1e6f9736e1fd5b1,203e00f4a906,True,88345ff567fa222ba18b76d9a02641852d02522e,Reformat the code,Jose Salinas,stephenkelley@example.net,2026-02-09T20:48:40-08:00,45888d8daa3065e64867fe0b31b0316db21d9b63,cd9b006e770e801691416d83c5d051912a116b00
traccar,traccar,8,50,844b412f31f796f6086af43fa2d4fe9f63009eb1,844b412f31f7,False,4aa4548dbc3841faf845f9db094b9ee7aef3f7ea,Bump maplibre-gl from 5.17.0 to 5.18.0 (#1681),Michael Trujillo,kking@example.net,2026-02-10T14:50:36-08:00,203e00f4a906c5010d4daaeab1e6f9736e1fd5b1,a52f8fea49c6141b43b4d9c7e90fdf19d7568b70
traccar,traccar,9,50,35a3cb517aad420a5656e52e00cd1e0a6aca6a94,35a3cb517aad,False,4fe01ec6d9f1b475989d23f3d86e8e9f7becf86b,Support notification geofence selection,Jose Salinas,stephenkelley@example.net,2026-02-10T20:40:49-08:00,844b412f31f796f6086af43fa2d4fe9f63009eb1,04b7044056eee5e91c3eb29cc0468893b4c6dfe0
traccar,traccar,10,50,7565495ef4f686327ba837ac117e23654979f7c0,7565495ef4f6,False,f6f9d2c14fd04ea94a324e781c994fdb69db1e7b,Improve non report selectors,Jose Salinas,stephenkelley@example.net,2026-02-10T21:05:24-08:00,35a3cb517aad420a5656e52e00cd1e0a6aca6a94,cd27ee1f3e3b57826fe653f94394b4b3ab7689d0
traccar,traccar,11,50,970648fc538fe17c96692315fc0650798d072c88,970648fc538f,False,fa606db67642a98e5d8095a030ab958a3f31c288,Bump @mui/material from 7.3.7 to 7.3.8 (#1683),Michael Trujillo,kking@example.net,2026-02-12T14:39:29-08:00,7565495ef4f686327ba837ac117e23654979f7c0,412bce3cd6a9d8b1eb2662d1894042535c788995
traccar,traccar,12,50,3a3b3ce211d56230934b3499a87b020d8495b859,3a3b3ce211d5,False,a0f38af079705a21135e257e85be86462c05112e,Bump @mui/icons-material from 7.3.7 to 7.3.8 (#1682),Michael Trujillo,kking@example.net,2026-02-12T14:43:08-08:00,970648fc538fe17c96692315fc0650798d072c88,ed9a06ad5399b983b659fbb834536652cfc99f12
traccar,traccar,13,50,2f9beb66b6afad3f5a9f8ba52f5897e669954877,2f9beb66b6af,False,d3b05e966c93e9a76f22ededc6cfd20b504b6983,Handle device deletion,Jose Salinas,stephenkelley@example.net,2026-02-13T21:00:43-08:00,3a3b3ce211d56230934b3499a87b020d8495b859,b1847531145314df1de907fec0698d19874c0032
traccar,traccar,14,50,50c13148623078d6bbc36ae7f80d6931892e6fe2,50c131486230,False,53c3f97daedb15de4b7dbab521bb38654c1555d5,Implement device activity timeline,Jose Salinas,stephenkelley@example.net,2026-02-14T15:17:21-08:00,2f9beb66b6afad3f5a9f8ba52f5897e669954877,e050d28e1fd1811ba5c19240b615beeca5ea2a80
traccar,traccar,15,50,978f1dd2b2fa2113d94d9047e2829fb196d4a6b9,978f1dd2b2fa,True,9ffee815b54a8dbd41c657127d3e01a728f3e972,Improve loading spinner,Jose Salinas,stephenkelley@example.net,2026-02-15T21:06:30-08:00,50c13148623078d6bbc36ae7f80d6931892e6fe2,24febd4cd55ca542e8836b9c55b3c2a91728af06
traccar,traccar,16,50,b99409432ab9b2d27812ae0f70a8de1085fd3529,b99409432ab9,False,2f06553de70d10578f03e03c5d25d470676d7006,Bump react-window from 2.2.6 to 2.2.7 (#1684),Michael Trujillo,kking@example.net,2026-02-16T15:16:37-08:00,978f1dd2b2fa2113d94d9047e2829fb196d4a6b9,199046238ca26c77f51598ecb3e21d16cfe4dfcd
traccar,traccar,17,50,0e6ace3195077a1abe9242df4527e10d58cccffe,0e6ace319507,False,7b0797f92217efa2a91cad6453894bb4ecffa514,Add WhatApp notification support,Jose Salinas,stephenkelley@example.net,2026-02-16T16:15:20-08:00,b99409432ab9b2d27812ae0f70a8de1085fd3529,3a8c60cbed043be2de738c108459f50c287d7f4e
traccar,traccar,18,50,de0e273680b35006d0d27e645acb073f17260374,de0e273680b3,False,9f9769662532879f48978740e54ed492bae9d6f7,Update translations,Lynn Myers,eric43@example.com,2026-02-21T23:41:00Z,0e6ace3195077a1abe9242df4527e10d58cccffe,5423b9dc7b1e0bece396372b0d04f3c3dd9c9587
traccar,traccar,19,50,ee31e488298607289a24c2162965bd54625dbf88,ee31e4882986,False,9ed7d544c95bccadaf2ac1576cf34189a91f082c,Update version number,Jose Salinas,stephenkelley@example.net,2026-02-21T15:58:39-08:00,de0e273680b35006d0d27e645acb073f17260374,ffd2617f31f237af54ec52946e0fd0b33e9ff525
traccar,traccar,20,50,c94fa77e1f06a413c758ac88cc0a8b8a5823031b,c94fa77e1f06,False,d4aa0e3f5a9e2211675c94d4d4eb170245c18fb5,Downgrade recharts,Jose Salinas,stephenkelley@example.net,2026-02-22T07:47:51-08:00,ee31e488298607289a24c2162965bd54625dbf88,0536880e70b42bda8b777f7539a0cb086f8fa57e
traccar,traccar,21,50,94803c0e9d22778cccc29d6de7dec66918f65101,94803c0e9d22,False,3c7caad667d8a90553cb5d33326f63775cf7597a,Fix chart issues,Jose Salinas,stephenkelley@example.net,2026-02-22T10:34:48-08:00,c94fa77e1f06a413c758ac88cc0a8b8a5823031b,c3c44d49e89c35befcff3b122c1e16fb5c74233c
traccar,traccar,22,50,cae21567be38ed7803dc955959528f1c07cd21e2,cae21567be38,False,603b521d18d07bbcdd3a536b8619276d5a558709,Update version number,Jose Salinas,stephenkelley@example.net,2026-02-22T10:38:34-08:00,94803c0e9d22778cccc29d6de7dec66918f65101,8ad51d4f19ff17a13a5af89bd6bc4b4e393b42c8
traccar,traccar,23,50,6d5d61ff19f7967ce2623e2f5dde78e8eb7bab62,6d5d61ff19f7,False,527b2f1f03a992bc11894cd52c99753b24b508b7,Bump maplibre-gl from 5.18.0 to 5.19.0 (#1688),Michael Trujillo,kking@example.net,2026-02-23T16:19:13-08:00,cae21567be38ed7803dc955959528f1c07cd21e2,229e766052a6a1f251297c719db7c215e2c6feb9
traccar,traccar,24,50,76d7906f2567a1d44749d0198e62e604e268c4e6,76d7906f2567,False,fc0272662ebdd4a668316e999da00350e7a80500,Bump react-router-dom from 7.13.0 to 7.13.1 (#1689),Michael Trujillo,kking@example.net,2026-02-23T16:43:13-08:00,6d5d61ff19f7967ce2623e2f5dde78e8eb7bab62,581d4f5bff59976ad3bd322f7d7083af8b7f6ce3
traccar,traccar,25,50,02f0ed6d9e117637616219e10996d0a9ffe997f5,02f0ed6d9e11,False,2e41e5008530708e3aa1640ace8ef5d06de49cfd,Bump minimatch (#1690),Michael Trujillo,kking@example.net,2026-02-24T16:01:00-08:00,76d7906f2567a1d44749d0198e62e604e268c4e6,0135eb9cf72a7b5c303a1b6f277be0196c5c3366
traccar,traccar,26,50,e827ef2718905ddc9e2a27064d5ba72b1fe0d3e6,e827ef271890,False,a1fe922e0f179bcae388e277752b6e1aa15053b1,Keep report filter attached,Jose Salinas,stephenkelley@example.net,2026-02-24T17:40:50-08:00,02f0ed6d9e117637616219e10996d0a9ffe997f5,66c8268fafbe08ea27c4c1075ebe4e78554e3eb7
traccar,traccar,27,50,26b7814625e8bf574ebe9e7670b2c5d4b28f24f8,26b7814625e8,False,992f7d8fc10496989a00f04246c246590a9970ef,Update version number,Jose Salinas,stephenkelley@example.net,2026-02-27T06:59:41-08:00,e827ef2718905ddc9e2a27064d5ba72b1fe0d3e6,6888864ffb6087cabc1eeb53a25c1d6938202d6f
traccar,traccar,28,50,a504d245d97a7bfcea1ebcad98b2026a3fea8ff3,a504d245d97a,False,e3489ed8467dfb84613ab242db4b1e0e126029d6,Bump minimatch (#1692),Michael Trujillo,kking@example.net,2026-02-27T07:20:05-08:00,26b7814625e8bf574ebe9e7670b2c5d4b28f24f8,8646451b0690b3e2f3e7fedcc6342f20abd3bfe2
traccar,traccar,29,50,e033841bd4151491a7dd177ff72b5ab7df6bc999,e033841bd415,False,f2f3d6d34162345fb906a62f7d382f864e3b6114,Optimize device selectors,Jose Salinas,stephenkelley@example.net,2026-03-01T15:49:46-08:00,a504d245d97a7bfcea1ebcad98b2026a3fea8ff3,8d2b2fd3cab6a18ce9f26b6aee47f5dba6ed9fd1
traccar,traccar,30,50,10f99974e25b67f6e0bab32e198722dcb0a7cb4f,10f99974e25b,False,f880d3849d55a926efcc7884c1ae3ee2c834d6fc,Bump globals from 17.3.0 to 17.4.0 (#1693),Michael Trujillo,kking@example.net,2026-03-02T16:17:44-08:00,e033841bd4151491a7dd177ff72b5ab7df6bc999,449129be689420e1d3a55f23d99b3bcd6d28f227
traccar,traccar,31,50,6e0d7787cef775b75883bae6517e1d2e0ef0130b,6e0d7787cef7,False,7ae66672acb49b118e31271e7ef0f33926ff2a5a,Fix motion bar overflow,Jose Salinas,stephenkelley@example.net,2026-03-04T08:32:51-08:00,10f99974e25b67f6e0bab32e198722dcb0a7cb4f,6564b9838630d7fb4fbfc10b0b87b41844e39faf
traccar,traccar,32,50,2ad8f5dc336947eef9d1229a1b57a4087e30f9f1,2ad8f5dc3369,False,5f80e0676d98316968a87d5cf121defb06c7ba9f,Bump @mui/material from 7.3.8 to 7.3.9 (#1696),Michael Trujillo,kking@example.net,2026-03-05T15:33:19-08:00,6e0d7787cef775b75883bae6517e1d2e0ef0130b,66f04098875ba81fc4dc070d688e363eec04335a
traccar,traccar,33,50,fa812d5b234ca23b116b87982a36fb1d89fa8bca,fa812d5b234c,False,a87082ae3656bdbfbdcd0b381fa860c41f234c82,Bump @mui/icons-material from 7.3.8 to 7.3.9 (#1697),Michael Trujillo,kking@example.net,2026-03-05T15:35:52-08:00,2ad8f5dc336947eef9d1229a1b57a4087e30f9f1,3161f107f694d548a428c49797cccf981ff2304d
traccar,traccar,34,50,f4989d9c46fa1f67f853d507a8e45bc90e48fd8f,f4989d9c46fa,False,fc23f29e2482d7fd89084dcff3a8a126eb18a117,Select previous address value instead of coordinates value (#1694),Tamara Miller,grose@example.com,2026-03-06T10:47:51+11:00,fa812d5b234ca23b116b87982a36fb1d89fa8bca,f515b0d81f2193e42be5138d6b54bcff65741413
traccar,traccar,35,50,114f5f6b0d029e5c0a168afb18eb76b9864b286b,114f5f6b0d02,False,20ec1f80e34586015ee22b865dca98766825e949,Bump recharts from 3.7.0 to 3.8.0 (#1698),Michael Trujillo,kking@example.net,2026-03-06T14:50:54-08:00,f4989d9c46fa1f67f853d507a8e45bc90e48fd8f,21a6202b9442c8733f18572811c58287d8c1aad5
traccar,traccar,36,50,1edf1241398b2625a381e01a35034b25e0e3b720,1edf1241398b,False,0bb1c21a0224ab0fb1820115ccaf4fafd50cfa67,Implement remove keyword search,Jose Salinas,stephenkelley@example.net,2026-03-08T10:13:38-07:00,114f5f6b0d029e5c0a168afb18eb76b9864b286b,491f402c399bc16919e0ba4a45a275932342ac21
traccar,traccar,37,50,4f83b69626bfb1acebd16f24d21899251936cfe3,4f83b69626bf,False,e0bd25f01ff172212ffff504c021cc45c035d74c,Implement settings pagination,Jose Salinas,stephenkelley@example.net,2026-03-08T10:38:07-07:00,1edf1241398b2625a381e01a35034b25e0e3b720,2dbcffb86593210446839c9a6582dec5c3bdad35
traccar,traccar,38,50,e3200df62f05a0c62bc30c3128302f83e14a2538,e3200df62f05,True,140dfa644e3c284175896b96ab5c9347388813db,Handle position data type,Jose Salinas,stephenkelley@example.net,2026-03-09T06:33:23-07:00,4f83b69626bfb1acebd16f24d21899251936cfe3,5518a4c6ab35086b95df80759a76bb9cf27624de
traccar,traccar,39,50,ff5bbfb1670111301af3ebec9c7923ed07e17e94,ff5bbfb16701,False,f79bca46401ea5c8f298284f0970a0cebcdb6eb4,Remove redundant check,Jose Salinas,stephenkelley@example.net,2026-03-09T06:37:54-07:00,e3200df62f05a0c62bc30c3128302f83e14a2538,62673d1f8365d30764685443c344121f21a30c9a
traccar,traccar,40,50,ea928b8e84514c275584c92726c29158dcbb3182,ea928b8e8451,False,2779d1d94d13e386c0d46ad6d431eb845647590b,Bump react-rnd from 10.5.2 to 10.5.3 (#1700),Michael Trujillo,kking@example.net,2026-03-10T15:49:24-07:00,ff5bbfb1670111301af3ebec9c7923ed07e17e94,f00c282ce017eea5723b95900142e085d46811da
traccar,traccar,41,50,6806b2fa15addc2a7b9829482be72e187a7066f1,6806b2fa15ad,False,e4cc06268705b670f9040f71c962a501895b0a8a,Bump maplibre-gl from 5.19.0 to 5.20.0 (#1701),Michael Trujillo,kking@example.net,2026-03-11T15:49:11-07:00,ea928b8e84514c275584c92726c29158dcbb3182,9b72192c9d4205b8453a6eb97de179d03257eaaf
traccar,traccar,42,50,f4acc86f5eb301509dc7be6360a8a657b9707127,f4acc86f5eb3,False,be88b9b0ae2072977f620ff602c993ab7d0a8794,Bump dayjs from 1.11.19 to 1.11.20 (#1704),Michael Trujillo,kking@example.net,2026-03-12T16:04:19-07:00,6806b2fa15addc2a7b9829482be72e187a7066f1,c39341d2725d5dd37558b21f3dd2a0ddc0a5c2e5
traccar,traccar,43,50,9b3ac8652722a0e6738bd559251198e7ff6ef392,9b3ac8652722,False,2584e96fdf1d27c3a3b17d3c515e845eba0e9a91,Bump @vitejs/plugin-react-swc from 4.2.3 to 4.3.0 (#1703),Michael Trujillo,kking@example.net,2026-03-12T18:33:08-07:00,f4acc86f5eb301509dc7be6360a8a657b9707127,ab7bf6dc16546b8766490ea640048887517ebfea
traccar,traccar,44,50,29eae2fd1088951d816ad8f286b5d59d634e8287,29eae2fd1088,False,cd328020d181a001c11c9c8e98c27a7c7511b8de,Bump maplibre-gl from 5.20.0 to 5.20.1 (#1705),Michael Trujillo,kking@example.net,2026-03-13T15:34:55-07:00,9b3ac8652722a0e6738bd559251198e7ff6ef392,caaad9af7e78aa5b4b703771396013e0e44132ca
traccar,traccar,45,50,94f23e7113643d3a3e426aae8f0c70d38b19a5b3,94f23e711364,False,0bda39e93e261e7fffbcafd9e41ea6e64d2476ef,Update to new vite,Jose Salinas,stephenkelley@example.net,2026-03-13T17:27:45-07:00,29eae2fd1088951d816ad8f286b5d59d634e8287,697fa3fcc5fd7f7964401a6adaad55d409c0bb2b
traccar,traccar,46,50,3507e24677d03a444d1ae2cee91fd86f324e139c,3507e24677d0,False,c9dc0bdfb9837a29083042323f44fcdbc8545640,Bump vite-plugin-static-copy from 3.2.0 to 3.3.0 (#1706),Michael Trujillo,kking@example.net,2026-03-13T17:31:01-07:00,94f23e7113643d3a3e426aae8f0c70d38b19a5b3,688448579d7cd2f722107488c5920840836d69f2
traccar,traccar,47,50,b147ed25004eeb3a7b211fa1a31ee27bda35ee94,b147ed25004e,False,7cabebaaa4dd47d201217ae72a9aa2d76fc5094a,Upgrade and improve linting,Jose Salinas,stephenkelley@example.net,2026-03-13T20:24:25-07:00,3507e24677d03a444d1ae2cee91fd86f324e139c,e18951b91a9a6268a1cf18b215a03fd4b4ea2856
traccar,traccar,48,50,c2b31b817b5c5ffabe8e7ee2f757becefbe4c1ef,c2b31b817b5c,False,fa6695a951430f007a54d32e3e3fbb29e9effbda,Fix lint warnings,Jose Salinas,stephenkelley@example.net,2026-03-13T20:36:19-07:00,b147ed25004eeb3a7b211fa1a31ee27bda35ee94,550c3630ff347e5bd73800cd96c847698255916d
traccar,traccar,49,50,095b7a70863b4ff330fe57054a1d728410e0edc3,095b7a70863b,True,588e5cb52580bf296175fe03ab23a980c5368553,Fix remaining lint rules,Jose Salinas,stephenkelley@example.net,2026-03-13T20:54:20-07:00,c2b31b817b5c5ffabe8e7ee2f757becefbe4c1ef,02d420d7d84b0d5112a49b582ed997e6ffc67886
traccar,traccar,50,50,1beb3775fc7d1b77e5a6fd568cd6591d051c1a2c,1beb3775fc7d,False,84b2a56d9ab3d32f84abad66991fb5fbdbf9ff6c,added patches to review,Tina Walker,alex70@example.org,2026-03-14T04:36:13+02:00,095b7a70863b4ff330fe57054a1d728410e0edc3,ee3b051c5ec104454708eb592a30fed5aa27440e
rocketchat_suite,RocketChat,1,50,c77d2b1604c874a2ca854064a9537a1c46f653a3,c77d2b1604c8,False,baf977001864c8c6756cf844c3119d044225a416,refactor: execute VideoConference statistics count queries in parallel (#39248),Donald Morales,jesus96@example.net,2026-03-04T02:58:19+05:30,145363d8c14214f734b5fb6003f2a5d41872235f,e849ddfff3ca1201c2e51c48f2efef68af81fe05
rocketchat_suite,RocketChat,2,50,0f870fad3b51b2e5d1ceabde9bedcc6479539c5d,0f870fad3b51,False,26643ccf59e61a32e17ac8176638358772546b9d,test: Fix flaky `renders MediaCallHistoryTableStory without crashing` (#39310),Michelle Lee,jennifer75@example.net,2026-03-03T18:45:42-03:00,c77d2b1604c874a2ca854064a9537a1c46f653a3,aae6bd9476d8bb6982dd0acf0bf5e04e846db5cb
rocketchat_suite,RocketChat,3,50,cc0b24dc570fd9abb15624866cb95aec1b6cab45,cc0b24dc570f,False,955a7ccafd330b59a9d4e7150874f882677dd831,chore(eslint): Allow `await` in loops (#39178),Kathryn Smith,ashleyturner@example.net,2026-03-03T20:33:25-03:00,0f870fad3b51b2e5d1ceabde9bedcc6479539c5d,77745edaec4c8b4e870295b9e33a8398f3a99d7b
rocketchat_suite,RocketChat,4,50,68ac13a6feed12813eb9db2fcd319f28c0a6f7fa,68ac13a6feed,False,87f9262af4a543d52642a54e1ef546d509a79e23,refactor(ui-kit): Remove UiKit deprecations (#39268),Kathryn Smith,ashleyturner@example.net,2026-03-03T20:34:56-03:00,cc0b24dc570fd9abb15624866cb95aec1b6cab45,942b8803f685ffd31b964181e8cf1ad45f69fe75
rocketchat_suite,RocketChat,5,50,f6d51eae54d6c3d1dca158f9528f7aaa75c34154,f6d51eae54d6,False,3d0187ae1fd5e501221834afc9e04d874b45d2e3,refactor: Remove global references to `Accounts` (#39314),Kathryn Smith,ashleyturner@example.net,2026-03-03T20:36:07-03:00,68ac13a6feed12813eb9db2fcd319f28c0a6f7fa,9f037b9989a201db5367f20a99c6845b0e03b273
rocketchat_suite,RocketChat,6,50,78ccecfeb1b60561c1f4ca4fe7517a73b71afbc6,78ccecfeb1b6,False,345189ad5cd8a9b9bb3ea52ef872aac0699637ef,refactor: Remove global references to `Tracker` (#39308),Kathryn Smith,ashleyturner@example.net,2026-03-03T20:56:49-03:00,f6d51eae54d6c3d1dca158f9528f7aaa75c34154,25c1a61575eb9eaba27eff8fe98ca1e22f60e8f5
rocketchat_suite,RocketChat,7,50,5216ce65e9366be1c08006a458a7e7531d51b269,5216ce65e936,False,a601a67ed22d426b83456ad23f0527585738c075,chore: Upgrade fuselage packages (#39169),Keith Galvan,jeffersonchad@example.com,2026-03-03T20:48:33-03:00,78ccecfeb1b60561c1f4ca4fe7517a73b71afbc6,0260da8a8f5d18a606dbb1d07227876f54f2bb63
rocketchat_suite,RocketChat,8,50,ca2edd0ba8ab40a513ffa8b65bef1c6ff922d89e,ca2edd0ba8ab,False,08c8d70d4b798f44103b8a3b6cd188a27c35f671,ci: remove pr-title-checker action (superseded by Dionisio) (#39311),Douglas Jones,fle@example.com,2026-03-03T22:34:25-03:00,5216ce65e9366be1c08006a458a7e7531d51b269,91d3749adb3566e3ddf088754e94cd99beab1f36
rocketchat_suite,RocketChat,9,50,6c122fc242da199d98afadaa4d4530c0b617a5d8,6c122fc242da,False,c68ac536eadd3f0105923597342ff0795a9e1610,refactor: Remove global references to `Meteor` (#39316),Kathryn Smith,ashleyturner@example.net,2026-03-04T01:55:27-03:00,ca2edd0ba8ab40a513ffa8b65bef1c6ff922d89e,e68963cc64269ad51a683ed5caf6ffdb73636fc0
rocketchat_suite,RocketChat,10,50,ee7c953268eb4c13faf38076efa707c3dd6974e0,ee7c953268eb,False,3a7f517da8b0384f0745c09bd3d77431c4be62ed,refactor(api): update authentication handling and context types (#39342),Karina Rodriguez,qdavis@example.com,2026-03-04T19:41:47-03:00,6c122fc242da199d98afadaa4d4530c0b617a5d8,173ab077cc4639905dd45c8c1488fe8e6777d7ca
rocketchat_suite,RocketChat,11,50,e767a71a70701a868e80cd0d0dbddc8025decb67,e767a71a7070,False,b8b8611a74dddf9c80ecc2b9d18c2b80dbfe2d79,chore: Peer deps (#39327),James Dunn,collinsamber@example.com,2026-03-05T00:43:02-06:00,ee7c953268eb4c13faf38076efa707c3dd6974e0,6baa587a98d63ab86a4882dd207d457664684437
rocketchat_suite,RocketChat,12,50,8b2bbe8947f28a6805badafcefb4d62f99ce3a3e,8b2bbe8947f2,False,819399c7b841a0d5e756462ad8b20c0c2d8f3a6c,chore(eslint): Consistent type imports/exports (#39341),Kathryn Smith,ashleyturner@example.net,2026-03-05T11:50:40-03:00,e767a71a70701a868e80cd0d0dbddc8025decb67,33c686a4af604915ad5f909fdde5349489c8d30d
rocketchat_suite,RocketChat,13,50,018c056494d06cf54994209c114778d5776302ea,018c056494d0,False,d08306b8635a3cbd8af3bb9de92b1c26c2d0e162,chore(deps): bump DOMPurify (#39384),Allison Webb,owong@example.org,2026-03-05T19:34:11+01:00,8b2bbe8947f28a6805badafcefb4d62f99ce3a3e,ab77352929855b8e7f2d7cfc4249c1d477d85291
rocketchat_suite,RocketChat,14,50,51b6bad4907b4cfd55e153cf330a41e8590e8a39,51b6bad4907b,False,46a17742d880deafa8cdc98c967e3b5c9fcf8c05,ci: fix callback in permissions.helper.ts for promise resolution (#39390),Karina Rodriguez,qdavis@example.com,2026-03-05T17:48:19-03:00,018c056494d06cf54994209c114778d5776302ea,332df928c325754f4fd38848d5c4f5ab23643e00
rocketchat_suite,RocketChat,15,50,7227be5b498ea2311a5ca9134dd3b2e632f9297f,7227be5b498e,False,79c712b8c74d0decb72513f7aa179115fa77c0c2,fix(ux): WCAG (4.1.2) Dynamic aria-labelledby-message (#36271),Leon Romero,wpatel@example.org,2026-03-06T13:52:58+01:00,51b6bad4907b4cfd55e153cf330a41e8590e8a39,3a66f5204267369582c93048428dda44cd0a518a
rocketchat_suite,RocketChat,16,50,78be35edbdb5d8c5a5d8ffa525500e3b47c28018,78be35edbdb5,True,11150f125db89b9333c535c2c65d94d7b7f4aa5a,fix(auth): enforce NIST 800-63b minimum work factor after migration window (#39527),Olivia Harris,millermelanie@example.net,2026-03-06T13:52:58+01:00,7227be5b498ea2311a5ca9134dd3b2e632f9297f,b48f0d259aa02ee4acdf731b4f2d877b20320740
rocketchat_suite,RocketChat,17,50,76b06ea0f1fc7e0d4a1a982034e7d19658314f7b,76b06ea0f1fc,False,fc3d1c082fd7f71f20b3ba286f8c19cb789f8026,chore: Upgrade `@rocket.chat/icons` package (#39418),Michelle Lee,jennifer75@example.net,2026-03-06T15:34:47-03:00,78be35edbdb5d8c5a5d8ffa525500e3b47c28018,1e9fa7686e6980ef291f97c820844c88761e6661
rocketchat_suite,RocketChat,18,50,2d419b66d48bdb4e9ebf1d4fe0b9a94723337019,2d419b66d48b,True,97bbe483097e7906e9938c7495e3d458b39198fd,chore(apps-engine): add missing await in AppSchedulerManager.cleanUp (#39048),Ronald Evans,danielbaker@example.com,2026-03-07T01:03:20+05:30,76b06ea0f1fc7e0d4a1a982034e7d19658314f7b,0ff815609731947a2818faf37955c3d46188c6fe
rocketchat_suite,RocketChat,19,50,e30c3180acacb76ee22a6a3c06140c5ff8809b8a,e30c3180acac,False,02c523abd7f587119d19c82069230236f4811bb6,chore: remove left-over .worktrees dir (#39339),John Bryant,alexandermegan@example.com,2026-03-06T16:33:36-03:00,2d419b66d48bdb4e9ebf1d4fe0b9a94723337019,3b85cebf25dcdea5a5b8b1f141ffcd58efd68b21
rocketchat_suite,RocketChat,20,50,2d71e115e75e0418e6cd0c07d30ccfe86b3e7173,2d71e115e75e,False,9f4cc71c2f048ce287b5996732645449993ab00e,fix: Missing ABAC Icons on sidebar items (#39054),Sara May,smason@example.com,2026-03-07T00:09:46-03:00,e30c3180acacb76ee22a6a3c06140c5ff8809b8a,f5784907fbfc38aee5d92b5aed397f827e0f7ec6
rocketchat_suite,RocketChat,21,50,05ceda9063c8a33b4493e3fa776f4cb420990246,05ceda9063c8,False,b774c0bda0f7f85483d8c3c2292c752edb1e1e8f,chore: properly close websocket connection on device logout (#39383),Keith Galvan,jeffersonchad@example.com,2026-03-07T01:36:33-03:00,2d71e115e75e0418e6cd0c07d30ccfe86b3e7173,84023afda6fb94048f6ad9eeabccf3c475b8b3b3
rocketchat_suite,RocketChat,22,50,1a31ec2baaa4435979dade1fcf1fbc08269879dc,1a31ec2baaa4,False,57446c8a1847790535587346b0129b7655b32e73,chore(deps): bump `hono` to 4.12.5 (#39421),Kevin Bradley,carterricky@example.net,2026-03-09T12:30:23-03:00,05ceda9063c8a33b4493e3fa776f4cb420990246,f3c0e09b9873cc5fafed98a2f330c091293ea972
rocketchat_suite,RocketChat,23,50,499ae6a3bc597542517d1d8f06576a8d251b07a3,499ae6a3bc59,False,e5897c50ea1bfabb57d4f3c8931cb6a44007fa08,test(apps): add tests for `bundleLegacyApp` (#39420),Douglas Jones,fle@example.com,2026-03-09T12:30:43-03:00,1a31ec2baaa4435979dade1fcf1fbc08269879dc,014b1f2ac054d5c1df80400485858c0091c7f527
rocketchat_suite,RocketChat,24,50,028971c0989376d74efc4e35dcd1007f2b7e1427,028971c09893,False,a9b2662594bce770cddc6c79188387aa30f445a7,refactor(api): implement permissions middleware (#39351),Karina Rodriguez,qdavis@example.com,2026-03-09T12:31:01-03:00,499ae6a3bc597542517d1d8f06576a8d251b07a3,0680f295e10170c7b492c9f6823080d281b1cc95
rocketchat_suite,RocketChat,25,50,5ea988e7a3261a54418738a6acd01c8be2029be9,5ea988e7a326,False,5a84ffddb1aedec3bd158132c8959c62519fb63c,chore(deps): upgrade aws sdk to v3 (#36659),John Bryant,alexandermegan@example.com,2026-03-09T12:31:39-03:00,028971c0989376d74efc4e35dcd1007f2b7e1427,ef7d167e1f64bd5d15680f4157313a62455fa005
rocketchat_suite,RocketChat,26,50,c3a10f935985f1ce7f58b0641d427e19d595d204,c3a10f935985,False,830e33782103ca1aff0d3a6a19d8fdb8785b126c,chore: accept additional push tokens intended for voip to iOS devices (#39174),Rebecca Kline,riveramargaret@example.org,2026-03-09T14:00:02-03:00,5ea988e7a3261a54418738a6acd01c8be2029be9,2bd3f0d9d2bda221b4316e48e5de3bf4b99d0017
rocketchat_suite,RocketChat,27,50,ac3bdc06117280c628370cd70450bba1eec01e6e,ac3bdc061172,False,4b6336e7de4023331273e60dade36689a8520ac1,refactor: standardize ReturnChatQueueModal using GenericModal (#38384),Kara Blackburn,christopher46@example.net,2026-03-09T23:59:37+05:30,c3a10f935985f1ce7f58b0641d427e19d595d204,edab9b937380f2fa3c54fcceadb3aa1d423ca73e
rocketchat_suite,RocketChat,28,50,c34a1808fb4d9f5a538807557eeb863017073301,c34a1808fb4d,False,3da854ef532281a0c74dc502d7e06f28b9957eea,test: custom user status API tests with authentication and permission (#39330),Michael Reid,ohill@example.org,2026-03-09T16:38:53-03:00,ac3bdc06117280c628370cd70450bba1eec01e6e,cd4af65b0ce74445495297d9c6efd322714b0031
rocketchat_suite,RocketChat,29,50,2acf1b206bb42901d05f1ef8281c18d3f08e66e6,2acf1b206bb4,False,2ce7963064b5b2c649a5896c8ce43b7cfd045bd7,chore: remove unused S3 SignatureVersion setting (#39244),Bradley Jones,frank83@example.org,2026-03-09T20:50:15-03:00,c34a1808fb4d9f5a538807557eeb863017073301,c9ebca60069a1939aebb0079fabe02693344c940
rocketchat_suite,RocketChat,30,50,fb04ef2f5524bbf90ee7a90dcd4090e7c873f8c2,fb04ef2f5524,False,9c4d5821f3e168bd1c419c18668e3aeaff1f0706,regression: Adjust close connection condition (#39470),Keith Galvan,jeffersonchad@example.com,2026-03-10T11:23:49-03:00,2acf1b206bb42901d05f1ef8281c18d3f08e66e6,a8fbd8cf8c507e8809a564fb7958c9e18311ce23
rocketchat_suite,RocketChat,31,50,99e531fa4353e2563a573493a128d26e09d935b5,99e531fa4353,False,ecd561e5b39e01ed55cbe1d4a4fbe9aad6e026dd,chore: Remove `dangerouslySetInnerHtml` and replace it with `<Trans>` component (#39073),Allison Webb,owong@example.org,2026-03-10T15:24:02+01:00,fb04ef2f5524bbf90ee7a90dcd4090e7c873f8c2,32dd5447469140a873ba21826a4cada959d60c19
rocketchat_suite,RocketChat,32,50,a65b01460b26d37d73bc585f39ffc46d9cf5eb24,a65b01460b26,True,6cc8465df955aa16bb783ddd6f3a0e0075059a8f,chore(storage): reclaim disk space from stale uploads (#39453),Tamara Hernandez,melaniemartinez@example.net,2026-03-10T15:24:02+01:00,99e531fa4353e2563a573493a128d26e09d935b5,f5b0fd8f9b7717595f4ee70424737740e90e3d14
rocketchat_suite,RocketChat,33,50,6b6fe3e8c73f7627854b801514ba87c607955786,6b6fe3e8c73f,False,4b60ad41dd1c0132c2894e54b7616376589ec86e,fix: imported fixes 03-09-2026 (#39492),Kevin Bradley,carterricky@example.net,2026-03-10T12:07:49-03:00,a65b01460b26d37d73bc585f39ffc46d9cf5eb24,0f99898fa70b0365e46ffa5b43a801d255914666
rocketchat_suite,RocketChat,34,50,af2d8db3ae5e48ff29ec4df434c5c52f99b2188e,af2d8db3ae5e,False,4cb777104623a9dc32fbb1645f254155d5f548c3,fix: `ssrf` validation for oauth (#39505),James Dunn,collinsamber@example.com,2026-03-10T11:02:43-06:00,6b6fe3e8c73f7627854b801514ba87c607955786,442ca26096d9641819569dc9116df2e5fc3d1ddf
rocketchat_suite,RocketChat,35,50,9a01eff1a71607a5dc692bf79a366299737c0762,9a01eff1a716,False,a62d6b7f6fa90230edc485d7c13ba16c680299ca,fix: Thread's jump to message action changes main channel scroll position (#39092),Samuel Cook,andrew32@example.net,2026-03-10T15:40:26-03:00,af2d8db3ae5e48ff29ec4df434c5c52f99b2188e,0abaa20f36589377d4a975e4f757d4bb5ce124df
rocketchat_suite,RocketChat,36,50,66df8ef28ec5b6d87d80a9f7884bf5a1f6952bf4,66df8ef28ec5,False,192c53513513ed3e09bf223b150a5335dc1be10f,fix: Calendar status event status switch (#39491),James Dunn,collinsamber@example.com,2026-03-10T15:14:40-06:00,9a01eff1a71607a5dc692bf79a366299737c0762,88d3987c0436135aaa5ac0371fe58a69a04f845f
rocketchat_suite,RocketChat,37,50,6b76c9f66165b43abbaa023868ccadd0fd30a12c,6b76c9f66165,False,ceeb47ff25ed89e20d95de09815fd0198769e8ef,i18n(livechat): Add missing az translations (#39518),Sara May,smason@example.com,2026-03-11T14:24:10-03:00,66df8ef28ec5b6d87d80a9f7884bf5a1f6952bf4,a38515a9529a83e35362e317caf5080dfa282425
rocketchat_suite,RocketChat,38,50,2e1452a24c661604d06367b3b5c177f6c4bb8ae4,2e1452a24c66,False,a356ca3c1ead8462f12804b36e8b220b5d6f21c4,i18n(meteor): Remove duplicated translation key (#39542),Lisa Martin,fjohnston@example.com,2026-03-11T17:33:05-03:00,6b76c9f66165b43abbaa023868ccadd0fd30a12c,679171bfdc8e88af49e89157a191d7c1dacfa034
rocketchat_suite,RocketChat,39,50,999fcb04d3d628272d0dbb80c6c601c3f9861fee,999fcb04d3d6,False,a3c081ae5151cecd983d62d10c78487f790aa130,chore: Convert some apis to openAPI  (#39265),Karina Rodriguez,qdavis@example.com,2026-03-11T21:02:54-03:00,2e1452a24c661604d06367b3b5c177f6c4bb8ae4,4c0ef88b464a3a0a74a48d7ccfb8bbfa7b48d018
rocketchat_suite,RocketChat,40,50,8d2806955fbfc31f5b2ab1d306934c5608ce340c,8d2806955fbf,False,59c696c7fb55a3268fcb3f79e1875d0cbf468e6c,fix: Prevent UI from displaying @@ for federation usernames (#39460),Samuel Cook,andrew32@example.net,2026-03-12T11:19:48-03:00,999fcb04d3d628272d0dbb80c6c601c3f9861fee,af06b47d2e0eb289a26249d22d138e98b9e1f6e7
rocketchat_suite,RocketChat,41,50,dd75cd17eb122672b69db839c2e66767358aab08,dd75cd17eb12,False,2fa10196b89fad33b2895e41560829f65d0a2b1d,ci: remove leftover db watcher suffix (#39536),John Bryant,alexandermegan@example.com,2026-03-12T12:16:35-03:00,8d2806955fbfc31f5b2ab1d306934c5608ce340c,1cc67bd2b628d3e45ed81e7e843133596f3b026b
rocketchat_suite,RocketChat,42,50,a54654c3861badf9a0ec709a1788faf7d26bc1b9,a54654c3861b,False,71a663a99263af6501087e8aa2447afbd1ff3504,fix: prevent self-message notification in new message stream (#39545),Keith Galvan,jeffersonchad@example.com,2026-03-12T14:34:08-03:00,dd75cd17eb122672b69db839c2e66767358aab08,cad7d6e6f9b9cd21c7cf9d8d7e1719c8cb48c8e4
rocketchat_suite,RocketChat,43,50,5cd51e6035df78ba475392a30c76a60f31029f3d,5cd51e6035df,False,a0bb62ffef4e02687b9aee57152e4e6b85b192f7,refactor: move custom sounds list query validation schema to rest-typings package (#39263),April Henson,uhall@example.com,2026-03-12T14:45:33-03:00,a54654c3861badf9a0ec709a1788faf7d26bc1b9,a5008fac0d0feb79c4628a51a77c46f6d182cb3c
rocketchat_suite,RocketChat,44,50,5d156a09d1bc606759b2f61d37e13bbc43d9115e,5d156a09d1bc,False,26434455665db1199be13e645b2a15f823854400,chore: Allow clients to register a session after accepting a call (#38736),Rebecca Kline,riveramargaret@example.org,2026-03-12T16:35:26-03:00,5cd51e6035df78ba475392a30c76a60f31029f3d,7fe07609888fd6410a6e92ebaf7c5e9111239d32
rocketchat_suite,RocketChat,45,50,3ad9316f9085df70674b527f37aaf4d20542953e,3ad9316f9085,False,984029f3e032c36d661318bc9fe8d54563410cf9,chore: add deprecation warning for anonymous read/write settings (#39461),Bradley Jones,frank83@example.org,2026-03-12T16:37:28-03:00,5d156a09d1bc606759b2f61d37e13bbc43d9115e,4906acf7aa430f2c994fb3c112313dfba70db6ad
rocketchat_suite,RocketChat,46,50,33492c0b5dc351a717bdc979f219ba9de1f63870,33492c0b5dc3,True,0c25b056487e380b9996706609356ed143864dda,feat: add new role for federated users (#39548),Cesar West,stephencook@example.net,2026-03-12T17:49:41-03:00,3ad9316f9085df70674b527f37aaf4d20542953e,686d46d8096f517d4137e9c669f8d268b0948c08
rocketchat_suite,RocketChat,47,50,213c9acc894ab1ec96d55f419de2549e356ec026,213c9acc894a,False,efc77659635cc053d24c079fd535bda6556084ea,fix(ux): prevent modal from closing when team/channel creation fails (#38611),Kristin Hernandez,felicia91@example.com,2026-03-13T01:45:17+05:30,33492c0b5dc351a717bdc979f219ba9de1f63870,3727cca86b6a60d6e5b95e48058fce230bd1995a
rocketchat_suite,RocketChat,48,50,cce3996c1c341d797c76eef3bffa44c7cf3bad6c,cce3996c1c34,False,5705715f45f15bc176eecba396124aca17964998,"fix: ""Join"" button on Outlook Calendar bubbles event up (#39363)",Stephen Simpson,fle@example.org,2026-03-13T01:47:45+05:30,213c9acc894ab1ec96d55f419de2549e356ec026,cab855e415e58ec8211dd49aa81883e3871c7f46
rocketchat_suite,RocketChat,49,50,d8a192ed4cae5128196b1ba120fc6b5cc9f76471,d8a192ed4cae,True,ab39e3c0e1d6775fe1d54cd95c33f79cbf321111,fix(e2e): avoid redundant room queue updates on key rotation (#39480),Justin Barker,xkoch@example.org,2026-03-13T01:47:45+05:30,cce3996c1c341d797c76eef3bffa44c7cf3bad6c,c6e104431e95b0c6d43ea9664e15c5f6a24b0841
rocketchat_suite,RocketChat,50,50,5bb655ab7a746d9039dbc4b4889396b63cbaddf5,5bb655ab7a74,False,54b54a6f410bafb9cb5e16792f3e2ec9ed517f89,chore: disable Transfer Call button when the opposite client doesn't support being transferred (#39486),Rebecca Kline,riveramargaret@example.org,2026-03-12T17:52:27-03:00,d8a192ed4cae5128196b1ba120fc6b5cc9f76471,39fe71052efe99019e448b0592820e8c1c9a14a6
opentripplanner,OpenTripPlanner,1,50,406e036b2356fef361c0b03e4ad93285d25d9587,406e036b2356,False,4a38d91bc6c234efb8dae2f7671ffc307648a8b4,Remove empty file,Sean Davis,richard88@example.com,2026-03-09T09:28:26+01:00,648246405ee6045d3298a11ece7ae362eb86d14d,b3fe609f8eb22683e9cf0b7570fc430807b154eb
opentripplanner,OpenTripPlanner,2,50,eb40ffecd39c94a3fd94f0fac55934432f76ffbf,eb40ffecd39c,False,1ad814300adda57a5c47a48aa2fd72921632d07a,Improve message of stop connectivity issue,Sean Davis,richard88@example.com,2026-03-09T09:53:29+01:00,406e036b2356fef361c0b03e4ad93285d25d9587,6fc7d2c28194ef1c78f64cf3fd0d3725d8db950f
opentripplanner,OpenTripPlanner,3,50,07bfefa39101a92744edd64dbdd95fb20c3b2298,07bfefa39101,False,6b84d15440a9d3fe782ae6924795413e249a6d9f,Add test,Sean Davis,richard88@example.com,2026-03-09T12:32:40+01:00,eb40ffecd39c94a3fd94f0fac55934432f76ffbf,8020e23f7b82886a6ab651b9280cf92196d3fa84
opentripplanner,OpenTripPlanner,4,50,b23e06b309f3af29fb7ff000d1e7e63cacf11b4d,b23e06b309f3,False,abc1a5c6653dd63188fea420861024b9a0365468,Apply review feedback,Sean Davis,richard88@example.com,2026-03-11T12:48:47+01:00,07bfefa39101a92744edd64dbdd95fb20c3b2298,4e5f92467582f4128e3d19103bde81d86b516817
opentripplanner,OpenTripPlanner,5,50,b5b8ee3ff533f4a482e15b1f3b4975e588d3e7a3,b5b8ee3ff533,False,03950fe8a53fd239b2480dcc549579845f296eeb,Add changelog entry for #7375 [ci skip],Brian Brown,lori76@example.net,2026-03-11T13:51:14Z,b23e06b309f3af29fb7ff000d1e7e63cacf11b4d,2511c663f2d76504b9c19114c3ca1ee4831c7dff
opentripplanner,OpenTripPlanner,6,50,090240208e0f0b19057ff1e417f5d27d021fa3b6,090240208e0f,False,4bb8f5641607a3e4e5f4863ee5ed9f0041fa07f7,fix(RealtimeVe...Matcher): Infer service date if staticTripTimes missing.,Jill Joyce,justin22@example.net,2026-01-07T16:17:46-05:00,b5b8ee3ff533f4a482e15b1f3b4975e588d3e7a3,023ee41d931aaae20c291ca4f9c45cf692be752e
opentripplanner,OpenTripPlanner,7,50,43002eca14e1b9ee6ac98cfcd3725235e181f12d,43002eca14e1,False,c3598f9416e8dc93b0fa1cf6f0e36d76c6ac066b,Rename test param in RealTimeVehicleMatcherTest,Amanda Nelson,brendajohnson@example.net,2026-01-09T09:14:24-05:00,090240208e0f0b19057ff1e417f5d27d021fa3b6,5b77b77c72e611116ebc735e8b538de07138b547
opentripplanner,OpenTripPlanner,8,50,6a0defed2873595b9d6cb063b956682811b43f05,6a0defed2873,False,44cfdbc3c4ac09ad1f6d5129f6e9507ebf64f840,refactor(RealtimeVe...Matcher): Revert inferServiceDate with static times.,Jill Joyce,justin22@example.net,2026-02-04T18:01:33-05:00,43002eca14e1b9ee6ac98cfcd3725235e181f12d,05f893023a368822a9545929ff85ede1952e3bff
opentripplanner,OpenTripPlanner,9,50,0ffaed04408f94cb2d881ff993df3503a72e15d5,0ffaed04408f,False,655cc2684b191900bcd080fbb1db521e37704e19,refactor(RealtimeVe...Matcher): Infer svc date using realtime pattern.,Jill Joyce,justin22@example.net,2026-02-04T18:18:21-05:00,6a0defed2873595b9d6cb063b956682811b43f05,bd1c1d598731ce5bfbf11b1697523d26959ec262
opentripplanner,OpenTripPlanner,10,50,06359b08b8496970289a3dc4d231e5ce7b53f823,06359b08b849,False,c14ebed54d8c696f07547072e344d5ab0e63537d,fix(RealtimeVe...Matcher): Return null svc date if no static times and not one trip svc date.,Jill Joyce,justin22@example.net,2026-02-05T08:24:24-05:00,0ffaed04408f94cb2d881ff993df3503a72e15d5,26b91d3a74c44d9a140b30d301b0fda0c8a75f1c
opentripplanner,OpenTripPlanner,11,50,d74092c09e71c545ec1285352c91ed67c2a67b56,d74092c09e71,False,2a235b931a4f7d49b1d9d6df60012b60aaaccecc,test(RealtimeVe...Matcher): Remove redundant param in inferServiceDayOfTripAt6.,Jill Joyce,justin22@example.net,2026-02-05T09:11:00-05:00,06359b08b8496970289a3dc4d231e5ce7b53f823,94d5b166cd52dd36989e798ce2f760bf773aa090
opentripplanner,OpenTripPlanner,12,50,843dff187ed5b2f6ee083fd0249fce467582300a,843dff187ed5,False,8d118087ac479e500a0db25dde453e267f63026b,fix(RealtimeVe...Matcher): Get service dates from transit service.,Jill Joyce,justin22@example.net,2026-02-05T14:26:00-05:00,d74092c09e71c545ec1285352c91ed67c2a67b56,eb6db12858c6a654492ade22020c83fda51a430d
opentripplanner,OpenTripPlanner,13,50,278d753f282054790561851d99be0cd27e0755fb,278d753f2820,False,27bdc69511a50ca77f87aaa2a883c2a8e5343b12,refactor(RealtimeVe...Matcher): Consolidate ctors.,Jill Joyce,justin22@example.net,2026-02-05T14:45:24-05:00,843dff187ed5b2f6ee083fd0249fce467582300a,824d31b13fb0e24ed7b141d8f67a037736d4118d
opentripplanner,OpenTripPlanner,14,50,add2420373d28a9df0fcc4db5860bae49311b2db,add2420373d2,False,f22631e2ad56592d3747686ac5d5315541570807,style(RealtimeVe...Matcher): Apply checkstyle.,Jill Joyce,justin22@example.net,2026-02-05T14:50:54-05:00,278d753f282054790561851d99be0cd27e0755fb,90a1512294f255096b4d55220203d74ddad28053
opentripplanner,OpenTripPlanner,15,50,5a1cea25322f6970a992385eb3cae52f9e6af34b,5a1cea25322f,False,25ad362a87ec9864b63e49b3c3bdfa2618b97d7c,Add changelog entry for #7179 [ci skip],Brian Brown,lori76@example.net,2026-03-11T15:00:49Z,add2420373d28a9df0fcc4db5860bae49311b2db,776c19fe6cdd0bc671bc2648585b824c19b6d741
opentripplanner,OpenTripPlanner,16,50,52c115ef9e5b229e75ffe84ab5f2ee86f456ac38,52c115ef9e5b,True,3642b448c0b2a0e28eefe578a77cd1e30e5d3b65,Set default timeout to 5 seconds again,Sean Davis,richard88@example.com,2026-03-03T19:54:15+01:00,5a1cea25322f6970a992385eb3cae52f9e6af34b,c197a4df2a3ec2ecac120d084bf7621a8d17c203
opentripplanner,OpenTripPlanner,17,50,d7990c17103d020584583aabab8bb1fdc3da74f3,d7990c17103d,False,59d51428da7d56624b5d9b8ec931d1638db8e86f,Add changelog entry for #7373 [ci skip],Brian Brown,lori76@example.net,2026-03-12T10:21:39Z,52c115ef9e5b229e75ffe84ab5f2ee86f456ac38,4a4fc7a6d285a477fb44068af3d00c56fc87849d
opentripplanner,OpenTripPlanner,18,50,045dfd4a08d43e9fa591c2626c657fbed6239457,045dfd4a08d4,False,9c05aac5da48a2f451b37a1274283387667cc2fe,Depricated polygon. Added centroid. Bugfix for #7012,Jose Graham,wattsstephen@example.org,2026-02-05T13:16:21+01:00,d7990c17103d020584583aabab8bb1fdc3da74f3,c1d83f5bc0c07085a7e5e58ad0b952a054f469d5
opentripplanner,OpenTripPlanner,19,50,aff752fcf13efc20a769f656c916422ad4d9e696,aff752fcf13e,False,0fd4d898bbdbc680ed86b085a8def761d671e0df,Removed bad mvn config #7012,Jose Graham,wattsstephen@example.org,2026-02-24T21:23:13+01:00,045dfd4a08d43e9fa591c2626c657fbed6239457,13ebce074d357b59066dc9a6e2367c752ce43542
opentripplanner,OpenTripPlanner,20,50,fb42e841741d60ba104e75126f4db866737e695c,fb42e841741d,False,661d0d92ee306bfa1d5b07ba4625c415bbb6c6ac,Moved tests per request by t2gran,Jose Graham,wattsstephen@example.org,2026-03-05T11:20:57+01:00,aff752fcf13efc20a769f656c916422ad4d9e696,bd04be39749404a4c0c427b4b69e0c8c8513859f
opentripplanner,OpenTripPlanner,21,50,b1bff8e691309deddfbbfc8d5db8746e23e78982,b1bff8e69130,False,ece893417864e8eb8cba244d132e223c32d8c9e9,Started fleshing out tests.,Jose Graham,wattsstephen@example.org,2026-03-05T12:31:32+01:00,fb42e841741d60ba104e75126f4db866737e695c,aa269e287ae1132d1df6f5a01b06676720531dab
opentripplanner,OpenTripPlanner,22,50,b2e4a85908cf566d0e43589769ecccadbc6718a5,b2e4a85908cf,False,923c2234a41450d480c00e38d408286a4aa6b4bb,Feedback from code review,Jose Graham,wattsstephen@example.org,2026-03-09T09:57:48+01:00,b1bff8e691309deddfbbfc8d5db8746e23e78982,fe7f483c462df18575a4c5a682f17611d82e55a1
opentripplanner,OpenTripPlanner,23,50,335e47460b117f89fcdda32a02f9545496bffee7,335e47460b11,False,023263837e3f19996ab4f7c371174785ccf31b67,Code review feedback.,Jose Graham,wattsstephen@example.org,2026-03-09T11:00:43+01:00,b2e4a85908cf566d0e43589769ecccadbc6718a5,da0f4b4b37b7769a2d992f9317dfabe91cad0d8f
opentripplanner,OpenTripPlanner,24,50,de3983ba109bd622af694574212cfc6490942411,de3983ba109b,False,7bd77a41b85cfd16e46c788c2705d3666a35a6b3,Added test after code review.,Jose Graham,wattsstephen@example.org,2026-03-09T11:56:39+01:00,335e47460b117f89fcdda32a02f9545496bffee7,c1f0dfbfbcdd3ae44c7f41839459208a4aeeb9ac
opentripplanner,OpenTripPlanner,25,50,ea542124b6db74f6f3ebae6fe79905edd0a93f65,ea542124b6db,False,c68c99640a7c8e715c26368edc404f46d0a9f81a,Removed dead code.,Jose Graham,wattsstephen@example.org,2026-03-09T11:57:25+01:00,de3983ba109bd622af694574212cfc6490942411,6ce8f00bf932bf4851a7a72c66fc50335e738570
opentripplanner,OpenTripPlanner,26,50,1c654bb4255f026d56955e502f1a8943af4e553b,1c654bb4255f,False,d6bda62199f5e0ea909d72e087f49f3168f95ca0,Fixed broken test.,Jose Graham,wattsstephen@example.org,2026-03-09T12:42:08+01:00,ea542124b6db74f6f3ebae6fe79905edd0a93f65,e54810c49c2a55fbb59a6058505da8164d6d8da9
opentripplanner,OpenTripPlanner,27,50,ce47448a7beecd519338e169b00ec6386df22421,ce47448a7bee,False,89a38eb69fdaa5224bc8611a034b270e9b16355b,Fixed bug in carpool routing and worked in code review feedback.,Jose Graham,wattsstephen@example.org,2026-03-11T15:17:30+01:00,1c654bb4255f026d56955e502f1a8943af4e553b,853b6e324db103183937438bf5b2ab6683ccdef2
opentripplanner,OpenTripPlanner,28,50,ff1a430584ef2bde03e4edfc29d2887ed4bb7f8b,ff1a430584ef,False,116b83beb65518cb6caceede538e64b5d12833ee,Change after code review.,Jose Graham,wattsstephen@example.org,2026-03-12T11:40:43+01:00,ce47448a7beecd519338e169b00ec6386df22421,76d9587780ed631c3d4ae020564421be2679e367
opentripplanner,OpenTripPlanner,29,50,10070dcb7ca1e107da8f17251524cb348f368bc3,10070dcb7ca1,False,4ec6f1a42683d8ef8ae4066ed1ddb1bfbc80ebab,Relax the visit number validation logic,Stephanie Ellis,robersonchristopher@example.org,2026-03-11T11:22:51+01:00,ff1a430584ef2bde03e4edfc29d2887ed4bb7f8b,4db03e7c583991705a2302f60e14ee2214afb80c
opentripplanner,OpenTripPlanner,30,50,2785b5e963abf88daa4b4c960819bab62fb6a61a,2785b5e963ab,False,7442b54ee572cbfc4322f3e3cbe287ed423e7851,Modify failing test,Stephanie Ellis,robersonchristopher@example.org,2026-03-12T09:22:58+01:00,10070dcb7ca1e107da8f17251524cb348f368bc3,5386d5abb7f7d620166a8078d6e4d6a63fb9ded8
opentripplanner,OpenTripPlanner,31,50,dba329a396f1dbbdce632b53c95001997235b30e,dba329a396f1,False,bfd779bcd2e45255d8cf99d1bf0cb68441a54e76,Rename variable,Stephanie Ellis,robersonchristopher@example.org,2026-03-12T09:25:10+01:00,2785b5e963abf88daa4b4c960819bab62fb6a61a,2c86ecf077b553590f1d600c28045e79c8430c2c
opentripplanner,OpenTripPlanner,32,50,a680c31e1883d37b316decd26e4c537e557dd002,a680c31e1883,False,fd70b632a87fb9058d5dda2439c0dffcfeb4d46c,Update comment,Stephanie Ellis,robersonchristopher@example.org,2026-03-12T12:37:15+01:00,dba329a396f1dbbdce632b53c95001997235b30e,3b521f43c5f3d7222750c8435394a8effcd1eef7
opentripplanner,OpenTripPlanner,33,50,2f1b9420c2a87f0d2c178fb991213735902c988b,2f1b9420c2a8,False,2acbd19d06487e2d05fb571e97749b017669f06c,Add stop code back to log message about failed boarding location linking,George Sims,kwilkins@example.com,2026-03-13T09:08:18+02:00,a680c31e1883d37b316decd26e4c537e557dd002,c8d2bacbca6dc83333937f9441778774753dbbe6
opentripplanner,OpenTripPlanner,34,50,980334e93a776a9168246cabc892038d88c82c28,980334e93a77,False,2ad83dab0e12cc79616d498ce08dd4317cd824e6,refactor: git mv HttpHeaders from updater.spi to framework.io,Heather Hensley,barbaranguyen@example.net,2026-03-11T14:38:30+01:00,2f1b9420c2a87f0d2c178fb991213735902c988b,535b7c3c7335c61aeb0c0cfaf53729b798e50cb3
opentripplanner,OpenTripPlanner,35,50,3647fb30560ea0888e9e12575c05e529ecb8572a,3647fb30560e,False,2a9eed3160ba1ec2e95a70f1903009ace3a678eb,refactor: update package declaration and imports for HttpHeaders move,Heather Hensley,barbaranguyen@example.net,2026-03-11T14:46:20+01:00,980334e93a776a9168246cabc892038d88c82c28,c56f3550322ce30320692b99b99d1f81fb6fea5c
opentripplanner,OpenTripPlanner,36,50,ff4dae36e024caf89308400679da5b01dcd18606,ff4dae36e024,False,7353c790d8917cb8eac6655e7400761118dda143,"refactor: update OtpHttpClient to accept HttpHeaders instead of Map<String, String>",Heather Hensley,barbaranguyen@example.net,2026-03-11T15:07:27+01:00,3647fb30560ea0888e9e12575c05e529ecb8572a,b903f97caca20d83683994670d1ef0246c70c6c8
opentripplanner,OpenTripPlanner,37,50,d0a48e4c35eda6f58295525993b25b77b4de6bf7,d0a48e4c35ed,False,3e05ca2d65a58b00278cbb98c4c14f9be5411a76,docs: update HttpHeaders javadoc to not reference updaters,Heather Hensley,barbaranguyen@example.net,2026-03-11T15:15:00+01:00,ff4dae36e024caf89308400679da5b01dcd18606,4c02e345d8b129d0565721461e1c18db6b49531c
opentripplanner,OpenTripPlanner,38,50,1484c5ac0010cd2d78eff63fcaa8b464967fd3f1,1484c5ac0010,False,01b732e0b934fee639e9ed7993be40e1404ac744,style: apply prettier formatting,Heather Hensley,barbaranguyen@example.net,2026-03-11T15:48:03+01:00,d0a48e4c35eda6f58295525993b25b77b4de6bf7,f1c81ec05ce804b9bc5647f34fd16632ca6adcdb
opentripplanner,OpenTripPlanner,39,50,678dcb3eb08abe0d218fa227b54a1cc3d723ab53,678dcb3eb08a,False,5bf5de07822fcdc3869d8cbbedd3fdac06c23ff6,Fix entrances sometimes not showing up in walk steps and add tests.,Christina Kemp,bakeranna@example.net,2026-02-27T15:40:25+02:00,1484c5ac0010cd2d78eff63fcaa8b464967fd3f1,7465274afb47dbf704030f267876f141aa1dedb5
opentripplanner,OpenTripPlanner,40,50,63244510b128de1777a5a9003887152a2fd10fb8,63244510b128,False,2863a31740f434ea75c68f790d0367013c990c1d,Fix test.,Christina Kemp,bakeranna@example.net,2026-03-02T14:25:44+02:00,678dcb3eb08abe0d218fa227b54a1cc3d723ab53,a42d989461c1bc3173c729fcaacbe87d0d9d621a
opentripplanner,OpenTripPlanner,41,50,0f7fa764408c912b0294b212fe8b2fe29e230720,0f7fa764408c,False,ba772414261755d58e1ded18548a848f9b12f7f9,Add localized name for station entrances in StatesToWalkStepsMapper.,Christina Kemp,bakeranna@example.net,2026-03-03T14:33:38+02:00,63244510b128de1777a5a9003887152a2fd10fb8,7b54fda3d98eacfa1fadb023b49f4c2fe647656a
opentripplanner,OpenTripPlanner,42,50,81ed9bdc986c2edda5307b8b88cccc93205a5ad4,81ed9bdc986c,False,efada0e3a960290de4875c00d587159d3a95af9c,Change comment.,Christina Kemp,bakeranna@example.net,2026-03-10T16:51:09+02:00,0f7fa764408c912b0294b212fe8b2fe29e230720,59456ed76616c23b8b70f6b427bcfb9a53f9881d
opentripplanner,OpenTripPlanner,43,50,f4c82c52135d3ea4f0d701fda4319c77b0ddef79,f4c82c52135d,False,5ec9a6a8f64aac443defee3e56bb0b58731f271f,Add changelog entry for #7361 [ci skip],Brian Brown,lori76@example.net,2026-03-13T13:57:18Z,81ed9bdc986c2edda5307b8b88cccc93205a5ad4,639a9d5f0642f937648c66d77afcc72a07d4d74b
opentripplanner,OpenTripPlanner,44,50,e10dea5fd98b8f3a8608623cf077ec9210c8068a,e10dea5fd98b,False,ef0a371b14f2ce4e5fa728e69d50f40711d7afb3,fix(deps): update dependency @graphql-codegen/java-resolvers to v4,Kaitlin Thompson,dmiller@example.org,2026-03-13T13:59:18Z,f4c82c52135d3ea4f0d701fda4319c77b0ddef79,90ac10a443f1326d9f2da53188597c994b2e601f
opentripplanner,OpenTripPlanner,45,50,73830f6217f9e239e690a3b27e14107e1e05d8a5,73830f6217f9,False,b450a95504eff9e2333908e2fb881362c1352096,Change renovate to rebase only when there are conflicts,Kim Diaz,smithdonald@example.com,2026-03-13T16:11:26+02:00,e10dea5fd98b8f3a8608623cf077ec9210c8068a,a222c785be0fb94b100757fdb715d7c021d755e2
opentripplanner,OpenTripPlanner,46,50,02696089b59598de95f41e73ca7fa795fbe8d920,02696089b595,False,6bf0a3f604eca1c55bc081165d47acc79edcedf2,fix(deps): update highly trusted dependencies (patch) to v1.16.4,Kaitlin Thompson,dmiller@example.org,2026-03-13T14:28:05Z,73830f6217f9e239e690a3b27e14107e1e05d8a5,bac06b6b1f5de34172afc15ffac56a363a40e6c7
opentripplanner,OpenTripPlanner,47,50,a31758a05ff08f515fc255325a6cb82072d2931f,a31758a05ff0,False,cc1c5a16889581b8c464aa139db7ac62911658e2,fix(deps): update gtfs api code generation,Kaitlin Thompson,dmiller@example.org,2026-03-13T14:28:24Z,02696089b59598de95f41e73ca7fa795fbe8d920,105b70f22677a66fce334de23aa1d11d632059da
opentripplanner,OpenTripPlanner,48,50,96efc43c5d2e1dcc3b7637b98367db3326524cb2,96efc43c5d2e,False,4071bcf99d9f9f43bf90854e29e513325a8bc108,Pin jts-core to 1.20.0 to fix version conflict with mapbox-vector-tile,Leah Ramirez,christopher32@example.net,2026-03-12T15:23:48+01:00,a31758a05ff08f515fc255325a6cb82072d2931f,63a8d4f66890123fdd411a521bd204ab80953276
opentripplanner,OpenTripPlanner,49,50,11db3abd315571fb2fc2954118e2c13f63d9fdc4,11db3abd3155,True,8a4fa8412a3e0381083e3514c21016ae3da3890b,Refactored timeout factor,Sean Davis,richard88@example.com,2026-03-12T18:29:01+01:00,96efc43c5d2e1dcc3b7637b98367db3326524cb2,23decbbdca92cf2ab5a1d8dd54b7b8cff6a255c1
opentripplanner,OpenTripPlanner,50,50,d7ae742611ce484c2f08e55d1d6a3be41a5edbf8,d7ae742611ce,False,4f355f82357381fd341bebdd0afdeaa358e64f7f,chore(deps): update dependency vite to v8,Kaitlin Thompson,dmiller@example.org,2026-03-13T15:09:20Z,11db3abd315571fb2fc2954118e2c13f63d9fdc4,4cdfd13545ec82afb7e807c30f2d4fa0e147b457
wiki2,wiki2,1,50,f2ac82a7237b8b5223b5a7f655008483447c51bc,f2ac82a7237b,False,a393f5f9bcab56590d03bd886ce8e05f05a64b89,docs: Update README.md,Crystal Roberts,brownmichelle@example.com,2025-03-31T03:50:08-04:00,9a325746f0d3728055188f75ab7cf7b30082cf07,857b8e8e654de9e790fc358655730bc3b9856d14
wiki2,wiki2,2,50,92f25812edc025e12bfff133e0b6bee107b10eec,92f25812edc0,False,7053819f358802091c5f49bef5b38a7b32714140,docs: Update README.md,Crystal Roberts,brownmichelle@example.com,2025-03-31T03:52:26-04:00,f2ac82a7237b8b5223b5a7f655008483447c51bc,ad1b8a40a1cdc598c988c6c98501e24260698a95
wiki2,wiki2,3,50,d9ed335832d1d269e773cafc94500b3e7dc68cea,d9ed335832d1,False,9bf9c8af4790051bf9563c4c68d2939ad39d5cdc,ci: Update build.yml,Crystal Roberts,brownmichelle@example.com,2025-03-31T03:55:18-04:00,92f25812edc025e12bfff133e0b6bee107b10eec,cb4b2285819bf9f1bfd36eaf21b2d341e83d8b57
wiki2,wiki2,4,50,07f98b5e32b66cc34ce87e60b5f2e2680e21f5a5,07f98b5e32b6,True,200c8e8c7f9a82692deeb5da06d31ccde3b037e7,feat: add option to delete all pages,Crystal Roberts,brownmichelle@example.com,2025-04-01T08:58:12-04:00,d9ed335832d1d269e773cafc94500b3e7dc68cea,169de11cb2511b5bf3a42c15c849ba35a3668e43
wiki2,wiki2,5,50,73ccab5d6fe9741d560265351d3f409bde3daf36,73ccab5d6fe9,False,2dfc6a5f2a83bbe1e2cb8be3b1a7a356572029f0,chore(helm): render external database URL if it is set (#7036),Antonio Harrell MD,samantha16@example.net,2025-04-07T15:19:29+02:00,07f98b5e32b66cc34ce87e60b5f2e2680e21f5a5,5307bfd6c25ac7f8713ed3e0289624a31d444ad7
wiki2,wiki2,6,50,4bd38d9d842090f567265294824d155df7ffb0b3,4bd38d9d8420,False,6b96836f9e4f9d75b325ec2cc54b3f967a57c612,docs: Update SECURITY.md,Crystal Roberts,brownmichelle@example.com,2025-06-10T14:45:46-04:00,73ccab5d6fe9741d560265351d3f409bde3daf36,8a4b1dd07bdd4d8655e84484502624cb5eaf8486
wiki2,wiki2,7,50,c8571c24e4eaaac2b75b167ee4ff545c519fab16,c8571c24e4ea,True,770626f86b4633b88d2b0cad2d1aeb906acc172d,feat: create option to reset wiki content in development mode,Crystal Roberts,brownmichelle@example.com,2025-06-17T11:47:49-04:00,4bd38d9d842090f567265294824d155df7ffb0b3,a3058ce989e88e083ce5dfea78866973d49beaa9
wiki2,wiki2,8,50,16d3da2e1cc5b14a9cec8952cd79719e16be4d63,16d3da2e1cc5,False,dabfd6b1a2e7186aba20d3a91b556844c3ed0ca7,docs: Update README.md,Crystal Roberts,brownmichelle@example.com,2025-07-28T13:11:47-04:00,c8571c24e4eaaac2b75b167ee4ff545c519fab16,a835cbd7bbccb023ae37f897b6e8a02383c76f7d
wiki2,wiki2,9,50,59a4554a79d5df7c223bf07beae724a0c1782538,59a4554a79d5,False,003cbae3aa6acd302c0d4b5732bff70dda6bfe70,fix: update dompurify dependency + add cross-env,Crystal Roberts,brownmichelle@example.com,2025-08-13T02:52:46-04:00,16d3da2e1cc5b14a9cec8952cd79719e16be4d63,1c8fceda33c17d960fe8fa308723fc0a62506304
wiki2,wiki2,10,50,282715a2cb4e0d3e3f53c0d10ea3111184991657,282715a2cb4e,False,20b1ae0d8eefc9ca3373782ec0f0de924c107357,feat: set groups based on Azure groups (#7736),Stephen Manning,afrey@example.com,2025-08-13T08:53:19+02:00,59a4554a79d5df7c223bf07beae724a0c1782538,3d50330426e43a32239008028c16ce8560df9590
wiki2,wiki2,11,50,ebc1904edafc8da6ed45f3ab5c9635894663501a,ebc1904edafc,False,cf46085de12d18f69e8cd39b313fae201964c7f5,fix: force wrap for code blocks in print view,Crystal Roberts,brownmichelle@example.com,2025-08-13T03:03:35-04:00,282715a2cb4e0d3e3f53c0d10ea3111184991657,f65e30787fa95fc2d6fada08ee4399f7c87a053c
wiki2,wiki2,12,50,aa832bb38f55769c9de04a44d0b760de32e7fbae,aa832bb38f55,False,5bb868993a8b53472bf3da34748960408f12f8e3,fix: requests without user-agent causing error 500 (#7749),Lisa Evans,mjones@example.org,2025-08-18T21:38:20-04:00,ebc1904edafc8da6ed45f3ab5c9635894663501a,460ca8c8b43172cb3535bc5852c4896ebabf61ba
wiki2,wiki2,13,50,4ad165796e66c83d95a2caf729b6eea2bcf832e3,4ad165796e66,False,bd40ae46ba150febcdafcd6eb848dc90cb870001,ci(helm): add custom environment variables to the deployment (#7784),Jesse Jefferson,thompsonryan@example.net,2025-09-11T16:58:59Z,aa832bb38f55769c9de04a44d0b760de32e7fbae,54558d7ea29f2f8a700741dd29131276dce91b22
wiki2,wiki2,14,50,68d219a96f6d901c64af46955c6a96b0c3ffbc51,68d219a96f6d,False,be08ae6d73cb82b519ac2d41eb9fc5c944dc5b41,fix: Add missing status code on unauthorized access (#7785),Cassidy Paul,richard41@example.org,2025-09-24T13:06:37+09:00,4ad165796e66c83d95a2caf729b6eea2bcf832e3,9b5de3612abfab0edffd5f00986e1f357e4aa2c9
wiki2,wiki2,15,50,eb338f5999f1cd14539517b9ac01f2044a14cff9,eb338f5999f1,False,152937b5c3078fac1934bfba1e01d947f5163250,docs: update README,Crystal Roberts,brownmichelle@example.com,2025-10-09T00:19:29-04:00,68d219a96f6d901c64af46955c6a96b0c3ffbc51,6babcb056946486482ee7488eddc2c703f195ae5
wiki2,wiki2,16,50,c00295416725b6ed9a6396fbd87898630b64eda5,c00295416725,True,92a1f26fb5592a0bc5bcf2c0bd2e78ac9f24ea93,fix: add graphql mutation for deleteAllPages,Crystal Roberts,brownmichelle@example.com,2025-10-16T02:29:29-04:00,eb338f5999f1cd14539517b9ac01f2044a14cff9,7ae9cf1667a6f43dbc567d14cc688a4d24297387
wiki2,wiki2,17,50,e503aa084a316b05fcdc36667fc1c954164f4624,e503aa084a31,False,ec1255c15ce0f76b204cf02422354ff1c1dbd6b5,fix: add tor1 region to DigitalOcean spaces list (#7832),Nathan Monroe,mary31@example.net,2025-10-28T13:39:14-04:00,c00295416725b6ed9a6396fbd87898630b64eda5,513ab669a97bfa785b59e27ebf55d8213db89d68
wiki2,wiki2,18,50,7ae959b3a6c003f869ae8dc146a9dd86231e952c,7ae959b3a6c0,False,3d5bac5afdfd1224467e045b0375a382ae99e337,fix(search): always ensure pg_trgm extension availability for PostgreSQL search (#7845),Alan Odonnell,manuel46@example.com,2025-11-13T20:27:26Z,e503aa084a316b05fcdc36667fc1c954164f4624,5df9b76e63456c6e79737c82d2c57bae2a55f7c3
wiki2,wiki2,19,50,a3ad5d116fc71c44c5c4a0e0cf1f44737dafe5df,a3ad5d116fc7,False,ed7e4d5361041286661c7a10554824d51cafc9c0,fix: enhance logging for Google and GitHub OAuth2 authentication (#7848),Annette Hernandez,nicholas57@example.net,2026-01-01T07:14:14+05:30,7ae959b3a6c003f869ae8dc146a9dd86231e952c,601ab6d6da11391f3bd7552e6fd653a63e6a9a00
wiki2,wiki2,20,50,45d81f17214dc23e7e417e85774d288fe0e9a382,45d81f17214d,False,ede61df71c1686b43be2d58208fa97de5eda8726,feat: add support for database connection via socketPath when using mysql2 driver (#7839),Kathryn Shaw,bennettthomas@example.net,2026-01-01T02:53:47+01:00,a3ad5d116fc71c44c5c4a0e0cf1f44737dafe5df,ffbfb18fe76de9361729f6e28699ae7faa1b8179
wiki2,wiki2,21,50,246699a2c33e87f8781f58b7f3f336ce33f60db1,246699a2c33e,False,c139b5ed7855f3dc48eb7b3f1b42dd92f88cdd93,fix(profile): Prevent autofill on header search bar (#7688),Renee Chavez MD,ydominguez@example.org,2026-01-01T03:00:06+01:00,45d81f17214dc23e7e417e85774d288fe0e9a382,1ad9381d37f9cd487dcbdf0c66add4da28f29530
wiki2,wiki2,22,50,173a40d48a5ff26489a4cf22d334e302566a1207,173a40d48a5f,False,4e72891139b3669bbc680b42510a8268439935ef,fix: Update keycloak authentication definition hints (#7809),Melissa Aguilar,romerokimberly@example.org,2026-01-01T02:02:42Z,246699a2c33e87f8781f58b7f3f336ce33f60db1,d6ba340a08785a468148e10dc63899eb0c5a6ec4
wiki2,wiki2,23,50,be25b734af940daf5036a1fa424f45827d5c20c4,be25b734af94,False,2a56d88e4398471ee42f3d8ce0fbd86e03e69d00,fix: add locale to home icon breadcrumb nav (#7825),Andrew Carpenter,scottstein@example.net,2026-01-01T03:09:21+01:00,173a40d48a5ff26489a4cf22d334e302566a1207,69a2965b250136b3a655769f13d0573e97e0596f
wiki2,wiki2,24,50,54b7c67111fbd09f5bc822e5a426add501cf83d6,54b7c67111fb,False,1536d4842ead6906b736b2eac72fd27e74219265,fix: hide unfinished features,Jason Burke,joshuaduffy@example.com,2026-01-03T02:30:55-05:00,be25b734af940daf5036a1fa424f45827d5c20c4,39f7db157010be9d9b9318ace0539c6b2df9fe37
wiki2,wiki2,25,50,ec774dca072ac5c9934fcbcd44f5c99d77e4caef,ec774dca072a,False,9a82357765289e46c9899c8f90dd2075ddae52ab,refactor: update docker images to Node 24 and fix promisify calls,Jason Burke,joshuaduffy@example.com,2026-01-03T03:03:15-05:00,54b7c67111fbd09f5bc822e5a426add501cf83d6,49a368a56b8c927d389bcf20347bb7172a8d96ae
wiki2,wiki2,26,50,190ba2440397cc5ae915a2437fd7cbc550b80150,190ba2440397,False,382ae1d307700d311fe1f047a4b6143cbea84cae,chore: update dependencies,Jason Burke,joshuaduffy@example.com,2026-01-03T03:27:51-05:00,ec774dca072ac5c9934fcbcd44f5c99d77e4caef,32f77cc7ad2ac1f3ef66f29c6f98cb5fa137c46f
wiki2,wiki2,27,50,d6c9f68848a713b99d65cfe2e09bff66775a0fa7,d6c9f68848a7,True,b0b4e9542542745168e2034b7b9d24d0a8b996a6,fix: add removePages event,Crystal Roberts,brownmichelle@example.com,2026-01-05T09:31:51-05:00,190ba2440397cc5ae915a2437fd7cbc550b80150,957945523ab37015582ca53f851b258d474d4b24
wiki2,wiki2,28,50,454ccbfd54f7cdc92e8ab629769c8dd8a7250fa7,454ccbfd54f7,False,0686d72220ef7b9a0f217322b8101fc6a2999811,fix: breadcrumb path generation,Crystal Roberts,brownmichelle@example.com,2026-01-06T00:38:16-05:00,d6c9f68848a713b99d65cfe2e09bff66775a0fa7,67030f6b7fff4805e4f5b91008c124a75ff20fb1
wiki2,wiki2,29,50,2466557bf6033566e68db434fde3be0f57e3c521,2466557bf603,False,4949c748349d8307bce100beb32cca6a330dabf1,fix: use promisified pipeline from stream,Jason Burke,joshuaduffy@example.com,2026-01-06T00:54:56-05:00,454ccbfd54f7cdc92e8ab629769c8dd8a7250fa7,aea025ea9b3e3d01178ae3e8ccaeea3b946be1bd
wiki2,wiki2,30,50,f17eeb31462e32ddd077bdf984d8c2ca65c73122,f17eeb31462e,False,7d198cb73f07507e220777efc7ac3a626c2afda3,fix: stop dompurify from breaking draw.io diagrams (#7888),Tiffany Potter,simpsonsharon@example.org,2026-01-06T22:56:35+01:00,2466557bf6033566e68db434fde3be0f57e3c521,d9f1c43d9ddd3c7f131669fedb73624a17e80a3b
wiki2,wiki2,31,50,a41195e490131eab791b82c75f33af52b6742a44,a41195e49013,False,54c7a3c31a0d5904cba9d11dc066548012ab60b1,fix: handle breadcrumb locale prefix correctly,Jason Burke,joshuaduffy@example.com,2026-01-08T03:00:47-05:00,f17eeb31462e32ddd077bdf984d8c2ca65c73122,42e4ef43a7b3a42f8c13a942dd3f96e2ad88bc50
wiki2,wiki2,32,50,7ec51826e2c1dacd8c9874e7811c6262401a9b5c,7ec51826e2c1,False,075316a974949308eefb31584a57a644785a0fb9,fix: css editor in page properties dialog not loading,Jason Burke,joshuaduffy@example.com,2026-01-08T03:04:21-05:00,a41195e490131eab791b82c75f33af52b6742a44,d24148691598b366aefa822e4223baac90604f11
wiki2,wiki2,33,50,0ae96dfc4a575a4769bdf8fb3e6bb66b39e5f2d7,0ae96dfc4a57,False,8d7d854b82b0e20ddb0938627016e9e69ba30b7c,fix: rocketchat auth prototype pollution via userProfile function,Jason Burke,joshuaduffy@example.com,2026-01-08T03:40:26-05:00,7ec51826e2c1dacd8c9874e7811c6262401a9b5c,cd5462e7a3b6fb0256aaaf08551cb893ed6ce788
wiki2,wiki2,34,50,73cc0df9c41ad46ac06305a9a3ff0aa052ca6291,73cc0df9c41a,False,a79edbbff257ad72fd7d5ea9f268cc28458645b6,fix: add cookie secure flag when site is using https,Jason Burke,joshuaduffy@example.com,2026-01-08T04:22:22-05:00,0ae96dfc4a575a4769bdf8fb3e6bb66b39e5f2d7,21958c4cdf5356c8e139b8215cccadae327dcdf5
wiki2,wiki2,35,50,2e3374eb9ab8f7d8bf16ffd022ced8e82ab747fd,2e3374eb9ab8,False,519fcf615db5f29a8986820430b4e45cf16bd0d7,fix: add cookie secure flag when site is using https (client-side),Jason Burke,joshuaduffy@example.com,2026-01-08T04:49:09-05:00,73cc0df9c41ad46ac06305a9a3ff0aa052ca6291,031323c0108488594e19f390a408537b798e6b24
wiki2,wiki2,36,50,15ec00f05fb12e2af7ef61f221c550e23a17e3e1,15ec00f05fb1,False,e875de6f26aa550d57c32f7f08066fa54381fc0b,fix: apply theme style to embedded diagram svg (#7903),Tiffany Potter,simpsonsharon@example.org,2026-01-20T22:40:00+01:00,2e3374eb9ab8f7d8bf16ffd022ced8e82ab747fd,210141c68e35bdc840099bfa7160cd8a5626c03f
wiki2,wiki2,37,50,44a070d1be1478e139e02f3de66f305aa13dbd62,44a070d1be14,False,f7d714546fc8e7be48f9d359db3133ac0b615f56,fix: diagram svg styling add `!important` qualifier for light scheme (#7905),Tiffany Potter,simpsonsharon@example.org,2026-01-22T18:27:29+01:00,15ec00f05fb12e2af7ef61f221c550e23a17e3e1,6e00d427b7892c81b834ea0c91858951e9ff753d
wiki2,wiki2,38,50,4ba99276591b252e6f36faff0582070972200c8e,4ba99276591b,False,9bd980deff9aa67f791a5e4f8a2788f879ede2bf,feat: map OIDC/OAuth2 avatar claims to user pictureUrl (#7908),William Mendez,ambertodd@example.org,2026-01-24T00:36:52+01:00,44a070d1be1478e139e02f3de66f305aa13dbd62,ea34ea8d0a9bb5b08b75bc2e89ea780458159ab7
wiki2,wiki2,39,50,03ecf1f7262e9cddf7c707e410bc944815a7eb39,03ecf1f7262e,False,90d9053b4f223c4ebc52a1a3bbc71efebb3df1b9,fix: validate loginRedirect cookie to prevent open redirect (#7923),Dalton Ramirez,janice16@example.com,2026-02-12T02:27:36Z,4ba99276591b252e6f36faff0582070972200c8e,2cc3b8e4e6687d2a7154053a7ca799942fdff461
wiki2,wiki2,40,50,72e43f137e05eb62d440e05dd6a5206fb6ce1407,72e43f137e05,False,1cd7bf37e5bbd5a559a256cd92dc754b484bff35,fix: authenticate GraphQL subscription WebSocket connections (#7922),Dalton Ramirez,janice16@example.com,2026-02-12T02:40:25Z,03ecf1f7262e9cddf7c707e410bc944815a7eb39,84daf7139e16651f4595402783b23192b0d79438
wiki2,wiki2,41,50,0a1703350ddc25b4ee0b273fd2722656265764bc,0a1703350ddc,False,5c5bdaf93046048627b24369b59dfbf7efdb61df,fix(helm): Replace bitname PostgreSQL chart with custom statefulset (#7936),Crystal Roberts,brownmichelle@example.com,2026-02-22T00:04:24-05:00,72e43f137e05eb62d440e05dd6a5206fb6ce1407,9db13e48b47d6834bdb926a00e916f118f40c6fb
wiki2,wiki2,42,50,6d09deb8bece9326eed8c3c8aa9d9b187e131956,6d09deb8bece,False,b6fbadf91b8596327007580820a2656c06bc4715,ci(helm): fix chart versioning,Crystal Roberts,brownmichelle@example.com,2026-02-22T00:13:49-05:00,0a1703350ddc25b4ee0b273fd2722656265764bc,8ed391ffa4d63c6b439f53c2aab12dac91e02f7a
wiki2,wiki2,43,50,67e7c64f36fb7f0c36a5fb5845ef79cad05dfacb,67e7c64f36fb,False,7d9e5b3048cb8eff04faf018cd5b168b168bec7a,ci(helm): use prod chart,Crystal Roberts,brownmichelle@example.com,2026-02-22T00:22:00-05:00,6d09deb8bece9326eed8c3c8aa9d9b187e131956,be996c16df052bbf1fc5d1f8ebb45b35ae9cc678
wiki2,wiki2,44,50,eff563b487a4270529db9174abe61c6d42564187,eff563b487a4,True,35444181b187097a608c32051a6caca45bdb984d,fix: correctly remove files after export,Crystal Roberts,brownmichelle@example.com,2026-02-22T11:33:56-05:00,67e7c64f36fb7f0c36a5fb5845ef79cad05dfacb,0b4e3bb3f438026ee544ab8137a8c067df661bef
wiki2,wiki2,45,50,5715b6a75c1fc09b28b6bf1b9d30447eb636b1bc,5715b6a75c1f,False,3c720f0211c449b12e9604df6e9131b67f71cb5b,ci: update packer definition,Jason Burke,joshuaduffy@example.com,2026-02-26T04:42:58-05:00,eff563b487a4270529db9174abe61c6d42564187,b6f589ae398d6413081456c9c1c9d8e4c97ce4de
wiki2,wiki2,46,50,81ea41c12e9eba5a0ee64c4116f0529f98b548fe,81ea41c12e9e,False,20c707395a612de58870f1b70b6dc9672210457d,ci: update packer build workflow,Jason Burke,joshuaduffy@example.com,2026-02-26T04:51:10-05:00,5715b6a75c1fc09b28b6bf1b9d30447eb636b1bc,1d179c2af08ded397c00ffde43a73efa0703dcd2
wiki2,wiki2,47,50,d788561377ab7d07a1f7e7d349137c6c6b260105,d788561377ab,False,9722e21a61e1fe09fd5146192b353b74655fd390,ci: fix packer docker script,Jason Burke,joshuaduffy@example.com,2026-02-26T04:59:50-05:00,81ea41c12e9eba5a0ee64c4116f0529f98b548fe,d7a676b1c64162018c8cceb231160bf6fe0b0e5c
wiki2,wiki2,48,50,4753875a626f47fd48a68edd751fd0ec9f33b3db,4753875a626f,False,30cf55cb603a94ceb2304656e186462451867b49,ci: purge droplet-agent in packer cleanup script,Jason Burke,joshuaduffy@example.com,2026-02-26T05:10:46-05:00,d788561377ab7d07a1f7e7d349137c6c6b260105,b3cbe2a5b8042ccdc2a16824eae5cb4a8f39f299
wiki2,wiki2,49,50,c4c17c54526f3e196dd1f90735f3373f79f55e07,c4c17c54526f,False,37672a3f0f3cd642b110c2d714288310a3e062aa,ci: fix packer cleanup script,Jason Burke,joshuaduffy@example.com,2026-02-26T05:23:59-05:00,4753875a626f47fd48a68edd751fd0ec9f33b3db,fe34b4c9a45535ce29b7c76d40f885df896f563f
wiki2,wiki2,50,50,faaeb926691fee580cb6a03620b3ae019c3d2dda,faaeb926691f,False,0f7c0549744876b99f75db170ce637e125c3b850,ci: pin packer postgres to 17,Jason Burke,joshuaduffy@example.com,2026-02-26T05:41:53-05:00,c4c17c54526f3e196dd1f90735f3373f79f55e07,abf470ac2695dd8bc8d76f1d37ce52e2440247d8
stackstorm2,StackStorm2,1,50,bfbeb305eeb3528923745c1882c40728fa438a8a,bfbeb305eeb3,False,40757c68d7f4ace9f2f774c8f2e6b99223747de6,gha: fix s3 object tagging with aws cli,Kristy Lee,walkerstephanie@example.net,2025-09-26T14:52:58-05:00,85c0c876fba177539f2d70a8370031b7f06cf93c,e3c3ef5a05e23a6280c11bedf40c2432be4d7f61
stackstorm2,StackStorm2,2,50,aef2037bde9bdd40490f48ba0e13786ea82a2e4d,aef2037bde9b,False,e2e279674dd1940611aabf0b29a1eaf45b3e3242,gha: rework RESOLVES var,Kristy Lee,walkerstephanie@example.net,2025-09-26T15:48:48-05:00,bfbeb305eeb3528923745c1882c40728fa438a8a,746f11ed21309dfb7dd4dc4b90c43b38c3767ad0
stackstorm2,StackStorm2,3,50,c7a77357ef5286fabdfd225e9fea75119920e352,c7a77357ef52,False,a22ca676de6c9d8a0e70e10966805547a1487737,gha: strip more ansi sequences from text output,Kristy Lee,walkerstephanie@example.net,2025-09-26T15:58:32-05:00,aef2037bde9bdd40490f48ba0e13786ea82a2e4d,511e29a452f22cb6afd1d9e251b5fde39ca1572d
stackstorm2,StackStorm2,4,50,d70fe0a448670f05891aabff6e4295e5c763ba34,d70fe0a44867,False,1167363c5316404df99eb473350e13cb58b8a415,gha: debug,Kristy Lee,walkerstephanie@example.net,2025-09-26T16:05:34-05:00,c7a77357ef5286fabdfd225e9fea75119920e352,6ff746f0b8b62b41ffe14157c1bd680586f770f9
stackstorm2,StackStorm2,5,50,7dc26eef80e9c6d2f6310240bba13ac92655ee01,7dc26eef80e9,False,bcd3437591a6edc6de6efccce2588f4931dc3270,gha: fix download-artifact usage,Kristy Lee,walkerstephanie@example.net,2025-09-26T16:22:19-05:00,d70fe0a448670f05891aabff6e4295e5c763ba34,605dddd51d20d26f16fce7b9268887f44e19dc72
stackstorm2,StackStorm2,6,50,87febbec271ec815587d543541a482f886264690,87febbec271e,False,905e9804c985dd28b732d0f28b9e3568a44029d6,gha: drop debug,Kristy Lee,walkerstephanie@example.net,2025-09-26T16:31:17-05:00,7dc26eef80e9c6d2f6310240bba13ac92655ee01,104cb9ca42f8e5fd02dc0e957d064d130fd65a74
stackstorm2,StackStorm2,7,50,610a6becd70e26789548f6e8437592f4284fe3e7,610a6becd70e,False,e97f335e24577629205541f635a5ca7f62622010,gha: drop alert box from job summary,Kristy Lee,walkerstephanie@example.net,2025-09-26T16:40:34-05:00,87febbec271ec815587d543541a482f886264690,a7c779f34b7d36f87e9ba9f63c0a98f80577e399
stackstorm2,StackStorm2,8,50,27e4e3ee15828d098d31c9a9f1cb208892420525,27e4e3ee1582,False,1dc8b7728d72f6d697420b21f7ff1ee3d15c8219,gha: improve debuggability of workflow,Kristy Lee,walkerstephanie@example.net,2025-09-26T16:51:06-05:00,610a6becd70e26789548f6e8437592f4284fe3e7,84af3002dda2e0f06a4702a9ef0611aac00d35d9
stackstorm2,StackStorm2,9,50,51f06906ed161a3c4ec7d5712a77d79c7846b8a1,51f06906ed16,False,96049c892d7d64bf0c644237a9d8bae2b6e54adf,gha: clean up commit message,Kristy Lee,walkerstephanie@example.net,2025-09-26T18:57:45-05:00,27e4e3ee15828d098d31c9a9f1cb208892420525,3c6bb0274968deebbcb50a1427805dd7ae0c841b
stackstorm2,StackStorm2,10,50,3c39e909a7423c50e9f1e72f0b6b76a2bca242b7,3c39e909a742,False,30a19c18e2ae3d4123d448dc159e375d2c4070ad,gha: use st2stanley to create commits,Kristy Lee,walkerstephanie@example.net,2025-09-27T12:39:39-05:00,51f06906ed161a3c4ec7d5712a77d79c7846b8a1,d62ad1354c6a1565732820ea18f480be0443198c
stackstorm2,StackStorm2,11,50,8509a77053f6ab584a916bb1384bca4d89528fd3,8509a77053f6,False,286f7ba0e4537ff99d0b9983bd697e3a2f0a7498,refactor scripts/fixate-requirements.py for reuse,Kristy Lee,walkerstephanie@example.net,2025-09-27T18:43:37-05:00,3c39e909a7423c50e9f1e72f0b6b76a2bca242b7,9b2cf653bb331e0587413eca8b36b79d94997878
stackstorm2,StackStorm2,12,50,7e4e63e878507af534dae53dcd0d99a715e6d171,7e4e63e87850,False,8fb9cdf11cebe049a5eec6132f3e28ff15d62632,draft scripts/lockfiles_to_reqs.py,Kristy Lee,walkerstephanie@example.net,2025-09-27T18:45:42-05:00,8509a77053f6ab584a916bb1384bca4d89528fd3,da7a962fe785efe6f95013a2e609dfe0d16b181b
stackstorm2,StackStorm2,13,50,f4fc724901e4e611bd0692be5f713c42c93315bc,f4fc724901e4,False,f7efdc488a020de777b206ad2f421db24964174a,lint w/ flake8,Kristy Lee,walkerstephanie@example.net,2025-09-27T19:08:46-05:00,7e4e63e878507af534dae53dcd0d99a715e6d171,a8b5ce5a59b3fdd652dc9b3e0c31a45f72a4af78
stackstorm2,StackStorm2,14,50,79c0e83f7c29dc3b97f612370b6998c306f34a1d,79c0e83f7c29,False,043d26d86010ad113431e09dc8794c6cbcbe9e5d,fmt black and fix flake8 issue,Kristy Lee,walkerstephanie@example.net,2025-09-27T21:11:33-05:00,f4fc724901e4e611bd0692be5f713c42c93315bc,cd700e1fc50d8df759aaa02c8705bddf07ffeb8b
stackstorm2,StackStorm2,15,50,fe3364a04cc6e9a840e5c0631399450f45b22182,fe3364a04cc6,False,2791c74967dc47a49a9998d7655392dfdf5e813c,catch missing auth backend errors sooner,Kristy Lee,walkerstephanie@example.net,2025-09-29T13:38:58-05:00,79c0e83f7c29dc3b97f612370b6998c306f34a1d,e84c31496c8b2d4d4cbce3c1064252002c2b0750
stackstorm2,StackStorm2,16,50,d1cd65f08035ae16c851076c98b6efe1755c7f9d,d1cd65f08035,False,c0828e9e80aa77144b51e54b38079f1441a7065e,tools/config_gen.py: enhance debugging,Kristy Lee,walkerstephanie@example.net,2025-09-29T20:06:54-05:00,fe3364a04cc6e9a840e5c0631399450f45b22182,da46d037be73a0183c11d4abf16cf61a794377d8
stackstorm2,StackStorm2,17,50,b7a685653965558e11311083db3df9b2184060be,b7a685653965,False,536ba2465b5a44888d0da1ef7772e0589f7408b2,tools/config_gen.py: WARNING logs should be enough,Kristy Lee,walkerstephanie@example.net,2025-09-29T21:01:09-05:00,d1cd65f08035ae16c851076c98b6efe1755c7f9d,2036480fbd1ce9f139cd19d81260d4c2f1496628
stackstorm2,StackStorm2,18,50,fb50f8ea8744638e83b18b9f82fadc1e76066e5d,fb50f8ea8744,False,7f1d9c276684066cf66b1ae609e57a6b7d57f0d7,scripts/lockfiles_to_reqs.py: make it work,Kristy Lee,walkerstephanie@example.net,2025-09-29T21:50:04-05:00,b7a685653965558e11311083db3df9b2184060be,0d9d871fa7aa8376cd095ec5f70092e029a1ab99
stackstorm2,StackStorm2,19,50,269b22e2278a836f0c36177f4c2b6638c99e68fb,269b22e2278a,False,40deedc7a88d4a092fc340543b00d664786face2,scripts/lockfiles_to_reqs.py: add logging,Kristy Lee,walkerstephanie@example.net,2025-09-29T21:52:17-05:00,fb50f8ea8744638e83b18b9f82fadc1e76066e5d,55cbef19e414c5eccc28a450cf4e6f426230c6d8
stackstorm2,StackStorm2,20,50,84918500869300bb8aedfddf8c7729cebf43aedb,849185008693,False,6f9202f5f8c9239fdd6ebf4ade133949fb8332d5,update lockfiles_to_reqs so it runs fixate-requirments as well,Kristy Lee,walkerstephanie@example.net,2025-09-29T22:33:30-05:00,269b22e2278a836f0c36177f4c2b6638c99e68fb,ff53db6f25f602cba9726e65a2e5373c699f5ed3
stackstorm2,StackStorm2,21,50,8a57261b74347e4389f73d6d7d6b03674d299608,8a57261b7434,False,cf12105650cc2d8fb254eccea411930ca69c6b5c,gha: run scripts/lockfiles_to_reqs.py,Kristy Lee,walkerstephanie@example.net,2025-09-29T22:55:03-05:00,84918500869300bb8aedfddf8c7729cebf43aedb,af892afef06c7d85e1484e6dd983423dad98a48c
stackstorm2,StackStorm2,22,50,b26d7e8e22db5fb84d9053f128b788455c0b068a,b26d7e8e22db,False,4ae37af07db86d85d720a538d2f61f3554a68b31,gha: handle workflow re-runs,Kristy Lee,walkerstephanie@example.net,2025-09-30T13:03:02-05:00,8a57261b74347e4389f73d6d7d6b03674d299608,b5f7ecfa63501167b333dac1d384c2bcf690da42
stackstorm2,StackStorm2,23,50,77d7d1718c63b55f3962a5a9f21aaa86b0171eb6,77d7d1718c63,False,b59eed610142f7246ba03e193033c0e713d49692,gha: fix gh calls w/o checkout,Kristy Lee,walkerstephanie@example.net,2025-09-30T13:11:23-05:00,b26d7e8e22db5fb84d9053f128b788455c0b068a,f18de2bdf07804977d5d655abb2bfe710dc5ca57
stackstorm2,StackStorm2,24,50,c8103d0b89527c6f1771f1e1b333f20c5769dd9a,c8103d0b8952,False,f3546baabda6f32100fb45616f3f1e075184a207,gha: fix maintainerCanModify check,Kristy Lee,walkerstephanie@example.net,2025-09-30T13:27:13-05:00,77d7d1718c63b55f3962a5a9f21aaa86b0171eb6,9b9925244dfaaa4d545d836da0cc1c9f5c6572d9
stackstorm2,StackStorm2,25,50,3c5cab0a213b30d90cc3c03a63f9ff2f4dfadc69,3c5cab0a213b,False,e504edce3c6d8e0c08a43a32221e827da54bba4f,gha: git diff using remote name,Kristy Lee,walkerstephanie@example.net,2025-09-30T13:34:21-05:00,c8103d0b89527c6f1771f1e1b333f20c5769dd9a,4fb52a84d3b76162d1879f80f00bc4f84b56915e
stackstorm2,StackStorm2,26,50,d23546fcba75f467a20b9f2bd121e36070f9fb6e,d23546fcba75,False,269a625bbfa13014e4678a0e07a1730b273cb900,gha: fetch PR_BASE_REF,Kristy Lee,walkerstephanie@example.net,2025-09-30T13:41:06-05:00,3c5cab0a213b30d90cc3c03a63f9ff2f4dfadc69,2f4d2377a2efb6591c9a2d4dc55236fb009f9429
stackstorm2,StackStorm2,27,50,6726e350e7419331863eeb715e6c4f1db96b609a,6726e350e741,False,36156d76d69bdd16d1235a1e2a7a372b28e6a864,setup pants before updating legacy requirements files,Kristy Lee,walkerstephanie@example.net,2025-09-30T13:53:33-05:00,d23546fcba75f467a20b9f2bd121e36070f9fb6e,b7a0918ab0689de758194d074403f8b563eb3176
stackstorm2,StackStorm2,28,50,9e9ce7630a5c20f4a7ba6529f443f49ed5ecd33f,9e9ce7630a5c,False,5146365ed18fc61167466add1f33089971371b1b,gha: print pants generate-lockfiles command when running it,Kristy Lee,walkerstephanie@example.net,2025-09-30T14:06:26-05:00,6726e350e7419331863eeb715e6c4f1db96b609a,19274e0891f159cac3302fa9a22b299d049e1e0b
stackstorm2,StackStorm2,29,50,8c05daa87eb47abb635ce0bf90d4eeb5120a220a,8c05daa87eb4,False,be37e388e28a72885a3a8e0d2a1bef889073fe31,gha: handle pushing to existing PR from detached HEAD,Kristy Lee,walkerstephanie@example.net,2025-09-30T15:01:09-05:00,9e9ce7630a5c20f4a7ba6529f443f49ed5ecd33f,8601bc79422967617c61e5c1da76d18696f44af9
stackstorm2,StackStorm2,30,50,1adeb8a1649dec606bd09371e7e5f33bece763b3,1adeb8a1649d,False,96c0fa67c03bef861a938e0bda1833004fa60af8,gha: create local git branch instead of pushing from detached HEAD,Kristy Lee,walkerstephanie@example.net,2025-09-30T15:06:52-05:00,8c05daa87eb47abb635ce0bf90d4eeb5120a220a,03b86c708029bcf3813ba7d94cb6c35493cc7dfb
stackstorm2,StackStorm2,31,50,4017163f0102366f063102e2a2a0e86208eaf3dd,4017163f0102,False,f0e53a4893cc5205c695f763044848496325f75d,gha: fix pushing to existing PRs,Kristy Lee,walkerstephanie@example.net,2025-09-30T15:38:18-05:00,1adeb8a1649dec606bd09371e7e5f33bece763b3,fefffdf9af05f2cc4e01b57dbb3df7544c42be60
stackstorm2,StackStorm2,32,50,dd1b06696d8ae2a8741706a721e8b701a7771754,dd1b06696d8a,False,9ed0c1283f923bef096b8b9e833963fb6cd7d612,gha: fix NEW_PR_NUMBER lookup,Kristy Lee,walkerstephanie@example.net,2025-09-30T17:05:19-05:00,4017163f0102366f063102e2a2a0e86208eaf3dd,432d72bab4fb8ed8bf8d0ce840114edfbd02d4b5
stackstorm2,StackStorm2,33,50,0dbb2b413c3e3bafbb45d01d579d011090a293f6,0dbb2b413c3e,False,6bbaaa3c518c22b3d9c14a648170067a93c8b3ac,"gha: rework git remote handling for checkout, commit, push",Kristy Lee,walkerstephanie@example.net,2025-09-30T19:38:23-05:00,dd1b06696d8ae2a8741706a721e8b701a7771754,597b04fa8ca6e18429659f94df1fbdc4ff3dee90
stackstorm2,StackStorm2,34,50,d6199f58eef5458f4d202188ce4d7ceb16e21910,d6199f58eef5,False,751bc3b4e33f2958c26df891edf2c8ab4152249f,"gha: rework git remote handling for checkout, commit, push",Kristy Lee,walkerstephanie@example.net,2025-09-30T19:47:41-05:00,0dbb2b413c3e3bafbb45d01d579d011090a293f6,b69e89f038e4e3d3b96f39caa150a6481e10c30d
stackstorm2,StackStorm2,35,50,b16e1b1936e2a334cd3f33bb00382cf3fcb8ad48,b16e1b1936e2,False,e5ad76f7b29b67d26cc3fd075dd9ef58a11f395b,update changelog entry,Kristy Lee,walkerstephanie@example.net,2025-09-27T14:11:53-05:00,d6199f58eef5458f4d202188ce4d7ceb16e21910,8c33ebb1fafbfc09ce2d2c8749d41eba15ef7f49
stackstorm2,StackStorm2,36,50,8902b3a39edcbb13c25d5eb1b0a92f248d48b3ce,8902b3a39edc,False,9327862f7506adf8aeccfadafe9421e3880a4f2a,examples.forloop_parse_github_repos: better handle bs4 output,Kristy Lee,walkerstephanie@example.net,2025-09-29T19:55:32-05:00,b16e1b1936e2a334cd3f33bb00382cf3fcb8ad48,7235d1871235cc987ec9c279090c2acf6dfc556e
stackstorm2,StackStorm2,37,50,c99b2d4ad0d79ff53ab6a0273643e0a50ee170d2,c99b2d4ad0d7,False,6567d3aa3b39ca623b041fe1974a0be427c572bd,"pants generate-lockfiles: st2, bandit, black, flake8, pants-plugins, pylint, twine",Edward Erickson,ronaldknox@example.com,2025-10-01T00:53:39Z,8902b3a39edcbb13c25d5eb1b0a92f248d48b3ce,c73686139baf5ddd3d8ed44470a1aa2c82d433e4
stackstorm2,StackStorm2,38,50,69814e657a9d7e5002c768118ad3ee3538c74cb2,69814e657a9d,False,75414e28cc2eead63cae40c255b6f13aa6e56bd9,typo fixes,Kristy Lee,walkerstephanie@example.net,2025-09-30T21:14:19-05:00,c99b2d4ad0d79ff53ab6a0273643e0a50ee170d2,38aa58b1c80f35837847d1ad10ea7cf0e48422ff
stackstorm2,StackStorm2,39,50,c6a985daf24d828c9197ed2fc066b3e91add0d12,c6a985daf24d,False,74ca6b2da382bd1951d8b497e4658f371b6b26d6,fmt w/ black,Kristy Lee,walkerstephanie@example.net,2025-09-30T21:14:41-05:00,69814e657a9d7e5002c768118ad3ee3538c74cb2,271f89d4b0af39c596ae4f46a0ad30d9993d75bd
stackstorm2,StackStorm2,40,50,a8a97c628a91c88efbc89aafe250a3bea6da1ab1,a8a97c628a91,False,6c52aef5ad8ba76b836b7897785e166811592015,update Makefile in scripts/lockfiles_to_reqs.py,Kristy Lee,walkerstephanie@example.net,2025-09-30T22:31:01-05:00,c6a985daf24d828c9197ed2fc066b3e91add0d12,2c6a199d6d3abadacb8c80510900ff03520ef61a
stackstorm2,StackStorm2,41,50,696b9416189d2d26bdbebc86b36ceccac895ac3d,696b9416189d,False,90b206d566d62293546db1851400d87facb58607,use pip install for st2client checking,Andrea Snyder,pwilliams@example.net,2025-09-18T11:02:04-04:00,a8a97c628a91c88efbc89aafe250a3bea6da1ab1,5e008c49c33a7db13a4fa298503a55c6f25a83e0
stackstorm2,StackStorm2,42,50,0390a6db1579b76e235a5d171bdd91bf39b6f39a,0390a6db1579,False,c62447749cfec43ac0e35c95b9c7028a5f31530d,update st2client license,Andrea Snyder,pwilliams@example.net,2025-09-22T11:34:25-04:00,696b9416189d2d26bdbebc86b36ceccac895ac3d,4bd118a60329b6476c14e9e800e887666bd217d5
stackstorm2,StackStorm2,43,50,21936adb5fb28a0e043ca2ca3542284e2c50923e,21936adb5fb2,False,a17fab80d678083a1d3e38d50e112207fd899374,st2client classifiers,Andrea Snyder,pwilliams@example.net,2025-09-23T09:22:04-04:00,0390a6db1579b76e235a5d171bdd91bf39b6f39a,1ece8c0092ac8f3ef2d5c779a998787e59c232ad
stackstorm2,StackStorm2,44,50,75ca02c38f80dc31bf8b52ef54507ef21be29ee2,75ca02c38f80,False,8a99dddfd22f5a4e478a066a350d3e80d6406572,constrain pyOpenSSL dep to fix CircleCI,Kristy Lee,walkerstephanie@example.net,2025-09-30T23:18:49-05:00,21936adb5fb28a0e043ca2ca3542284e2c50923e,2155bc0298908f2266810d93ed51d70fbec636d0
stackstorm2,StackStorm2,45,50,b7b7eded9c6ae06d2b24d70a1c33d6d4a154de1e,b7b7eded9c6a,False,fcf41e4877cf71302367fb0515755e0facedf9e3,Pants: Add GHA workflow to regenerate lockfiles (#6356),Kristy Lee,walkerstephanie@example.net,2025-10-01T15:36:24-05:00,3e59c966314173db0fb7343b0681de9391370601 75ca02c38f80dc31bf8b52ef54507ef21be29ee2,
stackstorm2,StackStorm2,46,50,4f87d244ce52ccd5b4de5ce18e9a87076bfcee66,4f87d244ce52,False,43d59f5429ca39e241ec84ffe6b050ed096f70e7,delete queues for integration,Andrea Snyder,pwilliams@example.net,2025-09-17T13:29:32-04:00,b7b7eded9c6ae06d2b24d70a1c33d6d4a154de1e,ade6071898de4a327d6a77f58e81cb5e990a9b29
stackstorm2,StackStorm2,47,50,486af4f3cbe3197b95e9bbf4f4acaf81f3fb034e,486af4f3cbe3,False,2ea0433b9217a1bca5ea736dba7ab5924cc11e67,centralize rabbit client,Andrea Snyder,pwilliams@example.net,2025-09-18T11:02:04-04:00,4f87d244ce52ccd5b4de5ce18e9a87076bfcee66,a24e47c13cee867aa3a7a537ad989bd00608fb76
stackstorm2,StackStorm2,48,50,4ff2e5bbdf7e9df9a9cfe3988d52a8409c37a399,4ff2e5bbdf7e,False,c1eaea011f249cba3a1de7bdf107a3ab8e25de52,Improve sensor watcher integration test reliability (#6357),Kristy Lee,walkerstephanie@example.net,2025-10-06T16:43:05-05:00,b7b7eded9c6ae06d2b24d70a1c33d6d4a154de1e 486af4f3cbe3197b95e9bbf4f4acaf81f3fb034e,
stackstorm2,StackStorm2,49,50,0c84ca79b55599fdcbe3a4ef84e9a38d90903988,0c84ca79b555,True,7c185e45ba45e9fa8d1edddd75e25bac9df86dd8,cache resolved ssh hosts for parallel dispatch,Karl Manning,brett85@example.com,2025-11-05T10:23:17-04:00,4ff2e5bbdf7e9df9a9cfe3988d52a8409c37a399,033ad9b4ede876e273ec0652472346be5ad2076f
stackstorm2,StackStorm2,50,50,8a0e48364a1671569b56e85ac831e1b40a5bf677,8a0e48364a16,False,ecd1c1eed05a7dd2a6930af5ea4a0da68eb99235,Update changelog info for release - 3.9.0,Emily Murphy,keith46@example.com,2025-10-10T06:20:52Z,0c84ca79b55599fdcbe3a4ef84e9a38d90903988,131d715d6e4dbcfc7bb61999c1fd531a9462c74f
stackstorm1,StackStorm1,1,50,bcbbe748a52ddaad51461ca292c3ac7266cb1059,bcbbe748a52d,False,40757c68d7f4ace9f2f774c8f2e6b99223747de6,gha: fix s3 object tagging with aws cli,Richard Walker,carlossmith@example.com,2025-09-26T14:52:58-05:00,0dc325e3aa211d21cb56540d7329c04594609065,e3c3ef5a05e23a6280c11bedf40c2432be4d7f61
stackstorm1,StackStorm1,2,50,8eeb5e03f9f4de64c47a66087689d138ebb12fab,8eeb5e03f9f4,False,e2e279674dd1940611aabf0b29a1eaf45b3e3242,gha: rework RESOLVES var,Richard Walker,carlossmith@example.com,2025-09-26T15:48:48-05:00,bcbbe748a52ddaad51461ca292c3ac7266cb1059,746f11ed21309dfb7dd4dc4b90c43b38c3767ad0
stackstorm1,StackStorm1,3,50,b65fa7ec1ede967bb72e349a7dc4231ffbdbfc4b,b65fa7ec1ede,False,a22ca676de6c9d8a0e70e10966805547a1487737,gha: strip more ansi sequences from text output,Richard Walker,carlossmith@example.com,2025-09-26T15:58:32-05:00,8eeb5e03f9f4de64c47a66087689d138ebb12fab,511e29a452f22cb6afd1d9e251b5fde39ca1572d
stackstorm1,StackStorm1,4,50,b048b69d9948f18dc4a744b171e99ea5c81265e9,b048b69d9948,False,1167363c5316404df99eb473350e13cb58b8a415,gha: debug,Richard Walker,carlossmith@example.com,2025-09-26T16:05:34-05:00,b65fa7ec1ede967bb72e349a7dc4231ffbdbfc4b,6ff746f0b8b62b41ffe14157c1bd680586f770f9
stackstorm1,StackStorm1,5,50,e33b0ff284cc569d51949105044b9c10a6dc8067,e33b0ff284cc,False,bcd3437591a6edc6de6efccce2588f4931dc3270,gha: fix download-artifact usage,Richard Walker,carlossmith@example.com,2025-09-26T16:22:19-05:00,b048b69d9948f18dc4a744b171e99ea5c81265e9,605dddd51d20d26f16fce7b9268887f44e19dc72
stackstorm1,StackStorm1,6,50,3491ef06ad8693915a4d0ffb3a98713944d5c569,3491ef06ad86,False,905e9804c985dd28b732d0f28b9e3568a44029d6,gha: drop debug,Richard Walker,carlossmith@example.com,2025-09-26T16:31:17-05:00,e33b0ff284cc569d51949105044b9c10a6dc8067,104cb9ca42f8e5fd02dc0e957d064d130fd65a74
stackstorm1,StackStorm1,7,50,35acca86fe179582ba16a3f484c804a07bd189c9,35acca86fe17,False,e97f335e24577629205541f635a5ca7f62622010,gha: drop alert box from job summary,Richard Walker,carlossmith@example.com,2025-09-26T16:40:34-05:00,3491ef06ad8693915a4d0ffb3a98713944d5c569,a7c779f34b7d36f87e9ba9f63c0a98f80577e399
stackstorm1,StackStorm1,8,50,ac7752cfc04a9187196a93dd18c2094170952611,ac7752cfc04a,False,1dc8b7728d72f6d697420b21f7ff1ee3d15c8219,gha: improve debuggability of workflow,Richard Walker,carlossmith@example.com,2025-09-26T16:51:06-05:00,35acca86fe179582ba16a3f484c804a07bd189c9,84af3002dda2e0f06a4702a9ef0611aac00d35d9
stackstorm1,StackStorm1,9,50,78954ba1d5b388d05893aafd07838ec18b921f0f,78954ba1d5b3,False,96049c892d7d64bf0c644237a9d8bae2b6e54adf,gha: clean up commit message,Richard Walker,carlossmith@example.com,2025-09-26T18:57:45-05:00,ac7752cfc04a9187196a93dd18c2094170952611,3c6bb0274968deebbcb50a1427805dd7ae0c841b
stackstorm1,StackStorm1,10,50,0e6a64227fdab030032a50f3c58316f66008bcbe,0e6a64227fda,False,30a19c18e2ae3d4123d448dc159e375d2c4070ad,gha: use st2stanley to create commits,Richard Walker,carlossmith@example.com,2025-09-27T12:39:39-05:00,78954ba1d5b388d05893aafd07838ec18b921f0f,d62ad1354c6a1565732820ea18f480be0443198c
stackstorm1,StackStorm1,11,50,d61623ceb5b6b9cee80c896917ff648bb5fdadcf,d61623ceb5b6,False,286f7ba0e4537ff99d0b9983bd697e3a2f0a7498,refactor scripts/fixate-requirements.py for reuse,Richard Walker,carlossmith@example.com,2025-09-27T18:43:37-05:00,0e6a64227fdab030032a50f3c58316f66008bcbe,9b2cf653bb331e0587413eca8b36b79d94997878
stackstorm1,StackStorm1,12,50,6489a628ff936e419b89526b4939b307a9d0c602,6489a628ff93,False,8fb9cdf11cebe049a5eec6132f3e28ff15d62632,draft scripts/lockfiles_to_reqs.py,Richard Walker,carlossmith@example.com,2025-09-27T18:45:42-05:00,d61623ceb5b6b9cee80c896917ff648bb5fdadcf,da7a962fe785efe6f95013a2e609dfe0d16b181b
stackstorm1,StackStorm1,13,50,7526d97ed87e3c424fb5e59d4ba0da7944d41598,7526d97ed87e,False,f7efdc488a020de777b206ad2f421db24964174a,lint w/ flake8,Richard Walker,carlossmith@example.com,2025-09-27T19:08:46-05:00,6489a628ff936e419b89526b4939b307a9d0c602,a8b5ce5a59b3fdd652dc9b3e0c31a45f72a4af78
stackstorm1,StackStorm1,14,50,ada9a3d74bc1eaf79b92fb44dd5fcb65a95b699e,ada9a3d74bc1,False,043d26d86010ad113431e09dc8794c6cbcbe9e5d,fmt black and fix flake8 issue,Richard Walker,carlossmith@example.com,2025-09-27T21:11:33-05:00,7526d97ed87e3c424fb5e59d4ba0da7944d41598,cd700e1fc50d8df759aaa02c8705bddf07ffeb8b
stackstorm1,StackStorm1,15,50,6617aba61378e08d28283f51715e7330eb85f042,6617aba61378,False,2791c74967dc47a49a9998d7655392dfdf5e813c,catch missing auth backend errors sooner,Richard Walker,carlossmith@example.com,2025-09-29T13:38:58-05:00,ada9a3d74bc1eaf79b92fb44dd5fcb65a95b699e,e84c31496c8b2d4d4cbce3c1064252002c2b0750
stackstorm1,StackStorm1,16,50,1c41b088a36c2290a38abc34634618218825e823,1c41b088a36c,False,c0828e9e80aa77144b51e54b38079f1441a7065e,tools/config_gen.py: enhance debugging,Richard Walker,carlossmith@example.com,2025-09-29T20:06:54-05:00,6617aba61378e08d28283f51715e7330eb85f042,da46d037be73a0183c11d4abf16cf61a794377d8
stackstorm1,StackStorm1,17,50,78957892c81b5ac4f67ba746a7e37aa856ce833e,78957892c81b,False,536ba2465b5a44888d0da1ef7772e0589f7408b2,tools/config_gen.py: WARNING logs should be enough,Richard Walker,carlossmith@example.com,2025-09-29T21:01:09-05:00,1c41b088a36c2290a38abc34634618218825e823,2036480fbd1ce9f139cd19d81260d4c2f1496628
stackstorm1,StackStorm1,18,50,a355d198330f1d6086514243db137beb4700365a,a355d198330f,False,7f1d9c276684066cf66b1ae609e57a6b7d57f0d7,scripts/lockfiles_to_reqs.py: make it work,Richard Walker,carlossmith@example.com,2025-09-29T21:50:04-05:00,78957892c81b5ac4f67ba746a7e37aa856ce833e,0d9d871fa7aa8376cd095ec5f70092e029a1ab99
stackstorm1,StackStorm1,19,50,3380302b71a03d8d3e34e885190dd32c73a94a45,3380302b71a0,False,40deedc7a88d4a092fc340543b00d664786face2,scripts/lockfiles_to_reqs.py: add logging,Richard Walker,carlossmith@example.com,2025-09-29T21:52:17-05:00,a355d198330f1d6086514243db137beb4700365a,55cbef19e414c5eccc28a450cf4e6f426230c6d8
stackstorm1,StackStorm1,20,50,1cdc0f15e288ffb20ebe590e58aaef7c3264d62b,1cdc0f15e288,False,6f9202f5f8c9239fdd6ebf4ade133949fb8332d5,update lockfiles_to_reqs so it runs fixate-requirments as well,Richard Walker,carlossmith@example.com,2025-09-29T22:33:30-05:00,3380302b71a03d8d3e34e885190dd32c73a94a45,ff53db6f25f602cba9726e65a2e5373c699f5ed3
stackstorm1,StackStorm1,21,50,6a17e253f3088e8a6f706d206ddb2a495abba025,6a17e253f308,False,cf12105650cc2d8fb254eccea411930ca69c6b5c,gha: run scripts/lockfiles_to_reqs.py,Richard Walker,carlossmith@example.com,2025-09-29T22:55:03-05:00,1cdc0f15e288ffb20ebe590e58aaef7c3264d62b,af892afef06c7d85e1484e6dd983423dad98a48c
stackstorm1,StackStorm1,22,50,4a68a2c1e954ac5d2f066a53b6b6a70296ad5d74,4a68a2c1e954,False,4ae37af07db86d85d720a538d2f61f3554a68b31,gha: handle workflow re-runs,Richard Walker,carlossmith@example.com,2025-09-30T13:03:02-05:00,6a17e253f3088e8a6f706d206ddb2a495abba025,b5f7ecfa63501167b333dac1d384c2bcf690da42
stackstorm1,StackStorm1,23,50,798d620182febae209e933fc980ac6018ef63575,798d620182fe,False,b59eed610142f7246ba03e193033c0e713d49692,gha: fix gh calls w/o checkout,Richard Walker,carlossmith@example.com,2025-09-30T13:11:23-05:00,4a68a2c1e954ac5d2f066a53b6b6a70296ad5d74,f18de2bdf07804977d5d655abb2bfe710dc5ca57
stackstorm1,StackStorm1,24,50,016a33e649326f6b51a215e7c3440645130cce89,016a33e64932,False,f3546baabda6f32100fb45616f3f1e075184a207,gha: fix maintainerCanModify check,Richard Walker,carlossmith@example.com,2025-09-30T13:27:13-05:00,798d620182febae209e933fc980ac6018ef63575,9b9925244dfaaa4d545d836da0cc1c9f5c6572d9
stackstorm1,StackStorm1,25,50,be1a086c8fb2661317fbf7251981ccb1894786c4,be1a086c8fb2,False,e504edce3c6d8e0c08a43a32221e827da54bba4f,gha: git diff using remote name,Richard Walker,carlossmith@example.com,2025-09-30T13:34:21-05:00,016a33e649326f6b51a215e7c3440645130cce89,4fb52a84d3b76162d1879f80f00bc4f84b56915e
stackstorm1,StackStorm1,26,50,09649e1879f80818cbf53531601dc3498667a9ab,09649e1879f8,False,269a625bbfa13014e4678a0e07a1730b273cb900,gha: fetch PR_BASE_REF,Richard Walker,carlossmith@example.com,2025-09-30T13:41:06-05:00,be1a086c8fb2661317fbf7251981ccb1894786c4,2f4d2377a2efb6591c9a2d4dc55236fb009f9429
stackstorm1,StackStorm1,27,50,2a0980665bcba5ec95b6286533df8be7a8fbbde2,2a0980665bcb,False,36156d76d69bdd16d1235a1e2a7a372b28e6a864,setup pants before updating legacy requirements files,Richard Walker,carlossmith@example.com,2025-09-30T13:53:33-05:00,09649e1879f80818cbf53531601dc3498667a9ab,b7a0918ab0689de758194d074403f8b563eb3176
stackstorm1,StackStorm1,28,50,714fff407e803a7b899de1ce7258cdd45e3c26ac,714fff407e80,False,5146365ed18fc61167466add1f33089971371b1b,gha: print pants generate-lockfiles command when running it,Richard Walker,carlossmith@example.com,2025-09-30T14:06:26-05:00,2a0980665bcba5ec95b6286533df8be7a8fbbde2,19274e0891f159cac3302fa9a22b299d049e1e0b
stackstorm1,StackStorm1,29,50,767786caf260f0ba59c02deef2665e94e793998a,767786caf260,False,be37e388e28a72885a3a8e0d2a1bef889073fe31,gha: handle pushing to existing PR from detached HEAD,Richard Walker,carlossmith@example.com,2025-09-30T15:01:09-05:00,714fff407e803a7b899de1ce7258cdd45e3c26ac,8601bc79422967617c61e5c1da76d18696f44af9
stackstorm1,StackStorm1,30,50,26b9b49868dc36f923c338cd37f127b6ba3a45f8,26b9b49868dc,False,96c0fa67c03bef861a938e0bda1833004fa60af8,gha: create local git branch instead of pushing from detached HEAD,Richard Walker,carlossmith@example.com,2025-09-30T15:06:52-05:00,767786caf260f0ba59c02deef2665e94e793998a,03b86c708029bcf3813ba7d94cb6c35493cc7dfb
stackstorm1,StackStorm1,31,50,6eb3e6f98c537f846df66c3fd03fd51ddaa420a5,6eb3e6f98c53,False,f0e53a4893cc5205c695f763044848496325f75d,gha: fix pushing to existing PRs,Richard Walker,carlossmith@example.com,2025-09-30T15:38:18-05:00,26b9b49868dc36f923c338cd37f127b6ba3a45f8,fefffdf9af05f2cc4e01b57dbb3df7544c42be60
stackstorm1,StackStorm1,32,50,43d7b092dde5a615b475dd7e7fedea269a1b895d,43d7b092dde5,False,9ed0c1283f923bef096b8b9e833963fb6cd7d612,gha: fix NEW_PR_NUMBER lookup,Richard Walker,carlossmith@example.com,2025-09-30T17:05:19-05:00,6eb3e6f98c537f846df66c3fd03fd51ddaa420a5,432d72bab4fb8ed8bf8d0ce840114edfbd02d4b5
stackstorm1,StackStorm1,33,50,2d92986b1c28b9b3d009aa67172efd0c68bf1411,2d92986b1c28,False,6bbaaa3c518c22b3d9c14a648170067a93c8b3ac,"gha: rework git remote handling for checkout, commit, push",Richard Walker,carlossmith@example.com,2025-09-30T19:38:23-05:00,43d7b092dde5a615b475dd7e7fedea269a1b895d,597b04fa8ca6e18429659f94df1fbdc4ff3dee90
stackstorm1,StackStorm1,34,50,0e1e1f4779efc9aa059d1c7d28d51056147bab4e,0e1e1f4779ef,False,751bc3b4e33f2958c26df891edf2c8ab4152249f,"gha: rework git remote handling for checkout, commit, push",Richard Walker,carlossmith@example.com,2025-09-30T19:47:41-05:00,2d92986b1c28b9b3d009aa67172efd0c68bf1411,b69e89f038e4e3d3b96f39caa150a6481e10c30d
stackstorm1,StackStorm1,35,50,b8e0841afa00077257272aa45ddcb234cfd02bcc,b8e0841afa00,False,e5ad76f7b29b67d26cc3fd075dd9ef58a11f395b,update changelog entry,Richard Walker,carlossmith@example.com,2025-09-27T14:11:53-05:00,0e1e1f4779efc9aa059d1c7d28d51056147bab4e,8c33ebb1fafbfc09ce2d2c8749d41eba15ef7f49
stackstorm1,StackStorm1,36,50,0df7e7bf34a723e0aa11ae266c9207604a7a71bc,0df7e7bf34a7,False,9327862f7506adf8aeccfadafe9421e3880a4f2a,examples.forloop_parse_github_repos: better handle bs4 output,Richard Walker,carlossmith@example.com,2025-09-29T19:55:32-05:00,b8e0841afa00077257272aa45ddcb234cfd02bcc,7235d1871235cc987ec9c279090c2acf6dfc556e
stackstorm1,StackStorm1,37,50,dd213e1674c4c3bf88d6ce2b3c4eabf8f3b58d85,dd213e1674c4,False,6567d3aa3b39ca623b041fe1974a0be427c572bd,"pants generate-lockfiles: st2, bandit, black, flake8, pants-plugins, pylint, twine",George Ford,elliottmelvin@example.org,2025-10-01T00:53:39Z,0df7e7bf34a723e0aa11ae266c9207604a7a71bc,c73686139baf5ddd3d8ed44470a1aa2c82d433e4
stackstorm1,StackStorm1,38,50,b132ca6619383f0c781eb737162df5a7d4d8370a,b132ca661938,False,75414e28cc2eead63cae40c255b6f13aa6e56bd9,typo fixes,Richard Walker,carlossmith@example.com,2025-09-30T21:14:19-05:00,dd213e1674c4c3bf88d6ce2b3c4eabf8f3b58d85,38aa58b1c80f35837847d1ad10ea7cf0e48422ff
stackstorm1,StackStorm1,39,50,c0e6a8066da15d41a316046c9562cbd55b0b1e2f,c0e6a8066da1,False,74ca6b2da382bd1951d8b497e4658f371b6b26d6,fmt w/ black,Richard Walker,carlossmith@example.com,2025-09-30T21:14:41-05:00,b132ca6619383f0c781eb737162df5a7d4d8370a,271f89d4b0af39c596ae4f46a0ad30d9993d75bd
stackstorm1,StackStorm1,40,50,061c429a86af117b7b7577c7c24f82c57af358f4,061c429a86af,False,6c52aef5ad8ba76b836b7897785e166811592015,update Makefile in scripts/lockfiles_to_reqs.py,Richard Walker,carlossmith@example.com,2025-09-30T22:31:01-05:00,c0e6a8066da15d41a316046c9562cbd55b0b1e2f,2c6a199d6d3abadacb8c80510900ff03520ef61a
stackstorm1,StackStorm1,41,50,0e7da1ffb2caecb30a28b78ff7721795092ef79a,0e7da1ffb2ca,False,90b206d566d62293546db1851400d87facb58607,use pip install for st2client checking,Kathleen Hubbard,stewartgrace@example.com,2025-09-18T11:02:04-04:00,061c429a86af117b7b7577c7c24f82c57af358f4,5e008c49c33a7db13a4fa298503a55c6f25a83e0
stackstorm1,StackStorm1,42,50,73b2e7ca75e221fc4e4e681320305eb32af4d9c4,73b2e7ca75e2,False,c62447749cfec43ac0e35c95b9c7028a5f31530d,update st2client license,Kathleen Hubbard,stewartgrace@example.com,2025-09-22T11:34:25-04:00,0e7da1ffb2caecb30a28b78ff7721795092ef79a,4bd118a60329b6476c14e9e800e887666bd217d5
stackstorm1,StackStorm1,43,50,99f8ca98b78c5976b01d7c4278b6164417b946e6,99f8ca98b78c,False,a17fab80d678083a1d3e38d50e112207fd899374,st2client classifiers,Kathleen Hubbard,stewartgrace@example.com,2025-09-23T09:22:04-04:00,73b2e7ca75e221fc4e4e681320305eb32af4d9c4,1ece8c0092ac8f3ef2d5c779a998787e59c232ad
stackstorm1,StackStorm1,44,50,68ff65721cc4ee8a81c9c4cc12e5bb5af4828663,68ff65721cc4,False,8a99dddfd22f5a4e478a066a350d3e80d6406572,constrain pyOpenSSL dep to fix CircleCI,Richard Walker,carlossmith@example.com,2025-09-30T23:18:49-05:00,99f8ca98b78c5976b01d7c4278b6164417b946e6,2155bc0298908f2266810d93ed51d70fbec636d0
stackstorm1,StackStorm1,45,50,a92c16036ba46262190a22322104f3b01c926dd2,a92c16036ba4,False,fcf41e4877cf71302367fb0515755e0facedf9e3,Pants: Add GHA workflow to regenerate lockfiles (#6356),Richard Walker,carlossmith@example.com,2025-10-01T15:36:24-05:00,911f113c0dfccbb578b4b5e068ef3e3d1c88148d 68ff65721cc4ee8a81c9c4cc12e5bb5af4828663,
stackstorm1,StackStorm1,46,50,2dc15e7a0f33a943872e556425ea42541f78d6a4,2dc15e7a0f33,False,43d59f5429ca39e241ec84ffe6b050ed096f70e7,delete queues for integration,Kathleen Hubbard,stewartgrace@example.com,2025-09-17T13:29:32-04:00,a92c16036ba46262190a22322104f3b01c926dd2,ade6071898de4a327d6a77f58e81cb5e990a9b29
stackstorm1,StackStorm1,47,50,e3ba34c642623dc7691cc82aab1b98813a9b047c,e3ba34c64262,False,2ea0433b9217a1bca5ea736dba7ab5924cc11e67,centralize rabbit client,Kathleen Hubbard,stewartgrace@example.com,2025-09-18T11:02:04-04:00,2dc15e7a0f33a943872e556425ea42541f78d6a4,a24e47c13cee867aa3a7a537ad989bd00608fb76
stackstorm1,StackStorm1,48,50,51578aad31b59a6297a44cfe4abcc86ddd0254c0,51578aad31b5,False,c1eaea011f249cba3a1de7bdf107a3ab8e25de52,Improve sensor watcher integration test reliability (#6357),Richard Walker,carlossmith@example.com,2025-10-06T16:43:05-05:00,a92c16036ba46262190a22322104f3b01c926dd2 e3ba34c642623dc7691cc82aab1b98813a9b047c,
stackstorm1,StackStorm1,49,50,50e501437abb85036b042e81975326208b38814b,50e501437abb,True,e4a4b6f5d5c977ac35a1e6df63aa82dc9e625c6e,cache resolved ssh hosts for parallel dispatch,Allen Flowers,deannakemp@example.net,2025-11-05T10:23:17-04:00,51578aad31b59a6297a44cfe4abcc86ddd0254c0,ef3a7398ed87534db4db296ebbb58b62bc8cd694
stackstorm1,StackStorm1,50,50,d0f455f241d4727d62928f8a77106450bf0844f9,d0f455f241d4,False,3bb14a511f51a0634028b10361dd740d528a5236,Update changelog info for release - 3.9.0,Haley Myers,michael60@example.net,2025-10-10T06:20:52Z,50e501437abb85036b042e81975326208b38814b,131d715d6e4dbcfc7bb61999c1fd531a9462c74f
wiki1,wiki1,1,50,f8c615e3e9eda53cdd4a1c535becb1b758d45888,f8c615e3e9ed,False,94d253bf596a976a85034a1317b896af5b720b6b,chore(helm): add support for securityContext and resources in sideload container (#7350),Dorothy Foster,sarahwood@example.org,2024-11-22T20:31:07+01:00,4fb88f22189f80e73ee9aef27615ad1a3d2e9cf3,419e7e774e5733f89ecd9e836dadcd5e2192135d
wiki1,wiki1,2,50,7769d16c1be091d018c6f06eb1641a4bf74eed6f,7769d16c1be0,False,abc8dce9ccb9b9f90e5681e01abce3929183f6a4,fix: Allow HA_ACTIVE: True to enable HA mode (#7493),Stephen Murphy,andrewgarza@example.com,2025-01-01T08:18:42+03:00,f8c615e3e9eda53cdd4a1c535becb1b758d45888,f1e6662d861598e5f054ca8660a5429a8e681457
wiki1,wiki1,3,50,f014e0776409a0a6a60f6c9e4df15322a54f0c36,f014e0776409,False,403e98dced86103cce59583a357865d1ea59ea70,feat: add git always namespace option,Andrew Harper,anna51@example.com,2025-02-02T16:16:52-05:00,7769d16c1be091d018c6f06eb1641a4bf74eed6f,4d379c9a337a6b63c44743e0d25e0fae2591a2d8
wiki1,wiki1,4,50,f90ea090a68041400713bb1335cabcb031a8ec9c,f90ea090a680,False,85243e5284e94222769966f560cff6b605bbdb4d,docs: Update SECURITY.md,Andrew Harper,anna51@example.com,2025-02-11T20:46:07-05:00,f014e0776409a0a6a60f6c9e4df15322a54f0c36,85d0e0bec56e0b3c0bced9005a1bd9cb4c78d0d8
wiki1,wiki1,5,50,5968bcf267482a1d1891ec0614ef19a10cea3cc3,5968bcf26748,False,78c41e36e121b10342288e3606f54da4d6899004,fix: use xml-crypto 2.1.6 for passport-saml,Andrew Harper,anna51@example.com,2025-03-23T21:31:22-04:00,f90ea090a68041400713bb1335cabcb031a8ec9c,f101c54ec61467f51536de20699b7ba525d32b33
wiki1,wiki1,6,50,2154cd0f6c486edadca152ea254ad3768d8ae66c,2154cd0f6c48,False,a393f5f9bcab56590d03bd886ce8e05f05a64b89,docs: Update README.md,Andrew Harper,anna51@example.com,2025-03-31T03:50:08-04:00,5968bcf267482a1d1891ec0614ef19a10cea3cc3,857b8e8e654de9e790fc358655730bc3b9856d14
wiki1,wiki1,7,50,d622a8b976d0175aa8093e2f3eead8b111328b62,d622a8b976d0,False,7053819f358802091c5f49bef5b38a7b32714140,docs: Update README.md,Andrew Harper,anna51@example.com,2025-03-31T03:52:26-04:00,2154cd0f6c486edadca152ea254ad3768d8ae66c,ad1b8a40a1cdc598c988c6c98501e24260698a95
wiki1,wiki1,8,50,1107549282c8d3212d200703094e9457df2a0a24,1107549282c8,False,9bf9c8af4790051bf9563c4c68d2939ad39d5cdc,ci: Update build.yml,Andrew Harper,anna51@example.com,2025-03-31T03:55:18-04:00,d622a8b976d0175aa8093e2f3eead8b111328b62,cb4b2285819bf9f1bfd36eaf21b2d341e83d8b57
wiki1,wiki1,9,50,f09177dcc0edf43ba56d09b3d3dca00859d82191,f09177dcc0ed,False,41d3ba4312fa51f48f61f414599f39bb4fc92d01,chore(helm): render external database URL if it is set (#7036),Christopher Miller,hmcbride@example.net,2025-04-07T15:19:29+02:00,1107549282c8d3212d200703094e9457df2a0a24,5307bfd6c25ac7f8713ed3e0289624a31d444ad7
wiki1,wiki1,10,50,c2e1424a47ecc645b995b25253d5fc8405528927,c2e1424a47ec,False,d96bbaf42c792f26559540e609b859fa038766ce,docs: Update SECURITY.md,Andrew Harper,anna51@example.com,2025-06-10T14:45:46-04:00,f09177dcc0edf43ba56d09b3d3dca00859d82191,8a4b1dd07bdd4d8655e84484502624cb5eaf8486
wiki1,wiki1,11,50,c6cd3a4f822614bfd8f5334316af1a582c55f803,c6cd3a4f8226,False,07855ab329fc08b2e0428a0d8ceae72327d4439d,docs: Update README.md,Andrew Harper,anna51@example.com,2025-07-28T13:11:47-04:00,c2e1424a47ecc645b995b25253d5fc8405528927,a835cbd7bbccb023ae37f897b6e8a02383c76f7d
wiki1,wiki1,12,50,72ebd0fc04914390ae9a461f5067674a871609d6,72ebd0fc0491,False,86abfea7f6a9659a6b325e1a6b980c9c7ffbb696,fix: update dompurify dependency + add cross-env,Andrew Harper,anna51@example.com,2025-08-13T02:52:46-04:00,c6cd3a4f822614bfd8f5334316af1a582c55f803,1c8fceda33c17d960fe8fa308723fc0a62506304
wiki1,wiki1,13,50,945b703476b777949580bbfdc6684cba47e7f05d,945b703476b7,False,c093423307c9a24e89bb55088043e694fe31dbd8,feat: set groups based on Azure groups (#7736),Chad Cooper,zfrazier@example.com,2025-08-13T08:53:19+02:00,72ebd0fc04914390ae9a461f5067674a871609d6,3d50330426e43a32239008028c16ce8560df9590
wiki1,wiki1,14,50,40d6ac4288c3fb83f4726f7fe88e876d9e9751bb,40d6ac4288c3,False,1b6c67ee77b3ad3bf1b2cb3380c2a3eda28aa3f2,fix: force wrap for code blocks in print view,Andrew Harper,anna51@example.com,2025-08-13T03:03:35-04:00,945b703476b777949580bbfdc6684cba47e7f05d,f65e30787fa95fc2d6fada08ee4399f7c87a053c
wiki1,wiki1,15,50,6f2b9f656b67058095215537e6b183a9b0c15d30,6f2b9f656b67,False,cd77f361205a72efb47aa0d6d46c3646d1387484,fix: requests without user-agent causing error 500 (#7749),James Crawford,shawn13@example.org,2025-08-18T21:38:20-04:00,40d6ac4288c3fb83f4726f7fe88e876d9e9751bb,460ca8c8b43172cb3535bc5852c4896ebabf61ba
wiki1,wiki1,16,50,f2b134acb9907ba7e7aeea4828a5f98ec20f6f25,f2b134acb990,False,9f481221ab9b87eb0e1aa726f991ef0beba70fac,ci(helm): add custom environment variables to the deployment (#7784),Laura Clark,sharon53@example.net,2025-09-11T16:58:59Z,6f2b9f656b67058095215537e6b183a9b0c15d30,54558d7ea29f2f8a700741dd29131276dce91b22
wiki1,wiki1,17,50,0e5edadf37dd2107294174ed8b2e656a615dcb0a,0e5edadf37dd,False,b49c00226c3fa5837b955a7764ad0dd62cdb5955,fix: Add missing status code on unauthorized access (#7785),Kenneth Jones,tshaw@example.net,2025-09-24T13:06:37+09:00,f2b134acb9907ba7e7aeea4828a5f98ec20f6f25,9b5de3612abfab0edffd5f00986e1f357e4aa2c9
wiki1,wiki1,18,50,c473c2a5634c99a88a006d5df489eadbc26b2e95,c473c2a5634c,False,dd48f288272b42f74fcbbabc3becf714334fb277,docs: update README,Andrew Harper,anna51@example.com,2025-10-09T00:19:29-04:00,0e5edadf37dd2107294174ed8b2e656a615dcb0a,6babcb056946486482ee7488eddc2c703f195ae5
wiki1,wiki1,19,50,26d475d6b63d98e4b514ff4e0d94bc0d6ee62fa7,26d475d6b63d,False,54d21ae53827733f13d2d382ccf08e613bfcb2da,fix: add tor1 region to DigitalOcean spaces list (#7832),Michelle Powell,veronicajenkins@example.org,2025-10-28T13:39:14-04:00,c473c2a5634c99a88a006d5df489eadbc26b2e95,513ab669a97bfa785b59e27ebf55d8213db89d68
wiki1,wiki1,20,50,2a0d9a97bc6cdb89b79519c953d960b745a84833,2a0d9a97bc6c,False,407aacfa19021f4b9b4cbaa24fc9524e359b876f,fix(search): always ensure pg_trgm extension availability for PostgreSQL search (#7845),Lisa Jones,dyates@example.org,2025-11-13T20:27:26Z,26d475d6b63d98e4b514ff4e0d94bc0d6ee62fa7,5df9b76e63456c6e79737c82d2c57bae2a55f7c3
wiki1,wiki1,21,50,ce7211df8493cddb4d217b79c06fbdb7bdab23f8,ce7211df8493,False,a02e0131c1e2b8d77b11235846fd05d97b627c30,fix: enhance logging for Google and GitHub OAuth2 authentication (#7848),Rhonda Rose,elizabethcunningham@example.net,2026-01-01T07:14:14+05:30,2a0d9a97bc6cdb89b79519c953d960b745a84833,601ab6d6da11391f3bd7552e6fd653a63e6a9a00
wiki1,wiki1,22,50,66c09b0ebf4e2bb38afc10b147d2f47cbceb8231,66c09b0ebf4e,False,5c80184a1d5fff13a6b1026aebb2752b8d7aa655,feat: add support for database connection via socketPath when using mysql2 driver (#7839),Natalie Beasley,shawndalton@example.net,2026-01-01T02:53:47+01:00,ce7211df8493cddb4d217b79c06fbdb7bdab23f8,ffbfb18fe76de9361729f6e28699ae7faa1b8179
wiki1,wiki1,23,50,a7f392c1a3c6f0e4ae545cd14c9f59caf08090fe,a7f392c1a3c6,False,326974cdd5c7689e39ce2d9494f5144cb47f670e,fix(profile): Prevent autofill on header search bar (#7688),Kelsey Kennedy,scott77@example.net,2026-01-01T03:00:06+01:00,66c09b0ebf4e2bb38afc10b147d2f47cbceb8231,1ad9381d37f9cd487dcbdf0c66add4da28f29530
wiki1,wiki1,24,50,0d39cd3c7a7da0cdf5144ff1fda9870ca3f9c196,0d39cd3c7a7d,False,8b358fc264d32d9efcfd3edf5d2fe090bcd59058,fix: Update keycloak authentication definition hints (#7809),Heather Lopez,rpatrick@example.com,2026-01-01T02:02:42Z,a7f392c1a3c6f0e4ae545cd14c9f59caf08090fe,d6ba340a08785a468148e10dc63899eb0c5a6ec4
wiki1,wiki1,25,50,c0dca6fc273fcfc3e47b4f133f1016e4995add73,c0dca6fc273f,False,077ac97b2dc9824f09410d18494c60c7673bfe53,fix: add locale to home icon breadcrumb nav (#7825),Sonya Coleman,pwalker@example.net,2026-01-01T03:09:21+01:00,0d39cd3c7a7da0cdf5144ff1fda9870ca3f9c196,69a2965b250136b3a655769f13d0573e97e0596f
wiki1,wiki1,26,50,180b8fc03ee1e8dd0da2494fc23a3663b79a10fc,180b8fc03ee1,False,f68d1f60caeeecd77eaddf869d80dcb553a25482,fix: hide unfinished features,Erik Daugherty,tlynch@example.org,2026-01-03T02:30:55-05:00,c0dca6fc273fcfc3e47b4f133f1016e4995add73,39f7db157010be9d9b9318ace0539c6b2df9fe37
wiki1,wiki1,27,50,16ebbcb41a4af762aa48225f49591a9aa1db904c,16ebbcb41a4a,False,4eb9dabb63ff8aaea45fe5516040a123e8884dc1,refactor: update docker images to Node 24 and fix promisify calls,Erik Daugherty,tlynch@example.org,2026-01-03T03:03:15-05:00,180b8fc03ee1e8dd0da2494fc23a3663b79a10fc,49a368a56b8c927d389bcf20347bb7172a8d96ae
wiki1,wiki1,28,50,d95cdb95235ea988ae8d6ed0922f53f11f5a1ffa,d95cdb95235e,False,af839795ae405450571ea412a8007aa216cf53ac,chore: update dependencies,Erik Daugherty,tlynch@example.org,2026-01-03T03:27:51-05:00,16ebbcb41a4af762aa48225f49591a9aa1db904c,32f77cc7ad2ac1f3ef66f29c6f98cb5fa137c46f
wiki1,wiki1,29,50,27c260e61bebb6c38259aed836c59cd21ce29385,27c260e61beb,False,29c8671ab229141ff6df66a500cb62272329c76d,fix: breadcrumb path generation,Andrew Harper,anna51@example.com,2026-01-06T00:38:16-05:00,d95cdb95235ea988ae8d6ed0922f53f11f5a1ffa,67030f6b7fff4805e4f5b91008c124a75ff20fb1
wiki1,wiki1,30,50,1239abbb9b4d9668b075a1019b1eac8d89c6a660,1239abbb9b4d,False,028dcd5656ba20bfa2b00889dfb749e51baf006a,fix: use promisified pipeline from stream,Erik Daugherty,tlynch@example.org,2026-01-06T00:54:56-05:00,27c260e61bebb6c38259aed836c59cd21ce29385,aea025ea9b3e3d01178ae3e8ccaeea3b946be1bd
wiki1,wiki1,31,50,cd29bfdcadd32831bb3857036b677cbdff14a705,cd29bfdcadd3,False,b950e065e9b73d41b9d7ddbdb33765b170475c43,fix: stop dompurify from breaking draw.io diagrams (#7888),Amy Gallagher,richardsonchristopher@example.com,2026-01-06T22:56:35+01:00,1239abbb9b4d9668b075a1019b1eac8d89c6a660,d9f1c43d9ddd3c7f131669fedb73624a17e80a3b
wiki1,wiki1,32,50,f4a876940dcfc507e01382c4cfdf40900095ba92,f4a876940dcf,False,19c26e58c9f8483024a35a2be703ddd8526e1cd4,fix: handle breadcrumb locale prefix correctly,Erik Daugherty,tlynch@example.org,2026-01-08T03:00:47-05:00,cd29bfdcadd32831bb3857036b677cbdff14a705,42e4ef43a7b3a42f8c13a942dd3f96e2ad88bc50
wiki1,wiki1,33,50,af34203a26015abb734087114962e8f41a9ba57c,af34203a2601,False,857c1720b1d2b60955ef6e511d6035b2970c4536,fix: css editor in page properties dialog not loading,Erik Daugherty,tlynch@example.org,2026-01-08T03:04:21-05:00,f4a876940dcfc507e01382c4cfdf40900095ba92,d24148691598b366aefa822e4223baac90604f11
wiki1,wiki1,34,50,7dfde1c6096f9ab763d79f8a38399cbb081d265b,7dfde1c6096f,False,7d4627ba0bde5c2249e45001ca85bba0dfb02315,fix: rocketchat auth prototype pollution via userProfile function,Erik Daugherty,tlynch@example.org,2026-01-08T03:40:26-05:00,af34203a26015abb734087114962e8f41a9ba57c,cd5462e7a3b6fb0256aaaf08551cb893ed6ce788
wiki1,wiki1,35,50,c90884eef3265d147df2826c1f00d8ad86f354eb,c90884eef326,False,1d0d87af6e1932c2dddfa7819a6c5c12eaf03d9c,fix: add cookie secure flag when site is using https,Erik Daugherty,tlynch@example.org,2026-01-08T04:22:22-05:00,7dfde1c6096f9ab763d79f8a38399cbb081d265b,21958c4cdf5356c8e139b8215cccadae327dcdf5
wiki1,wiki1,36,50,ed9b9e6a5c2eb292a8a83f42a54398a7d2714f07,ed9b9e6a5c2e,False,85c304f583efed56a7ed249dc0e63a90d5722a23,fix: add cookie secure flag when site is using https (client-side),Erik Daugherty,tlynch@example.org,2026-01-08T04:49:09-05:00,c90884eef3265d147df2826c1f00d8ad86f354eb,031323c0108488594e19f390a408537b798e6b24
wiki1,wiki1,37,50,fbb71e1d95555919dc5dbd0a02b60f2e66329ac0,fbb71e1d9555,True,4d1e1c8a6cf2950f05d1c6e253a91bd42aed48a4,chore(auth): add login success logging for support,Andrew Harper,anna51@example.com,2025-03-31T06:58:29-04:00,ed9b9e6a5c2eb292a8a83f42a54398a7d2714f07,ea10aab529d2e569bfc010e941f847ce2e1a1a83
wiki1,wiki1,38,50,f8fba35c2c52911131f572e3dfe895f9bb35215a,f8fba35c2c52,False,9047c1ce37e808599e43263ec9097ca50b181974,fix: apply theme style to embedded diagram svg (#7903),Amy Gallagher,richardsonchristopher@example.com,2026-01-20T22:40:00+01:00,fbb71e1d95555919dc5dbd0a02b60f2e66329ac0,210141c68e35bdc840099bfa7160cd8a5626c03f
wiki1,wiki1,39,50,4a04bcada6a11fcde40eaad39e0904f2b0b98d8f,4a04bcada6a1,False,642472110a47d0268ce0aeb10182728a70633444,fix: diagram svg styling add `!important` qualifier for light scheme (#7905),Amy Gallagher,richardsonchristopher@example.com,2026-01-22T18:27:29+01:00,f8fba35c2c52911131f572e3dfe895f9bb35215a,6e00d427b7892c81b834ea0c91858951e9ff753d
wiki1,wiki1,40,50,2eab4e75a6dc624eee7e81c0ffe76480f6aa7668,2eab4e75a6dc,False,5dfc24536743832e57bc01a14ec50313f92ab2f4,feat: map OIDC/OAuth2 avatar claims to user pictureUrl (#7908),Jessica Rogers,cassandra33@example.net,2026-01-24T00:36:52+01:00,4a04bcada6a11fcde40eaad39e0904f2b0b98d8f,ea34ea8d0a9bb5b08b75bc2e89ea780458159ab7
wiki1,wiki1,41,50,cf32ca8f2f756d793931afd55afef9cb9cd32712,cf32ca8f2f75,False,e9fd18fb66097808a24002dca8cfb58c7fe229aa,fix: validate loginRedirect cookie to prevent open redirect (#7923),Tracey Higgins,brandi69@example.net,2026-02-12T02:27:36Z,2eab4e75a6dc624eee7e81c0ffe76480f6aa7668,5a6926da5a1dbc3a42cdd6afd8abc668ffed2e99
wiki1,wiki1,42,50,e5348c20a88cef40233a9b2531ee46f8cb22f14d,e5348c20a88c,True,86bf1407065daab88d6e8a931ea4b251aa990ab3,fix: authenticate GraphQL subscription WebSocket connections (#7922),Tracey Higgins,brandi69@example.net,2026-02-12T02:40:25Z,cf32ca8f2f756d793931afd55afef9cb9cd32712,db22783e8c3efe8d778b79df38810c43f64fd9b9
wiki1,wiki1,43,50,b023baafb2ea324f8470d42d65b0370ade36fdb2,b023baafb2ea,False,8fe38e3fbfb8621475fd71130352642051e6f134,fix(helm): Replace bitname PostgreSQL chart with custom statefulset (#7936),Andrew Harper,anna51@example.com,2026-02-22T00:04:24-05:00,e5348c20a88cef40233a9b2531ee46f8cb22f14d,9db13e48b47d6834bdb926a00e916f118f40c6fb
wiki1,wiki1,44,50,b37062c831c78cb11c043a661e7cde5c980c34e4,b37062c831c7,False,a3dbe4c393f158fd0d7a758746a61a02d38d7051,ci(helm): fix chart versioning,Andrew Harper,anna51@example.com,2026-02-22T00:13:49-05:00,b023baafb2ea324f8470d42d65b0370ade36fdb2,8ed391ffa4d63c6b439f53c2aab12dac91e02f7a
wiki1,wiki1,45,50,25ee4498a1977da6a1a0e91fe2d4ca84d5e6dea9,25ee4498a197,False,f365cd52bd321416f5950a4f6f9042ff6e2542c0,ci(helm): use prod chart,Andrew Harper,anna51@example.com,2026-02-22T00:22:00-05:00,b37062c831c78cb11c043a661e7cde5c980c34e4,be996c16df052bbf1fc5d1f8ebb45b35ae9cc678
wiki1,wiki1,46,50,ba33ef5628880a41375dd55c582194bcfd6af8b6,ba33ef562888,True,962f482a0c55b42a5d4bf49adaadfa98b5fc2681,ci: update packer definition,Erik Daugherty,tlynch@example.org,2026-02-26T04:42:58-05:00,25ee4498a1977da6a1a0e91fe2d4ca84d5e6dea9,fad4c3994eea402ff01aa380e9dd58c14463ea27
wiki1,wiki1,47,50,d13be536f85e1e8cf4627fe4eeeb1239826a3ebb,d13be536f85e,False,fe5d9d97399a08d0ffa670d485849f211e2d5497,ci: update packer build workflow,Erik Daugherty,tlynch@example.org,2026-02-26T04:51:10-05:00,ba33ef5628880a41375dd55c582194bcfd6af8b6,1d179c2af08ded397c00ffde43a73efa0703dcd2
wiki1,wiki1,48,50,126470cc27d79862885ba02d85454ae2ab63ca65,126470cc27d7,False,53968fc746adf22de3742e695bd7e42e7ccad140,ci: fix packer docker script,Erik Daugherty,tlynch@example.org,2026-02-26T04:59:50-05:00,d13be536f85e1e8cf4627fe4eeeb1239826a3ebb,d7a676b1c64162018c8cceb231160bf6fe0b0e5c
wiki1,wiki1,49,50,fb58baa4c87dbbb4b1daf4461a70dd005f99a508,fb58baa4c87d,True,0b4934e9f99b248a39134d440ddf121d7705da6c,fix: enforce server date bounds for upgrade compatibility,Erik Daugherty,tlynch@example.org,2026-02-26T05:09:56-05:00,126470cc27d79862885ba02d85454ae2ab63ca65,8860c8810a4381ca4055afd18f7d6078e349cb60
wiki1,wiki1,50,50,1514de3dc230c166609eafe91d44cbcc9459e4f3,1514de3dc230,False,474534d846e31220bb5aee682d736af96c6c3279,ci: purge droplet-agent in packer cleanup script,Erik Daugherty,tlynch@example.org,2026-02-26T05:10:46-05:00,fb58baa4c87dbbb4b1daf4461a70dd005f99a508,b3cbe2a5b8042ccdc2a16824eae5cb4a8f39f299
rich,rich,1,1,cb7102be2a2afddab78b29c7ead1792fbd92dfe6,cb7102be2a2a,True,5fda4ac36bacf3e0e965be58fc538772044122a1,update,Cory Summers,vgutierrez@example.org,2026-03-19T15:33:09+02:00,c31ff8e47057f1e91eed316969b9e3a22d117632,cfe375055ea2968b56c001bdb3d0479599761785
mapstore2,PrivateSupplyChainDataset-MapStore2,1,20,1e7df5a9699b2195d00cc3ac05fbf0a1b77807e6,1e7df5a9699b,False,dea79768b412c84055d39a87c75cb5f024c55b06,feat: add scale-aware label rendering for vector layers,Valerie Anderson,ustanley@example.com,2026-03-15T16:15:27+02:00,35f49403de18dd7b8d6c0ce6dc6735f6c5364c9d,15384a8dc210e28ffa6ea1beb0633a0fffe1fc7a
mapstore2,PrivateSupplyChainDataset-MapStore2,2,20,a58c88fea1a5708931186961a460eb73bb9c95b2,a58c88fea1a5,True,08307529c378d9b570d123231c16da8951891880,fix: normalize coordinate precision to avoid floating point drift,Valerie Anderson,ustanley@example.com,2026-03-15T16:15:49+02:00,1e7df5a9699b2195d00cc3ac05fbf0a1b77807e6,5c50043773dcc02093155c7db5c7104439811f7f
mapstore2,PrivateSupplyChainDataset-MapStore2,3,20,a01d5472fa7b7cdae19ac48b7596feedcd85cb2d,a01d5472fa7b,False,a3ca490e372ab22d4d680dcad25e797efb249f47,feat: add distance measurement tool (ruler),Valerie Anderson,ustanley@example.com,2026-03-15T16:16:16+02:00,a58c88fea1a5708931186961a460eb73bb9c95b2,7d4253ae017c1b17053372ae87d6fc9171efe952
mapstore2,PrivateSupplyChainDataset-MapStore2,4,20,1b2d8d5b0f50ffda55d53bf9948ef70abfa43a4e,1b2d8d5b0f50,False,770d1069a84484816af89b769e05f125de5ce55e,refactor: move feature geometry helpers into GeometryUtils,Valerie Anderson,ustanley@example.com,2026-03-15T16:16:41+02:00,a01d5472fa7b7cdae19ac48b7596feedcd85cb2d,826d6eb40e3fd1a0bd5ee09ebab388c4f01dbe3d
mapstore2,PrivateSupplyChainDataset-MapStore2,5,20,86f9040b513297de98e2ba3efe7f8f87e88506c1,86f9040b5132,False,dae5cf2d3c6a1a0744f45df8e2526ce32d3e1e29,feat: add WFS-T attribute editing support,Valerie Anderson,ustanley@example.com,2026-03-15T16:17:14+02:00,1b2d8d5b0f50ffda55d53bf9948ef70abfa43a4e,846b4852c6b3ad79dbf762b00bdb62426ce7abf8
mapstore2,PrivateSupplyChainDataset-MapStore2,6,20,7151d24471999ebc9b57f7e7f49119ed53516f92,7151d2447199,True,f678c151fc83ede03e6cfffcae619373f6da9511,fix: apply coordinate normalization in GeoJSON feature rendering,Valerie Anderson,ustanley@example.com,2026-03-15T16:17:37+02:00,86f9040b513297de98e2ba3efe7f8f87e88506c1,8e445dd8c36141e64ca61924e39bf6a60cb601d9
mapstore2,PrivateSupplyChainDataset-MapStore2,7,20,efe15e9c70a23b0bc66d355fe6a9f98be87df504,efe15e9c70a2,False,8396595047e1d493cdf0125b79f5d9c5e1817098,feat: add print/export layout manager,Valerie Anderson,ustanley@example.com,2026-03-15T16:18:07+02:00,7151d24471999ebc9b57f7e7f49119ed53516f92,060e6e0967d05886b9a2f5086cef691f7eeb33d3
mapstore2,PrivateSupplyChainDataset-MapStore2,8,20,b2633f3d2df7d9ed6e3c97d59697a00df7f5c7ff,b2633f3d2df7,False,1e4b349117e0ceb0b449bde88fd9a2afc16b09ac,test: add unit tests for geometry utilities,Valerie Anderson,ustanley@example.com,2026-03-15T16:18:31+02:00,efe15e9c70a23b0bc66d355fe6a9f98be87df504,0191625b5439b63f0d43aa040b308c1461cdca6f
mapstore2,PrivateSupplyChainDataset-MapStore2,9,20,5e9efd62cde625d32aaa5b5660fd9139cdb68510,5e9efd62cde6,False,767816ae239b6153ada2d6964b921375b395e7f3,fix: handle null geometry in feature rendering,Valerie Anderson,ustanley@example.com,2026-03-15T16:18:51+02:00,b2633f3d2df7d9ed6e3c97d59697a00df7f5c7ff,5d76cbe448f20a38a5068bb65cbd3ebbb9bad3bd
mapstore2,PrivateSupplyChainDataset-MapStore2,10,20,7273ad643816cbabc4f10765ac2434b81387e82a,7273ad643816,False,03b2732a2e8d4b48cf998be2223ec6ce44c9aa8b,feat: add style editor for polygon fill and stroke,Valerie Anderson,ustanley@example.com,2026-03-15T16:19:20+02:00,5e9efd62cde625d32aaa5b5660fd9139cdb68510,8e0e6a2e92b2f699cf653c7ce288cc4edb750992
mapstore2,PrivateSupplyChainDataset-MapStore2,11,20,2268ebf4102c2f85ad801f7334ca55d82995cd04,2268ebf4102c,False,26731ac76ed8d666741eac86e2d6fbf4e86de9f3,fix: correct antimeridian wrapping for MultiPolygon features,Valerie Anderson,ustanley@example.com,2026-03-15T16:19:44+02:00,7273ad643816cbabc4f10765ac2434b81387e82a,2ef4df450ff5739369b6e4b0389cff88ec96e09b
mapstore2,PrivateSupplyChainDataset-MapStore2,12,20,1b1a657cbad2bacbbbad9e405917f12c75ee9216,1b1a657cbad2,True,fb865301a19cfd9467c88b430766f54a276145cb,perf: batch coordinate stabilization in vector tile rendering,Valerie Anderson,ustanley@example.com,2026-03-15T16:20:17+02:00,2268ebf4102c2f85ad801f7334ca55d82995cd04,c113b9a5e5d8fbb14f8ac3fc5b31b8672138a45d
mapstore2,PrivateSupplyChainDataset-MapStore2,13,20,3282e6b782afc1cf45e39811a967b1b84f92d18b,3282e6b782af,False,5511926b278080887b33c5ef504962eff9fad1ee,docs: document coordinate pipeline and precision model,Valerie Anderson,ustanley@example.com,2026-03-15T16:21:01+02:00,1b1a657cbad2bacbbbad9e405917f12c75ee9216,30a2b4b8ea7f4533b7672ce86072fbc294aead23
mapstore2,PrivateSupplyChainDataset-MapStore2,14,20,5d32d0007d2a1434ca5e6b3025a345ef1cb60155,5d32d0007d2a,False,3de1e375016ad756a642b34c1c94347119286766,feat: add bookmark manager for saved map views,Valerie Anderson,ustanley@example.com,2026-03-15T16:21:36+02:00,3282e6b782afc1cf45e39811a967b1b84f92d18b,ac2faa14049125b373a703ef78d88c395e05c8bf
mapstore2,PrivateSupplyChainDataset-MapStore2,15,20,bb38e9c7423104d40a88a6848b12976c13a39620,bb38e9c74231,False,9855e0c90f48c01b19c76583ff503639781d3633,chore: update CHANGELOG and bump patch version to 0.13.1,Valerie Anderson,ustanley@example.com,2026-03-15T16:21:57+02:00,5d32d0007d2a1434ca5e6b3025a345ef1cb60155,36c5f9127dc4933ab65c9cfb3299eee9e9bd3e77
mapstore2,PrivateSupplyChainDataset-MapStore2,16,20,9ecf54c0469143eeccd55418ae8f9e110d95dcc2,9ecf54c04691,False,00c43161594a8c97cbdb46b83523f8dc138cc38d,feat: add keyboard shortcuts for map tool switching,Valerie Anderson,ustanley@example.com,2026-03-15T16:22:21+02:00,bb38e9c7423104d40a88a6848b12976c13a39620,fe3b6cdd5023b2d4a96fab49a27def37624e0792
mapstore2,PrivateSupplyChainDataset-MapStore2,17,20,0865a40d089ef199b594952621e8581fb5259793,0865a40d089e,False,9e16d180221d1f0d8e770faa19519f77507e0506,fix: correct URL encoding for WMS GetMap requests with special characters,Valerie Anderson,ustanley@example.com,2026-03-15T16:22:51+02:00,9ecf54c0469143eeccd55418ae8f9e110d95dcc2,6752dc25b883241c889945ca5eac73ec4e93f615
mapstore2,PrivateSupplyChainDataset-MapStore2,18,20,1f99b47971bcc5f30e14331ddd4f9db69501fb10,1f99b47971bc,False,b4fe05f93c12204759ef6938d438dce715baf936,fix: add tile-boundary snap guard for external WFS coordinates,Valerie Anderson,ustanley@example.com,2026-03-15T16:23:28+02:00,0865a40d089ef199b594952621e8581fb5259793,1bb9d36c65e31deb9ea3d5a1d1043ad8a2d8f8ef
mapstore2,PrivateSupplyChainDataset-MapStore2,19,20,ccd70153d30b6e3b39ed99aab31b234e91c84a65,ccd70153d30b,False,fde90ce2450802388316666c75aac516bcd20261,fix: add expect import to GeometryUtils tests; handle GeometryCollection in stabilizeGeometry,Valerie Anderson,ustanley@example.com,2026-03-15T16:41:14+02:00,1f99b47971bcc5f30e14331ddd4f9db69501fb10,fbf4648934780e50af76ca7e222c99dcf7674e80
mapstore2,PrivateSupplyChainDataset-MapStore2,20,20,0e9ef2c6b5f39b7d4757a09fb6bf69c3637cf904,0e9ef2c6b5f3,False,23c8fb10125e2a76d119ebce7bafb3a48fb47906,fix: harden stabilizeCoord against malformed coordinates and non-array input,Valerie Anderson,ustanley@example.com,2026-03-15T16:53:50+02:00,ccd70153d30b6e3b39ed99aab31b234e91c84a65,df1a4cb5dde9e563bec7692b6210ba1022b63b64
